kind,etag,id,snippet.publishedAt,snippet.channelId,snippet.title,snippet.description,snippet.thumbnails.default.url,snippet.thumbnails.default.width,snippet.thumbnails.default.height,snippet.thumbnails.medium.url,snippet.thumbnails.medium.width,snippet.thumbnails.medium.height,snippet.thumbnails.high.url,snippet.thumbnails.high.width,snippet.thumbnails.high.height,snippet.channelTitle,snippet.categoryId,snippet.liveBroadcastContent,snippet.localized.title,snippet.localized.description,contentDetails.duration,contentDetails.dimension,contentDetails.definition,contentDetails.caption,contentDetails.licensedContent,contentDetails.projection,status.uploadStatus,status.privacyStatus,status.license,status.embeddable,status.publicStatsViewable,status.madeForKids,statistics.viewCount,statistics.favoriteCount,statistics.commentCount,snippet.thumbnails.standard.url,snippet.thumbnails.standard.width,snippet.thumbnails.standard.height,snippet.tags,snippet.defaultAudioLanguage,statistics.likeCount,snippet.thumbnails.maxres.url,snippet.thumbnails.maxres.width,snippet.thumbnails.maxres.height,snippet.defaultLanguage,contentDetails.regionRestriction.blocked
youtube#video,G_y3BN4viPh5wUThiDFNSxmtShk,14MRcugJaNQ,2021-09-02T09:26:06Z,UCCSGv7oSgV4Srzq-tTfCFgg,Amber heard üî•-full screen Attitude WhatsApp Status #shorts#killer#trending#popular#instsreels#bgm,,https://i.ytimg.com/vi/14MRcugJaNQ/default.jpg,120,90,https://i.ytimg.com/vi/14MRcugJaNQ/mqdefault.jpg,320,180,https://i.ytimg.com/vi/14MRcugJaNQ/hqdefault.jpg,480,360,The Predator Vibes,24,none,Amber heard üî•-full screen Attitude WhatsApp Status #shorts#killer#trending#popular#instsreels#bgm,,PT31S,2d,hd,false,False,rectangular,processed,public,youtube,True,True,False,44,0,0,,,,,,,,,,,
youtube#video,s7Up2LwyfJrJI2tlagGXfcjszFE,1c5CYCH21yI,2020-05-19T13:31:53Z,UCeooMl4PFAM9kLPHvavt2KQ,Amber Heard‚Äôs Case HIT Hard! Johnny‚Äôs Exe‚Äôs Statements Officially Evidence!,"Amber Heard‚Äôs Case HIT Hard! Johnny‚Äôs Ex‚Äôs Statements Officially Evidence!

My Patreon! Starting at $1.00! https://www.patreon.com/user?u=11797644

MY TWITTER: @EnterHacker
MAIL ME: campsmithmedia@gmail.com

https://christhead.bandcamp.com/releases Chirst Head Album Here!

Patreon Channels! CHECK THEM OUT!


Adega's Book: https://www.amazon.com/Evolution-Adega/dp/1645305953/ref=sr_1_1?crid=3GE2MYD9LNPMO&keywords=evolution+by+adega&qid=1584844229&sprefix=Evolution+by+%2Caps%2C247&sr=8-1

TitozWorld Channel : https://www.youtube.com/watch?v=2WALmC4JcoA

Teresa Martin : https://www.youtube.com/channel/UCOtslVrAWs_pdhaqqkJ1iyw

TEE SPRING! I have merch. Prices are standard TeeSpring for now.

https://teespring.com/stores/hacker-goods",https://i.ytimg.com/vi/1c5CYCH21yI/default.jpg,120,90,https://i.ytimg.com/vi/1c5CYCH21yI/mqdefault.jpg,320,180,https://i.ytimg.com/vi/1c5CYCH21yI/hqdefault.jpg,480,360,eHacker,24,none,Amber Heard‚Äôs Case HIT Hard! Johnny‚Äôs Exe‚Äôs Statements Officially Evidence!,"Amber Heard‚Äôs Case HIT Hard! Johnny‚Äôs Ex‚Äôs Statements Officially Evidence!

My Patreon! Starting at $1.00! https://www.patreon.com/user?u=11797644

MY TWITTER: @EnterHacker
MAIL ME: campsmithmedia@gmail.com

https://christhead.bandcamp.com/releases Chirst Head Album Here!

Patreon Channels! CHECK THEM OUT!


Adega's Book: https://www.amazon.com/Evolution-Adega/dp/1645305953/ref=sr_1_1?crid=3GE2MYD9LNPMO&keywords=evolution+by+adega&qid=1584844229&sprefix=Evolution+by+%2Caps%2C247&sr=8-1

TitozWorld Channel : https://www.youtube.com/watch?v=2WALmC4JcoA

Teresa Martin : https://www.youtube.com/channel/UCOtslVrAWs_pdhaqqkJ1iyw

TEE SPRING! I have merch. Prices are standard TeeSpring for now.

https://teespring.com/stores/hacker-goods",PT8M13S,2d,hd,false,True,rectangular,processed,public,youtube,True,True,False,10312,0,130,https://i.ytimg.com/vi/1c5CYCH21yI/sddefault.jpg,640.0,480.0,"['johnny depp amber heard', 'amber heard johnny depp audio', 'amber heard aquaman', 'amber heard aquaman 2', 'amber heard', 'amber heard johnny depp', 'johnny depp', 'amber heard audio', 'amber heard vs johnny depp', 'justice for johnny depp', 'johnny depp lawsuit', 'amber heard instagram', 'amber heard twitter']",en-US,466,,,,,
youtube#video,f6TUIQYPYoc0HHH3cb41Reg1L-M,1KczxLhzzl0,2020-09-17T14:46:23Z,UCG2QYlhnYYxksvv6ve11ijw,Who Is Johnny Depp Dating Now ?,Johnny Depp has moved on from Amber Heard. Now he has a new woman in his life. Who is it? How did they meet ? How old is she? What does she do? All that is answered in this video.,https://i.ytimg.com/vi/1KczxLhzzl0/default.jpg,120,90,https://i.ytimg.com/vi/1KczxLhzzl0/mqdefault.jpg,320,180,https://i.ytimg.com/vi/1KczxLhzzl0/hqdefault.jpg,480,360,Rob's Rules,24,none,Who Is Johnny Depp Dating Now ?,Johnny Depp has moved on from Amber Heard. Now he has a new woman in his life. Who is it? How did they meet ? How old is she? What does she do? All that is answered in this video.,PT6M26S,2d,hd,false,True,rectangular,processed,public,youtube,True,True,False,3815,0,176,https://i.ytimg.com/vi/1KczxLhzzl0/sddefault.jpg,640.0,480.0,"['johnny depp', 'johnny depp girlfriend', 'justice for johnny depp', 'johnny depp new girlfriend', 'girls johnny depp has dated', 'stories about celebrities', 'rumour juice', 'about celebrities', 'johnny depp girlfriends list', 'does johnny depp have a girlfriend', 'who is johnny depp dating', 'johnny depp dating history', 'his book of love', ""johnny depp's new girlfriend""]",en,132,https://i.ytimg.com/vi/1KczxLhzzl0/maxresdefault.jpg,1280.0,720.0,,
youtube#video,aKnA4ggUnB_wGHETw5wEI5JSi6c,5FzVs4S0oG0,2014-02-24T06:00:25Z,UCk2aibEfN8HKBNPyJKYcE7g,3 Days to Kill Review,"3 Days to Kill
Directed by: McG
Starring: Kevin Kostner, Amber Heard, Hailee Steinfeld

3 Days to Kill Review
By:5 Factor Movie Reviews
From: Mirror Domains Productions",https://i.ytimg.com/vi/5FzVs4S0oG0/default.jpg,120,90,https://i.ytimg.com/vi/5FzVs4S0oG0/mqdefault.jpg,320,180,https://i.ytimg.com/vi/5FzVs4S0oG0/hqdefault.jpg,480,360,Mirror Domains,24,none,3 Days to Kill Review,"3 Days to Kill
Directed by: McG
Starring: Kevin Kostner, Amber Heard, Hailee Steinfeld

3 Days to Kill Review
By:5 Factor Movie Reviews
From: Mirror Domains Productions",PT4M14S,2d,hd,false,True,rectangular,processed,public,youtube,True,False,False,35,0,0,https://i.ytimg.com/vi/5FzVs4S0oG0/sddefault.jpg,640.0,480.0,"['3 days to Kill Review', 'Mirrordomains', 'Mirror Domains', 'Kevin Kostner', 'Amber Heard']",,2,https://i.ytimg.com/vi/5FzVs4S0oG0/maxresdefault.jpg,1280.0,720.0,,
youtube#video,vFI7FA0ytZSYBZxOpsOBxOWITlI,8AYrTyWcIQg,2018-07-06T12:00:03Z,UCpVm7bg6pXKo1Pr6k5kxG9A,This Russian City is the Amber Capital of the World | National Geographic,"Ninety percent of the world‚Äôs supply of precious gemstone amber comes from Kaliningrad, Russia. During his World Cup tour of Russia, National Geographic reporter Sergey Gordeev visits the city‚Äôs amber museum and visits a jeweler to see the gemstone fashioned into a custom piece of World Cup-themed jewelry.
‚û° Subscribe: http://bit.ly/NatGeoSubscribe

About National Geographic:
National Geographic is the world's premium destination for science, exploration, and adventure. Through their world-class scientists, photographers, journalists, and filmmakers, Nat Geo gets you closer to the stories that matter and past the edge of what's possible.

Get More National Geographic:
Official Site: http://bit.ly/NatGeoOfficialSite
Facebook: http://bit.ly/FBNatGeo
Twitter: http://bit.ly/NatGeoTwitter
Instagram: http://bit.ly/NatGeoInsta

This Russian City is the Amber Capital of the World | National Geographic
https://youtu.be/8AYrTyWcIQg

National Geographic
https://www.youtube.com/natgeo",https://i.ytimg.com/vi/8AYrTyWcIQg/default.jpg,120,90,https://i.ytimg.com/vi/8AYrTyWcIQg/mqdefault.jpg,320,180,https://i.ytimg.com/vi/8AYrTyWcIQg/hqdefault.jpg,480,360,National Geographic,19,none,This Russian City is the Amber Capital of the World | National Geographic,"Ninety percent of the world‚Äôs supply of precious gemstone amber comes from Kaliningrad, Russia. During his World Cup tour of Russia, National Geographic reporter Sergey Gordeev visits the city‚Äôs amber museum and visits a jeweler to see the gemstone fashioned into a custom piece of World Cup-themed jewelry.
‚û° Subscribe: http://bit.ly/NatGeoSubscribe

About National Geographic:
National Geographic is the world's premium destination for science, exploration, and adventure. Through their world-class scientists, photographers, journalists, and filmmakers, Nat Geo gets you closer to the stories that matter and past the edge of what's possible.

Get More National Geographic:
Official Site: http://bit.ly/NatGeoOfficialSite
Facebook: http://bit.ly/FBNatGeo
Twitter: http://bit.ly/NatGeoTwitter
Instagram: http://bit.ly/NatGeoInsta

This Russian City is the Amber Capital of the World | National Geographic
https://youtu.be/8AYrTyWcIQg

National Geographic
https://www.youtube.com/natgeo",PT2M16S,2d,hd,false,True,rectangular,processed,public,youtube,True,False,False,30380,0,46,https://i.ytimg.com/vi/8AYrTyWcIQg/sddefault.jpg,640.0,480.0,"['national geographic', 'nat geo', 'natgeo', 'science', 'explore', 'discover', 'survival', 'nature', 'documentary', 'Russia', 'FIFA', 'World Cup', 'Sergey Gordeev', 'amber', 'mining', 'gemstones', 'kaliningrad', 'Ninety percent', 'world‚Äôs supply', 'precious gemstone', 'tour of Russia', 'reporter', 'city‚Äôs amber museum', 'amber museum', 'jeweler', 'gemstone fashioned', 'custom piece', 'themed jewelry', 'World Cup-themed', 'Russian City', 'Amber Capital', 'PLivjPDlt6ApS5FeUq8c-I7WWPVx3W0blc', 'PLivjPDlt6ApRiBHpsyXWG22G8RPNZ6jlb', 'PLivjPDlt6ApRfQqtRw7JkGCLvezGeMBB2']",en,959,https://i.ytimg.com/vi/8AYrTyWcIQg/maxresdefault.jpg,1280.0,720.0,,
youtube#video,SwiKtwrnQSslJnPESJIkVGdhh-8,8P4-Vl9UGxc,2020-09-04T17:00:11Z,UC-NINtNMPM75eaqh07RCy_Q,Johnny Depp VS Amber Heard Just Got UGLY I Bella Thorne Lied I The Rock,"Johnny Depp VS Amber Heard Just Got UGLY I Bella Thorne Lied I The Rock 
Subscribe To InformOverload: http://bit.ly/2xB5CqA
New Channel | Top 10 Central DARK: https://bit.ly/32k64cW

The legal battle between Johnny Depp and Amber heard just got a while lot uglier.  Bella Thorne was exposed for lying, and Dwayne The Rock Johnson has announced he and his entire family have COVID. Plus some updates on the biggest news stories trending this week, coming right up on the weekly round up. 

#johnnydepp #amberheard #bellathorne #therock #dwaynejohnson #bellathorneonlyfans #onlyfans #justiceforjohnnydepp #justiceforjohnny #IO #informoverload



More iO Vids üëá
https://www.youtube.com/watch?v=KTBhBQvgUoA&list=PLJwoOv1yyb46XC4LbE1ruNJF3gS1UWA30

------------------------------------
STORY LINKS:
https://bit.ly/2EP8999
https://bit.ly/2Z8UiRL
https://bit.ly/32Z9qSN
https://bit.ly/2QUUFuL
https://bit.ly/3gTzVOE
https://bit.ly/31Y9mDw
https://bit.ly/3i3hNTG
https://bit.ly/3jNnPIy
------------------------------------

CONNECT WITH US:

Instagram: http://instagram.com/informoverload
Twitter: https://twitter.com/informoverload?

For business inquiries, please contact informoverload@gmail.com

------------------------------------

IN THIS VIDEO:

Charlotte Dobre: http://instagram.com/charlaychaplin
Johnny Rogers: https://www.instagram.com/thejohnnyrogers/
Jarred Bronstein:  http://instagram.com/Bronst7
Mackenzie Smith: http://instagram.com/mackenziesmitth\


------------------------------------
PRODUCER & FILMED BY:
Chris Stiuso
------------------------------------

VIDEO EDITED BY:
Paul Dzioba: https://www.instagram.com/pashka_to",https://i.ytimg.com/vi/8P4-Vl9UGxc/default.jpg,120,90,https://i.ytimg.com/vi/8P4-Vl9UGxc/mqdefault.jpg,320,180,https://i.ytimg.com/vi/8P4-Vl9UGxc/hqdefault.jpg,480,360,InformOverload,27,none,Johnny Depp VS Amber Heard Just Got UGLY I Bella Thorne Lied I The Rock,"Johnny Depp VS Amber Heard Just Got UGLY I Bella Thorne Lied I The Rock 
Subscribe To InformOverload: http://bit.ly/2xB5CqA
New Channel | Top 10 Central DARK: https://bit.ly/32k64cW

The legal battle between Johnny Depp and Amber heard just got a while lot uglier.  Bella Thorne was exposed for lying, and Dwayne The Rock Johnson has announced he and his entire family have COVID. Plus some updates on the biggest news stories trending this week, coming right up on the weekly round up. 

#johnnydepp #amberheard #bellathorne #therock #dwaynejohnson #bellathorneonlyfans #onlyfans #justiceforjohnnydepp #justiceforjohnny #IO #informoverload



More iO Vids üëá
https://www.youtube.com/watch?v=KTBhBQvgUoA&list=PLJwoOv1yyb46XC4LbE1ruNJF3gS1UWA30

------------------------------------
STORY LINKS:
https://bit.ly/2EP8999
https://bit.ly/2Z8UiRL
https://bit.ly/32Z9qSN
https://bit.ly/2QUUFuL
https://bit.ly/3gTzVOE
https://bit.ly/31Y9mDw
https://bit.ly/3i3hNTG
https://bit.ly/3jNnPIy
------------------------------------

CONNECT WITH US:

Instagram: http://instagram.com/informoverload
Twitter: https://twitter.com/informoverload?

For business inquiries, please contact informoverload@gmail.com

------------------------------------

IN THIS VIDEO:

Charlotte Dobre: http://instagram.com/charlaychaplin
Johnny Rogers: https://www.instagram.com/thejohnnyrogers/
Jarred Bronstein:  http://instagram.com/Bronst7
Mackenzie Smith: http://instagram.com/mackenziesmitth\


------------------------------------
PRODUCER & FILMED BY:
Chris Stiuso
------------------------------------

VIDEO EDITED BY:
Paul Dzioba: https://www.instagram.com/pashka_to",PT14M36S,2d,hd,false,True,rectangular,processed,public,youtube,True,True,False,140496,0,713,https://i.ytimg.com/vi/8P4-Vl9UGxc/sddefault.jpg,640.0,480.0,"['io', 'informoverload', 'Johnny Depp', 'Amber Heard', 'Bella Throne', 'Only Fans', 'Bella Thorne Onlyfans', 'Onlyfans', 'Bella Thorne Only Fans', 'Dwayne The Rock Johnson', 'The Rock', 'Dwayne Johnson', 'AngryReactions', 'amber heard johnny depp', 'johnny depp amber heard', 'johnny depp movies', 'amber heard johnny depp audio', 'johnny depp amber heard audio', 'johnny depp defamation', 'johnny depp news', 'johnny depp trial', 'johnny depp vs amber heard', 'justice for johnny depp', 'amber heard and johnny depp']",en-CA,6301,https://i.ytimg.com/vi/8P4-Vl9UGxc/maxresdefault.jpg,1280.0,720.0,,
youtube#video,OAGahBm3GfUHILssTP8WXbdsAf8,AtvngeXhu8E,2019-07-22T12:30:00Z,UCcvNYxWXR_5TjVK7cSCdW-g,Laung Laachi Full Movie | Ammy Virk | Neeru Bajwa | Amberdeep Singh | Latest Punjabi Movie,"Laung Laachi is a latest Punjabi movie in which a recently married husband and wife play a strange game with each other. They decide to live under the same roof as strangers and the husband tries winning her love back. But will he be successful in his endeavor or do they remain alienated forever, Amberdeep Singh has played the husband's character Mehnga and Neeru Bajwa is his wife Laachi. Both like each other as Mehnga is very caring and love his wife and wants to keep his wife happy in all situations. Laachi is a loving girl who likes singing and dancing and even on their wedding night, she ends up singing songs for the guests.

The punjabi movie starring Ammy Virk, Neeru Bajwa, Amberdeep Singh in lead roles.
---------------------------------------------------------------
Connect with T-SERIES APNAPUNJAB
----------------------------------------------------------------
For Latest Punjabi video's and songs stay connected with us!! 
SUBSCRIBE - http://www.youtube.com/tseriesapnapunjab
LIKE US - http://www.facebook.com/tseriesapnapunjab
Instagram - https://www.instagram.com/tseries.official",https://i.ytimg.com/vi/AtvngeXhu8E/default.jpg,120,90,https://i.ytimg.com/vi/AtvngeXhu8E/mqdefault.jpg,320,180,https://i.ytimg.com/vi/AtvngeXhu8E/hqdefault.jpg,480,360,T-Series Apna Punjab,10,none,Laung Laachi Full Movie | Ammy Virk | Neeru Bajwa | Amberdeep Singh | Latest Punjabi Movie,"Laung Laachi is a latest Punjabi movie in which a recently married husband and wife play a strange game with each other. They decide to live under the same roof as strangers and the husband tries winning her love back. But will he be successful in his endeavor or do they remain alienated forever, Amberdeep Singh has played the husband's character Mehnga and Neeru Bajwa is his wife Laachi. Both like each other as Mehnga is very caring and love his wife and wants to keep his wife happy in all situations. Laachi is a loving girl who likes singing and dancing and even on their wedding night, she ends up singing songs for the guests.

The punjabi movie starring Ammy Virk, Neeru Bajwa, Amberdeep Singh in lead roles.
---------------------------------------------------------------
Connect with T-SERIES APNAPUNJAB
----------------------------------------------------------------
For Latest Punjabi video's and songs stay connected with us!! 
SUBSCRIBE - http://www.youtube.com/tseriesapnapunjab
LIKE US - http://www.facebook.com/tseriesapnapunjab
Instagram - https://www.instagram.com/tseries.official",PT2H17M55S,2d,hd,true,True,rectangular,processed,public,youtube,True,False,False,25644013,0,5443,https://i.ytimg.com/vi/AtvngeXhu8E/sddefault.jpg,640.0,480.0,"['laung laachi full movie', 'laung laachi', 'neeru bajwa', 'ammy virk movie', 'new punjabi movie 2019', 'laung laachi punjabi full movie', 'laung laachi full movie ammy virk', 'Ammy Virk', 'Neeru Bajwa', 'Amberdeep Singh', 'laung laachi full movie 2018', 'laung laachi full movie 2018 punjabi', 'laung laachi full hd punjabi movie 2018', 'laung laachi full movie hd', 'latest punjabi movie', 'new punjabi movie', 'punjabi movies 2018 full movie', 'punjabi movies']",pa,176809,https://i.ytimg.com/vi/AtvngeXhu8E/maxresdefault.jpg,1280.0,720.0,,
youtube#video,RDWeWN1tdXzm3acs8eUjyM75AtU,bep-jhDp25E,2019-04-26T06:54:53Z,UCVBZ7bN9BPx3LkMkWSMQL1g,Johnny Depp a retrouv√© l'amour‚ÄØ? L'acteur rep√©r√© avec une danseuse russe de 20 ans,"Trois apr√®s sa rupture avec Amber Heard, il semble que Johnny Depp a retrouv√© l‚Äôamour. L‚Äôacteur de Pirates des Cara√Øbes partagerait sa vie avec une jeune danseuse russe rencontr√©e l‚Äôan dernier √† Los Angeles. 
Source: http://www.gala.fr/l_actu/news_de_stars/johnny-depp-a-retrouve-lamour-lacteur-repere-avec-une-danseuse-russe-de-20-ans_428870 
Subscribe: https://goo.gl/N5Xus5",https://i.ytimg.com/vi/bep-jhDp25E/default.jpg,120,90,https://i.ytimg.com/vi/bep-jhDp25E/mqdefault.jpg,320,180,https://i.ytimg.com/vi/bep-jhDp25E/hqdefault.jpg,480,360,Celebrity News,24,none,Johnny Depp a retrouv√© l'amour‚ÄØ? L'acteur rep√©r√© avec une danseuse russe de 20 ans,"Trois apr√®s sa rupture avec Amber Heard, il semble que Johnny Depp a retrouv√© l‚Äôamour. L‚Äôacteur de Pirates des Cara√Øbes partagerait sa vie avec une jeune danseuse russe rencontr√©e l‚Äôan dernier √† Los Angeles. 
Source: http://www.gala.fr/l_actu/news_de_stars/johnny-depp-a-retrouve-lamour-lacteur-repere-avec-une-danseuse-russe-de-20-ans_428870 
Subscribe: https://goo.gl/N5Xus5",PT3M39S,2d,hd,false,True,rectangular,processed,public,youtube,True,False,False,119,0,0,https://i.ytimg.com/vi/bep-jhDp25E/sddefault.jpg,640.0,480.0,"['couple', 'amour', 'amoureux', ""histoire d'amour"", 'relation amoureuse', 'divorce', 's√©paration', 'Johnny Depp', 'Amber Heard']",fr,1,https://i.ytimg.com/vi/bep-jhDp25E/maxresdefault.jpg,1280.0,720.0,,
youtube#video,zB94VNtXlMwTbnjtI2V_cMGsino,BrUT6RK2TmM,2019-09-16T09:30:00Z,UCpekggEWwIWAE11rhfdWLFQ,Amber Hunting In Baltic Sea,"We took guided Amber catching excursion with local guide Igoris and went hunting Baltic gold in Karkle beach, Lithuania. In two hours we learned a lot about Amber hunting process and got really hooked with this activity.

‚ñ∫ Instagram: https://www.instagram.com/tadulea69/
‚ñ∫ Music In My Videos: https://www.epidemicsound.com/referral/1xzet6/ 

- - -
Shot with Sony A7iii & GoPro Hero Black 7
- - -
#amber #balticsea #treasurehunt #klaipeda #lithuania",https://i.ytimg.com/vi/BrUT6RK2TmM/default.jpg,120,90,https://i.ytimg.com/vi/BrUT6RK2TmM/mqdefault.jpg,320,180,https://i.ytimg.com/vi/BrUT6RK2TmM/hqdefault.jpg,480,360,Tadas Travel,19,none,Amber Hunting In Baltic Sea,"We took guided Amber catching excursion with local guide Igoris and went hunting Baltic gold in Karkle beach, Lithuania. In two hours we learned a lot about Amber hunting process and got really hooked with this activity.

‚ñ∫ Instagram: https://www.instagram.com/tadulea69/
‚ñ∫ Music In My Videos: https://www.epidemicsound.com/referral/1xzet6/ 

- - -
Shot with Sony A7iii & GoPro Hero Black 7
- - -
#amber #balticsea #treasurehunt #klaipeda #lithuania",PT8M33S,2d,hd,false,False,rectangular,processed,public,youtube,True,True,False,26142,0,75,https://i.ytimg.com/vi/BrUT6RK2TmM/sddefault.jpg,640.0,480.0,"['amber', 'gintaras', 'gintaro', 'gaudymas', 'ieskojimas', 'kaip', 'rasti', 'gintara', 'gemstone', 'raw', 'real', 'hunting', 'hunt', 'professional', 'guide', 'lithuania', 'lietuva', 'karkle', 'klaipeda', 'baltijos', 'jura', 'baltic', 'find', 'finding', 'treasure', 'catching', 'catche', 'test', 'check', 'uv', 'light', 'blue', 'storm', 'how to', 'where', 'when', 'how', 'instructions', 'tutorial', 'story', 'fossilized', 'pine', 'tree', 'resin', 'gold', 'paieska', 'search', 'searching', 'tips', 'tricks', 'hobby', 'activity', 'about', 'sun', 'stone', 'sea', 'autumn', 'guided', 'fossil', 'collecting', 'paleontology', '2020']",en-GB,461,https://i.ytimg.com/vi/BrUT6RK2TmM/maxresdefault.jpg,1280.0,720.0,,
youtube#video,lL5251zR7aIfqsE1LWsOwEg5rj8,BTN7PhYb938,2021-05-31T15:28:45Z,UCFkT2kP-TyYTjLvWJT7Aj7Q,New amber heard hot üî• status.jony love you voice full screen 4k whatsapp status.amber hot status.,"New amber heard hot üî• status.jony love you voice full screen 4k whatsapp status.amber hot status.

#Amber Hot Status

#Lory_Creation
Amber Heard,
 Amber Heard Status, 
Amber Heard WhatsApp Status
, Amber Heard Full Screen WhatsApp Status, 
Amber Heard Full Screen Status, 
Mera, Mera status, 
Aquaman Status,
 Aquaman, 
Aquaman WhatsApp status, 
Aquaman Full Screen WhatsApp Status,
 Aquaman Full Screen Status, Superheroes Status,
 DCEU Movies, 
DCEU Movies Status

#Lyricsvibin #Loveyourvoice #Jony

Love Your Voice - Jony (Lyrics) | My baby, I love My baby, I love you voice
636,416 views

LyricsVibin
Published on Dec 16, 2020
Love your voice lyrics - Jony

Subscribe to channel for new uploads:)

Lyrics Love your voice

My baby, I love
My baby, I love your voice
Oh, my baby, I love
Oh, my lady, lady
 
My baby, I love
My baby, I love your voice
Oh, my baby, I love
Oh, my lady, lady
 
I'm cold without you, I'm comming to you without any reason
–ë–µ–∑ —Ç–µ–±—è –º–Ω–µ —Ö–æ–ª–æ–¥–Ω–æ, –∏–¥—É –∫ —Ç–µ–±–µ –±–µ–∑ –ø–æ–≤–æ–¥–∞

Touch me unwittingly, say what makes us different
–ö–æ—Å–Ω–∏—Å—å –º–µ–Ω—è –Ω–µ—á–∞—è–Ω–Ω–æ, —Ä–∞—Å—Å–∫–∞–∂–∏ —á—Ç–æ –æ—Ç–ª–∏—á–∞–µ—Ç –Ω–∞—Å

Everything's on fire and your eyes are unbroken universe like Narnia.
–í—Å–µ –≤ –æ–≥–Ω–µ, —Ç–≤–æ–∏ –≥–ª–∞–∑–∞ —Ü–µ–ª—ã–π –º–∏—Ä –∫–∞–∫ –ù–∞—Ä–Ω–∏—è

Loose them in the dark, but look at me carefully.
–ü—Ä–æ–ø–∞–¥—É –≤ –Ω–∏—Ö –¥–æ—Ç–µ–º–Ω–∞, —Ç—ã –ø–æ—Å–º–æ—Ç—Ä–∏ –Ω–∞ –º–µ–Ω—è –º–µ–¥–ª–µ–Ω–Ω
 
Storm, storm outside, won't come to our door
–ë—É—Ä—è, –±—É—Ä—è –∑–∞ –æ–∫–Ω–æ–º –Ω–µ –≤–æ–π–¥–µ—Ç –≤ –Ω–∞—à –¥–æ–º

Storm, storm outside, but I can only hear your voice
–ë—É—Ä—è, –±—É—Ä—è –∑–∞ –æ–∫–Ω–æ–º, –Ω–æ —è —Å–ª—ã—à—É —Ç–≤–æ–π –≥–æ–ª–æ—Å

Your gentle voice will save me
–¢–≤–æ–π —Å–∞–º—ã–π –Ω–µ–∂–Ω—ã–π –≥–æ–ª–æ—Å, –º–µ–Ω—è —Å–ø–∞—Å–µ—Ç
 
My baby, I love
My baby, I love your voice
Oh, my baby, I love
Oh, my lady, lady
 
My baby, I love
My baby, I love your voice
Oh, my baby, I love
Oh, my lady, lady
 
My baby, I love
My baby, I love your voice
Oh, my baby, I love
Oh, my lady, lady
 
My baby, I love
My baby, I love your voice
Oh, my baby, I love
Oh, my lady, lady 

#Lyricsvibin‚Äã #Loveyourvoice‚Äã #Jony‚Äã #Lyrics‚Äã

Jony - Love your voice lyrics
-----
Wallpaper- https://unsplash.com/‚Äã
-----
#Love‚Äã your voice

Comments ‚Ä¢ 258
Up next
Autoplay


1:01

Joker song female version | Russia Vs India | full-screen whatsapp status #shorts
Viral Video‚Ä¢2.1M views


4:36

Nicholas Pooran I 89 off 26 balls I Day 4 I Northern Warriors I Abu Dhabi T10 I Season 4
T10 League Official‚Ä¢5.5M views


40
Bollywood Hitlist
YouTube Music‚Ä¢40 videos


2:14

The Most Famous Baby DJ In The World On SA's Got Talent Stage.
DJ Arch Jnr‚Ä¢33M views


10:39

If you challenge Messi, you will regret it
Yakopsen Football‚Ä¢35M views


21:19

Ishk Par Zor Nahi - Ep 23 - Full Episode - 14th April, 2021
SET India
New
11K views


2:15

¬´–¢—ã —Å—É–ø–µ—Ä!¬ª: –î–∏–∞–Ω–∞ –ê–Ω–∫—É–¥–∏–Ω–æ–≤–∞, 14 –ª–µ—Ç, –≥. –¢–æ–ª—å—è—Ç—Ç–∏. ¬´Derniere Danse¬ª
–ù–¢–í‚Ä¢95M views


4:53

ÿßÿ±Ÿàÿπ ÿßÿ∫ŸÜŸäÿ© ÿßÿ¨ŸÜÿ®Ÿäÿ© ÿ±Ÿàÿ≥Ÿäÿ© ŸÖÿ¥ŸáŸàÿ±ÿ© üíõ DON'T JUDGE A BOOK BY IT'S COVER- Rauf & Faik –¥–µ—Ç—Å—Ç–≤–æ
Mix L7n - ŸÖŸÉÿ≥ ŸÑÿ≠ŸÜ‚Ä¢11M views


5:14

The champion selection - Harry Potter
Top Moments‚Ä¢2.4M views


6:30

Russian girls reaction to Vaathi coming song!!
Russian Reaction‚Ä¢233K views


2:26

Dank Indian Memes | Indian Memes Compilation üòÇBete Mauj kardi Meme üòÇ Dank indian Memes ü§£ü§£latest meme
Rahul Kumar Maurya‚Ä¢4.8M views


0:40

Pandya Store | Journey
StarPlus
New
233K views


#Full HD What'sapp status

#HD

#Status

 #4k Full screen

#Full HD status

#Amber Heard

#Amber Heard What'sapp status

#Amber Heard Full screen What'sapp status

#Amber Heard
 
#Amber Heard status

#4K 

#4K Full screen What'sapp status

#New Trending Viral what'sapp status

#Amber Heard New Viral what'sapp status",https://i.ytimg.com/vi/BTN7PhYb938/default.jpg,120,90,https://i.ytimg.com/vi/BTN7PhYb938/mqdefault.jpg,320,180,https://i.ytimg.com/vi/BTN7PhYb938/hqdefault.jpg,480,360,Lory Creation,10,none,New amber heard hot üî• status.jony love you voice full screen 4k whatsapp status.amber hot status.,"New amber heard hot üî• status.jony love you voice full screen 4k whatsapp status.amber hot status.

#Amber Hot Status

#Lory_Creation
Amber Heard,
 Amber Heard Status, 
Amber Heard WhatsApp Status
, Amber Heard Full Screen WhatsApp Status, 
Amber Heard Full Screen Status, 
Mera, Mera status, 
Aquaman Status,
 Aquaman, 
Aquaman WhatsApp status, 
Aquaman Full Screen WhatsApp Status,
 Aquaman Full Screen Status, Superheroes Status,
 DCEU Movies, 
DCEU Movies Status

#Lyricsvibin #Loveyourvoice #Jony

Love Your Voice - Jony (Lyrics) | My baby, I love My baby, I love you voice
636,416 views

LyricsVibin
Published on Dec 16, 2020
Love your voice lyrics - Jony

Subscribe to channel for new uploads:)

Lyrics Love your voice

My baby, I love
My baby, I love your voice
Oh, my baby, I love
Oh, my lady, lady
 
My baby, I love
My baby, I love your voice
Oh, my baby, I love
Oh, my lady, lady
 
I'm cold without you, I'm comming to you without any reason
–ë–µ–∑ —Ç–µ–±—è –º–Ω–µ —Ö–æ–ª–æ–¥–Ω–æ, –∏–¥—É –∫ —Ç–µ–±–µ –±–µ–∑ –ø–æ–≤–æ–¥–∞

Touch me unwittingly, say what makes us different
–ö–æ—Å–Ω–∏—Å—å –º–µ–Ω—è –Ω–µ—á–∞—è–Ω–Ω–æ, —Ä–∞—Å—Å–∫–∞–∂–∏ —á—Ç–æ –æ—Ç–ª–∏—á–∞–µ—Ç –Ω–∞—Å

Everything's on fire and your eyes are unbroken universe like Narnia.
–í—Å–µ –≤ –æ–≥–Ω–µ, —Ç–≤–æ–∏ –≥–ª–∞–∑–∞ —Ü–µ–ª—ã–π –º–∏—Ä –∫–∞–∫ –ù–∞—Ä–Ω–∏—è

Loose them in the dark, but look at me carefully.
–ü—Ä–æ–ø–∞–¥—É –≤ –Ω–∏—Ö –¥–æ—Ç–µ–º–Ω–∞, —Ç—ã –ø–æ—Å–º–æ—Ç—Ä–∏ –Ω–∞ –º–µ–Ω—è –º–µ–¥–ª–µ–Ω–Ω
 
Storm, storm outside, won't come to our door
–ë—É—Ä—è, –±—É—Ä—è –∑–∞ –æ–∫–Ω–æ–º –Ω–µ –≤–æ–π–¥–µ—Ç –≤ –Ω–∞—à –¥–æ–º

Storm, storm outside, but I can only hear your voice
–ë—É—Ä—è, –±—É—Ä—è –∑–∞ –æ–∫–Ω–æ–º, –Ω–æ —è —Å–ª—ã—à—É —Ç–≤–æ–π –≥–æ–ª–æ—Å

Your gentle voice will save me
–¢–≤–æ–π —Å–∞–º—ã–π –Ω–µ–∂–Ω—ã–π –≥–æ–ª–æ—Å, –º–µ–Ω—è —Å–ø–∞—Å–µ—Ç
 
My baby, I love
My baby, I love your voice
Oh, my baby, I love
Oh, my lady, lady
 
My baby, I love
My baby, I love your voice
Oh, my baby, I love
Oh, my lady, lady
 
My baby, I love
My baby, I love your voice
Oh, my baby, I love
Oh, my lady, lady
 
My baby, I love
My baby, I love your voice
Oh, my baby, I love
Oh, my lady, lady 

#Lyricsvibin‚Äã #Loveyourvoice‚Äã #Jony‚Äã #Lyrics‚Äã

Jony - Love your voice lyrics
-----
Wallpaper- https://unsplash.com/‚Äã
-----
#Love‚Äã your voice

Comments ‚Ä¢ 258
Up next
Autoplay


1:01

Joker song female version | Russia Vs India | full-screen whatsapp status #shorts
Viral Video‚Ä¢2.1M views


4:36

Nicholas Pooran I 89 off 26 balls I Day 4 I Northern Warriors I Abu Dhabi T10 I Season 4
T10 League Official‚Ä¢5.5M views


40
Bollywood Hitlist
YouTube Music‚Ä¢40 videos


2:14

The Most Famous Baby DJ In The World On SA's Got Talent Stage.
DJ Arch Jnr‚Ä¢33M views


10:39

If you challenge Messi, you will regret it
Yakopsen Football‚Ä¢35M views


21:19

Ishk Par Zor Nahi - Ep 23 - Full Episode - 14th April, 2021
SET India
New
11K views


2:15

¬´–¢—ã —Å—É–ø–µ—Ä!¬ª: –î–∏–∞–Ω–∞ –ê–Ω–∫—É–¥–∏–Ω–æ–≤–∞, 14 –ª–µ—Ç, –≥. –¢–æ–ª—å—è—Ç—Ç–∏. ¬´Derniere Danse¬ª
–ù–¢–í‚Ä¢95M views


4:53

ÿßÿ±Ÿàÿπ ÿßÿ∫ŸÜŸäÿ© ÿßÿ¨ŸÜÿ®Ÿäÿ© ÿ±Ÿàÿ≥Ÿäÿ© ŸÖÿ¥ŸáŸàÿ±ÿ© üíõ DON'T JUDGE A BOOK BY IT'S COVER- Rauf & Faik –¥–µ—Ç—Å—Ç–≤–æ
Mix L7n - ŸÖŸÉÿ≥ ŸÑÿ≠ŸÜ‚Ä¢11M views


5:14

The champion selection - Harry Potter
Top Moments‚Ä¢2.4M views


6:30

Russian girls reaction to Vaathi coming song!!
Russian Reaction‚Ä¢233K views


2:26

Dank Indian Memes | Indian Memes Compilation üòÇBete Mauj kardi Meme üòÇ Dank indian Memes ü§£ü§£latest meme
Rahul Kumar Maurya‚Ä¢4.8M views


0:40

Pandya Store | Journey
StarPlus
New
233K views


#Full HD What'sapp status

#HD

#Status

 #4k Full screen

#Full HD status

#Amber Heard

#Amber Heard What'sapp status

#Amber Heard Full screen What'sapp status

#Amber Heard
 
#Amber Heard status

#4K 

#4K Full screen What'sapp status

#New Trending Viral what'sapp status

#Amber Heard New Viral what'sapp status",PT31S,2d,hd,false,False,rectangular,processed,public,youtube,True,True,False,228,0,0,https://i.ytimg.com/vi/BTN7PhYb938/sddefault.jpg,640.0,480.0,"['Amber Heard', 'Amber Heard Status', 'Amber Heard WhatsApp Status', 'Amber Heard Full Screen WhatsApp Status', 'Amber Heard Full Screen Status', 'Mera', 'Mera status', 'Aquaman Status', 'Aquaman', 'Aquaman WhatsApp status', 'Aquaman Full Screen WhatsApp Status', 'Aquaman Full Screen Status', 'Superheroes Status', 'DCEU Movies', 'DCEU Movies Status']",hi,13,https://i.ytimg.com/vi/BTN7PhYb938/maxresdefault.jpg,1280.0,720.0,hi,
youtube#video,6JLh1TaytG8fJwetu3PM-neksVI,CBWQ37cneIw,2021-06-15T04:28:37Z,UCqYwQnxLRqAKvfZNm9nJH4A,‚ù§Ô∏èüî•Amber Heard whatsapp Status with Jony love your voice songüî•‚ù§Ô∏è,,https://i.ytimg.com/vi/CBWQ37cneIw/default.jpg,120,90,https://i.ytimg.com/vi/CBWQ37cneIw/mqdefault.jpg,320,180,https://i.ytimg.com/vi/CBWQ37cneIw/hqdefault.jpg,480,360,RJ EDITZ,22,none,‚ù§Ô∏èüî•Amber Heard whatsapp Status with Jony love your voice songüî•‚ù§Ô∏è,,PT31S,2d,hd,false,False,rectangular,processed,public,youtube,True,True,False,1735,0,4,,,,,,129,,,,,
youtube#video,OdFA3PXAphS6vh8nmwHTS1d_dbA,cG5s90A3ih4,2018-11-29T16:54:35Z,UCBQOPzN3_6cBt0xauMkPW2g,"Pronounce ""Amber Heard"" - Russian accent vs. native U.S.","Native vs. accented American English.

What phrase should we do next?",https://i.ytimg.com/vi/cG5s90A3ih4/default.jpg,120,90,https://i.ytimg.com/vi/cG5s90A3ih4/mqdefault.jpg,320,180,https://i.ytimg.com/vi/cG5s90A3ih4/hqdefault.jpg,480,360,AccentZero,27,none,"Pronounce ""Amber Heard"" - Russian accent vs. native U.S.","Native vs. accented American English.

What phrase should we do next?",PT26S,2d,hd,false,False,rectangular,processed,public,youtube,True,True,False,20,0,0,https://i.ytimg.com/vi/cG5s90A3ih4/sddefault.jpg,640.0,480.0,"['English pronunciation', 'Russian accent']",en-US,0,https://i.ytimg.com/vi/cG5s90A3ih4/maxresdefault.jpg,1280.0,720.0,,
youtube#video,dXrMG2wZPhGoYMtbZtQ9afM9FXw,cgvzh83hQhA,2020-07-28T19:45:15Z,UCNRpbMhrfnrKLRLahNDIQeg,| Johnny Depp | Goes To Court Day 16 Part 2 (Or Meeting | Amber Heard | Part 31 - The Bad Actress!,"| Johnny Depp | Goes To Court Day 16 Part 2 (Or Meeting | Amber Heard | Part 31 - The Bad Actress!

Link to Amber's ""performance"" (in my opinion)

https://youtu.be/ZNXtCDz9N9o

#johnnydepp
#amberheard
#justiceforjohnnydepp
#nojohnnynopirates",https://i.ytimg.com/vi/cgvzh83hQhA/default.jpg,120,90,https://i.ytimg.com/vi/cgvzh83hQhA/mqdefault.jpg,320,180,https://i.ytimg.com/vi/cgvzh83hQhA/hqdefault.jpg,480,360,"Geeks, Graves and Good Stuff",24,none,| Johnny Depp | Goes To Court Day 16 Part 2 (Or Meeting | Amber Heard | Part 31 - The Bad Actress!,"| Johnny Depp | Goes To Court Day 16 Part 2 (Or Meeting | Amber Heard | Part 31 - The Bad Actress!

Link to Amber's ""performance"" (in my opinion)

https://youtu.be/ZNXtCDz9N9o

#johnnydepp
#amberheard
#justiceforjohnnydepp
#nojohnnynopirates",PT7M19S,2d,hd,false,False,rectangular,processed,public,youtube,True,True,False,32,0,0,https://i.ytimg.com/vi/cgvzh83hQhA/sddefault.jpg,640.0,480.0,,,5,,,,,
youtube#video,st8AH6LDUDFUI8Ud7hoV62dNYCY,HN5pdIaFQck,2021-12-28T21:00:09Z,UCKtGuhthme2J1QbXab41_WQ,"Bold and Beautiful - FULL EPISODE - 21 October, 2010","Amber fakes an injury to get Oliver‚Äôs attention and uses her charm to flatter him with compliments. She suggests that Oliver should have some fun with someone else while waiting for Hope to come back to him. In the hospital recuperating from her surgery, Stephanie is impatient to recover so that she can get to work on her new project. Dayzee tells Taylor, Liam and Hope of her history and how she met Stephanie. After hearing Dayzee‚Äôs story about being homeless and how many thousands of people are on the streets, Stephanie vows to help make a difference.

Viewers in the U.S. can watch episodes for free on the CBS Television Network, or for five days after broadcast on cbs.com. Paramount+ is a subscription service. Outside the U.S. broadcasters vary.

SUBSCRIBE ON YOUTUBE
https://www.youtube.com/channel/UCKtGuhthme2J1QbXab41_WQ?sub_confirmation=1
LIKE ON FACEBOOK
https://www.facebook.com/TheBoldandtheBeautiful/
FOLLOW ON INSTAGRAM
https://www.instagram.com/boldandbeautifulcbs/
FOLLOW ON TWITTER
https://twitter.com/boldinsider

Episode: 5927
Season: 24
Original Air Date: 21 October, 2010

#BOLDANDBEAUTIFUL #SEASON24 #ALOOKBACK",https://i.ytimg.com/vi/HN5pdIaFQck/default.jpg,120,90,https://i.ytimg.com/vi/HN5pdIaFQck/mqdefault.jpg,320,180,https://i.ytimg.com/vi/HN5pdIaFQck/hqdefault.jpg,480,360,boldandbeautiful,24,none,"Bold and Beautiful - FULL EPISODE - 21 October, 2010","Amber fakes an injury to get Oliver‚Äôs attention and uses her charm to flatter him with compliments. She suggests that Oliver should have some fun with someone else while waiting for Hope to come back to him. In the hospital recuperating from her surgery, Stephanie is impatient to recover so that she can get to work on her new project. Dayzee tells Taylor, Liam and Hope of her history and how she met Stephanie. After hearing Dayzee‚Äôs story about being homeless and how many thousands of people are on the streets, Stephanie vows to help make a difference.

Viewers in the U.S. can watch episodes for free on the CBS Television Network, or for five days after broadcast on cbs.com. Paramount+ is a subscription service. Outside the U.S. broadcasters vary.

SUBSCRIBE ON YOUTUBE
https://www.youtube.com/channel/UCKtGuhthme2J1QbXab41_WQ?sub_confirmation=1
LIKE ON FACEBOOK
https://www.facebook.com/TheBoldandtheBeautiful/
FOLLOW ON INSTAGRAM
https://www.instagram.com/boldandbeautifulcbs/
FOLLOW ON TWITTER
https://twitter.com/boldinsider

Episode: 5927
Season: 24
Original Air Date: 21 October, 2010

#BOLDANDBEAUTIFUL #SEASON24 #ALOOKBACK",PT20M,2d,sd,false,True,rectangular,processed,public,youtube,True,True,False,3136,0,1,https://i.ytimg.com/vi/HN5pdIaFQck/sddefault.jpg,640.0,480.0,,en-US,35,https://i.ytimg.com/vi/HN5pdIaFQck/maxresdefault.jpg,1280.0,720.0,,['IN']
youtube#video,vB9RBcX2sECMGzDKyiGky9Lr9nw,htzvtWP2l9M,2020-09-02T00:11:40Z,UCM5s_toCOXpbNbu-48z9s5g,Johnny Depp Goes Berzerk-Amber Heard sneaks a recording,"#JohnnyDepp #AmberHeard

Johnny visibly upset to waking up to the news he lost $650Million 

www.Nickwallis.com
Courtesy of Nick Wallis & ""Incredibly Average""

Fair Use: Commentary",https://i.ytimg.com/vi/htzvtWP2l9M/default.jpg,120,90,https://i.ytimg.com/vi/htzvtWP2l9M/mqdefault.jpg,320,180,https://i.ytimg.com/vi/htzvtWP2l9M/hqdefault.jpg,480,360,Molly Golightly,24,none,Johnny Depp Goes Berzerk-Amber Heard sneaks a recording,"#JohnnyDepp #AmberHeard

Johnny visibly upset to waking up to the news he lost $650Million 

www.Nickwallis.com
Courtesy of Nick Wallis & ""Incredibly Average""

Fair Use: Commentary",PT36M28S,2d,hd,false,True,rectangular,processed,public,youtube,True,True,False,1685,0,30,https://i.ytimg.com/vi/htzvtWP2l9M/sddefault.jpg,640.0,480.0,"['johnny depp', 'amber heard', 'secret recordings in kitchen', 'freaking out', 'angry', 'amber heard laughing at johnny depp', 'loses money', 'ccourt', 'the sun', 'home', 'Youtube algorithmic boost']",,77,,,,,
youtube#video,L_SHVFeLkMsTkMWraaZlyvlFi28,iRdcdtUPJd4,2018-10-21T15:47:25Z,UCfCKvREB11-fxyotS1ONgww,The Amber Room - A Nazi Treasure Mystery,"The wondrous Amber Room, stolen by German troops from the Catherine Palace outside St. Petersburg in 1941, disappeared in 1945 as the Red Army swept into East Prussia. Valued at over half a billion dollars today, find out what could have happened to this iconic Nazi treasure that is still sought today. 

Credits: mcboerrie, Gennaro Gelmini, jeanyfan",https://i.ytimg.com/vi/iRdcdtUPJd4/default.jpg,120,90,https://i.ytimg.com/vi/iRdcdtUPJd4/mqdefault.jpg,320,180,https://i.ytimg.com/vi/iRdcdtUPJd4/hqdefault.jpg,480,360,Mark Felton Productions,27,none,The Amber Room - A Nazi Treasure Mystery,"The wondrous Amber Room, stolen by German troops from the Catherine Palace outside St. Petersburg in 1941, disappeared in 1945 as the Red Army swept into East Prussia. Valued at over half a billion dollars today, find out what could have happened to this iconic Nazi treasure that is still sought today. 

Credits: mcboerrie, Gennaro Gelmini, jeanyfan",PT5M28S,2d,hd,false,True,rectangular,processed,public,youtube,True,True,False,410101,0,249,https://i.ytimg.com/vi/iRdcdtUPJd4/sddefault.jpg,640.0,480.0,"['The Amber Room', 'Mark Felton Productions', 'Koenigsberg Castle', 'Kaliningrad', 'Gauleiter Erich Koch', 'Nazi Treasure', 'Looted Art', 'Red Army', 'Lost Nazi Treasure']",,12369,,,,en,
youtube#video,rZNTlCidobcJIPLDW6wtmKaYrmo,iXwIFXRFtFE,2013-07-10T10:52:56Z,UC9epKvKiX8Xtr03cGhTaEig,Syrup Official Trailer 1 2013)   Amber Heard  Kellan Lutz  Brittany Snow Movie,"A slacker hatches a million-dollar idea. But, in order to see it through, he has to learn to trust his attractive corporate counterpart. Based on Max Barry's novel.
Director: Aram Rappaport
Writers: Max Barry (novel), Max Barry (screenplay)

Stars: Shiloh Fernandez, Amber Heard, Kellan Lutz | See full cast and crew",https://i.ytimg.com/vi/iXwIFXRFtFE/default.jpg,120,90,https://i.ytimg.com/vi/iXwIFXRFtFE/mqdefault.jpg,320,180,https://i.ytimg.com/vi/iXwIFXRFtFE/hqdefault.jpg,480,360,E-Œúovies&TV_Trailers,22,none,Syrup Official Trailer 1 2013)   Amber Heard  Kellan Lutz  Brittany Snow Movie,"A slacker hatches a million-dollar idea. But, in order to see it through, he has to learn to trust his attractive corporate counterpart. Based on Max Barry's novel.
Director: Aram Rappaport
Writers: Max Barry (novel), Max Barry (screenplay)

Stars: Shiloh Fernandez, Amber Heard, Kellan Lutz | See full cast and crew",PT1M42S,2d,hd,false,False,rectangular,processed,public,youtube,True,True,False,378,0,3,https://i.ytimg.com/vi/iXwIFXRFtFE/sddefault.jpg,640.0,480.0,"['Trailer', 'Official', 'Syrup', 'Story', 'Official Trailer', 'Teaser Trailer', '2013 movie', 'tainnia']",,1,https://i.ytimg.com/vi/iXwIFXRFtFE/maxresdefault.jpg,1280.0,720.0,,
youtube#video,DUL6YAXxGqBfZzuU2msDOQZIorg,KqyEzm1Q5V4,2020-01-26T02:00:03Z,UCxcrzzhQDj5zKJbXfIscCtg,Inside the dangerous world of illegal amber mining in Ukraine | Foreign Correspondent,"Amber is fossilised tree resin that now drives a multi-billion dollar global market. But much of the world's amber is mined illegally in eastern Europe, controlled by cartels so powerful that local police are afraid to intervene. 

About Foreign Correspondent: 
Foreign Correspondent is the prime-time international public affairs program on Australia's national broadcaster, ABC-TV. We produce half-hour duration in-depth reports for broadcast across the ABC's television channels and digital platforms. Since 1992, our teams have journeyed to more than 170 countries to report on war, natural calamity and social and political upheaval ‚Äì through the eyes of the people at the heart of it all. 


Contributions may be removed if they violate ABC‚Äôs Online Terms of Use http://www.abc.net.au/conditions.htm (Section 3). This is an official Australian Broadcasting Corporation YouTube channel",https://i.ytimg.com/vi/KqyEzm1Q5V4/default.jpg,120,90,https://i.ytimg.com/vi/KqyEzm1Q5V4/mqdefault.jpg,320,180,https://i.ytimg.com/vi/KqyEzm1Q5V4/hqdefault.jpg,480,360,ABC News In-depth,25,none,Inside the dangerous world of illegal amber mining in Ukraine | Foreign Correspondent,"Amber is fossilised tree resin that now drives a multi-billion dollar global market. But much of the world's amber is mined illegally in eastern Europe, controlled by cartels so powerful that local police are afraid to intervene. 

About Foreign Correspondent: 
Foreign Correspondent is the prime-time international public affairs program on Australia's national broadcaster, ABC-TV. We produce half-hour duration in-depth reports for broadcast across the ABC's television channels and digital platforms. Since 1992, our teams have journeyed to more than 170 countries to report on war, natural calamity and social and political upheaval ‚Äì through the eyes of the people at the heart of it all. 


Contributions may be removed if they violate ABC‚Äôs Online Terms of Use http://www.abc.net.au/conditions.htm (Section 3). This is an official Australian Broadcasting Corporation YouTube channel",PT7M3S,2d,hd,false,True,rectangular,processed,public,youtube,True,False,False,84481,0,127,https://i.ytimg.com/vi/KqyEzm1Q5V4/sddefault.jpg,640.0,480.0,"['abc news', 'foreign correspondent', 'ukraine', 'ukrainian amber mining', 'ukraine corruption documentary', 'ukraine corruption', 'amber', 'ukraine amber', 'ukraine amber mining', 'illegal mining documentary', 'corruption in ukraine documentary', 'illegal amber', 'mining amber', 'amber mining ukraine', 'where does amber come from', 'amber jewelry', 'amber jewellery', 'amber jewelry making', 'amber value', 'ukraine documentary', 'abc news in depth', 'inside the dangerous world of illegal amber mining in Ukraine']",en-GB,928,https://i.ytimg.com/vi/KqyEzm1Q5V4/maxresdefault.jpg,1280.0,720.0,,
youtube#video,B2a3LehakO1u2Fwx2TfD1wcKOQY,MSFzxKKzjKQ,2021-08-10T06:15:46Z,UCbvDlEhT5HD9SNA5thBXQ3Q,Russian roulette Amber edit (HAPPY BIRTHDAY QUEEN AMBER),"Happy birthday outrider Amber!
#amber #genshinimpact #edit",https://i.ytimg.com/vi/MSFzxKKzjKQ/default.jpg,120,90,https://i.ytimg.com/vi/MSFzxKKzjKQ/mqdefault.jpg,320,180,https://i.ytimg.com/vi/MSFzxKKzjKQ/hqdefault.jpg,480,360,genderfluid_emo,22,none,Russian roulette Amber edit (HAPPY BIRTHDAY QUEEN AMBER),"Happy birthday outrider Amber!
#amber #genshinimpact #edit",PT31S,2d,hd,false,False,rectangular,processed,public,youtube,True,True,False,63,0,2,,,,,,8,,,,,
youtube#video,J0VVa6KSIWPFxwXdGl4Ru09J7x8,np7jNsM1DgQ,2014-10-27T22:14:32Z,UCh3UU_oDK0S1QJeP8OzE_Yg,How to pronounce 'Amber Heard' with Zira.mp4,"""E-books & Intensive Courses available
http://tiny.cc/o90sox

This video teaches you how to say or pronounce common english words.

Pronounce words
http://goo.gl/9YgPnE

Pronounce places
 http://goo.gl/uQ57Ft

Pronounce phrases
http://goo.gl/N1TT36""",https://i.ytimg.com/vi/np7jNsM1DgQ/default.jpg,120,90,https://i.ytimg.com/vi/np7jNsM1DgQ/mqdefault.jpg,320,180,https://i.ytimg.com/vi/np7jNsM1DgQ/hqdefault.jpg,480,360,Pronounce Names,27,none,How to pronounce 'Amber Heard' with Zira.mp4,"""E-books & Intensive Courses available
http://tiny.cc/o90sox

This video teaches you how to say or pronounce common english words.

Pronounce words
http://goo.gl/9YgPnE

Pronounce places
 http://goo.gl/uQ57Ft

Pronounce phrases
http://goo.gl/N1TT36""",PT12S,2d,hd,false,False,rectangular,processed,public,youtube,True,True,False,222,0,0,https://i.ytimg.com/vi/np7jNsM1DgQ/sddefault.jpg,640.0,480.0,"['pronounce', 'pronunciation', 'pronouncing', 'how', 'do', 'you', 'to', 'say', 'how to', 'pronunciationmanual', 'pronunciation manual', 'pronunciationbook', 'pronunciationmanuel', 'pronunciationguide', 'flash cards', 'english flash cards', 'how to speak english', 'english classes', 'esl', 'dictionary', 'pronunciation flash cards', 'english', 'american', 'names', 'celeb', 'celebrity']",,1,https://i.ytimg.com/vi/np7jNsM1DgQ/maxresdefault.jpg,1280.0,720.0,,
youtube#video,bGFrelkceVpdEXgMcU9igGkt4Z4,okDUui0u5iw,2017-11-19T14:59:07Z,UC9hOrlXF2z5fFdah9NNUReA,The History of Baltic Amber,The 40 Million year history of mankind's oldest gem and the story of St Petersburg's famous amber room,https://i.ytimg.com/vi/okDUui0u5iw/default.jpg,120,90,https://i.ytimg.com/vi/okDUui0u5iw/mqdefault.jpg,320,180,https://i.ytimg.com/vi/okDUui0u5iw/hqdefault.jpg,480,360,The Art of Russia,22,none,The History of Baltic Amber,The 40 Million year history of mankind's oldest gem and the story of St Petersburg's famous amber room,PT25M10S,2d,hd,false,False,rectangular,processed,public,youtube,True,True,False,23892,0,37,https://i.ytimg.com/vi/okDUui0u5iw/sddefault.jpg,640.0,480.0,['Amber'],,410,https://i.ytimg.com/vi/okDUui0u5iw/maxresdefault.jpg,1280.0,720.0,,
youtube#video,A50bS0WKhYLbMyxs0nFWtq847Ao,phFW765Kmf8,2012-07-07T18:27:20Z,UCYMMNZC2l_j8avSQ5L8cqwQ,Vampire Academy cast | RUSSIAN ROULETTE,"CAST:
Rose Hathaway - Odette Annable/Lyndsy Fonseca
Lissa Dragomir - Amber Heard
Dimitri Belikov - Ben Barnes
Christian Ozera - Gaspard Ulliel
Adrian Ivashkov - Hayden Christensen
Tasha Ozera - Zooey Deschanel

MEMBERS
MHBelikova
http://www.youtube.com/user/MHBelikova
belikovxlove
http://www.youtube.com/user/belikovxlove
xxozera
http://www.youtube.com/user/xxozera
facelesssilence
http://www.youtube.com/user/facelesssilence",https://i.ytimg.com/vi/phFW765Kmf8/default.jpg,120,90,https://i.ytimg.com/vi/phFW765Kmf8/mqdefault.jpg,320,180,https://i.ytimg.com/vi/phFW765Kmf8/hqdefault.jpg,480,360,XxLovexLoyaltyx,1,none,Vampire Academy cast | RUSSIAN ROULETTE,"CAST:
Rose Hathaway - Odette Annable/Lyndsy Fonseca
Lissa Dragomir - Amber Heard
Dimitri Belikov - Ben Barnes
Christian Ozera - Gaspard Ulliel
Adrian Ivashkov - Hayden Christensen
Tasha Ozera - Zooey Deschanel

MEMBERS
MHBelikova
http://www.youtube.com/user/MHBelikova
belikovxlove
http://www.youtube.com/user/belikovxlove
xxozera
http://www.youtube.com/user/xxozera
facelesssilence
http://www.youtube.com/user/facelesssilence",PT3M36S,2d,hd,false,False,rectangular,processed,public,youtube,True,True,False,4086,0,8,https://i.ytimg.com/vi/phFW765Kmf8/sddefault.jpg,640.0,480.0,"['odette', 'yustman', 'annable', 'amber', 'heard', 'gaspard', 'ulliel', 'ben', 'barnes']",,69,https://i.ytimg.com/vi/phFW765Kmf8/maxresdefault.jpg,1280.0,720.0,,
youtube#video,yoUSbfjnoqlmJkwZAU11OHnyEDI,qnZYldlfVnk,2013-02-11T05:34:17Z,UCYg68CGCpVgzBDALpfiFmLw,LAURA BENANTI AND CHAD HODGE TALK AMBER HEARD - 2/10/13 - THE DINNER PARTY SHOW,"While live on the air with THE DINNER PARTY SHOW hosts, CHRISTOPHER RICE and ERIC SHAW QUINN, Tony winner LAURA BENANTI and hot T.V writer CHAD HODGE discuss a special game they used to play on the set of NBC's THE PLAYBOY CLUB called ""What Would Amber Do?"" (Amber being the gorgeous and talented AMBER HEARD)

(We're always on! A new live cast of THE DINNER PARTY SHOW debuts every Sunday evening at 8 PM ET/ 5 PM PT at www.TheDinnerPartyShow.com, followed by continuous encore performances. You can also listen in via our FREE MOBILE APPS for Apple and Android devices, and our iTunes podcast features the entire show.)",https://i.ytimg.com/vi/qnZYldlfVnk/default.jpg,120,90,https://i.ytimg.com/vi/qnZYldlfVnk/mqdefault.jpg,320,180,https://i.ytimg.com/vi/qnZYldlfVnk/hqdefault.jpg,480,360,TheDinnerPartyShow,23,none,LAURA BENANTI AND CHAD HODGE TALK AMBER HEARD - 2/10/13 - THE DINNER PARTY SHOW,"While live on the air with THE DINNER PARTY SHOW hosts, CHRISTOPHER RICE and ERIC SHAW QUINN, Tony winner LAURA BENANTI and hot T.V writer CHAD HODGE discuss a special game they used to play on the set of NBC's THE PLAYBOY CLUB called ""What Would Amber Do?"" (Amber being the gorgeous and talented AMBER HEARD)

(We're always on! A new live cast of THE DINNER PARTY SHOW debuts every Sunday evening at 8 PM ET/ 5 PM PT at www.TheDinnerPartyShow.com, followed by continuous encore performances. You can also listen in via our FREE MOBILE APPS for Apple and Android devices, and our iTunes podcast features the entire show.)",PT3M43S,2d,hd,false,False,rectangular,processed,public,youtube,True,True,False,3768,0,1,https://i.ytimg.com/vi/qnZYldlfVnk/sddefault.jpg,640.0,480.0,"['eric shaw quinn', 'christopher rice', 'Amber Heard (Actor)', 'chad hodge', 'laura benanti', 'broadway', 'the playboy club', 'Theater', 'Musical', 'hollywood', 'tv', 'Theatre', 'interview', 'the dinner party show']",,29,https://i.ytimg.com/vi/qnZYldlfVnk/maxresdefault.jpg,1280.0,720.0,,
youtube#video,hGmHNdD4aUkLOKwB7Upl_2jkDug,r-_b6Pw0Sao,2018-09-12T19:21:49Z,UCbcrvy_Qe5inKWvXes2oW2Q,Amber Heard Hot & Sexy Picture Video,"Amber Heard Hot & Sexy Picture Video 2018.
Follow on - 
https://www.facebook.com/Hollybollybuddy
https://www.instagram.com/hollybollybuddy
https://plus.google.com/u/0/b/108699952846776451321
music credit - bensound.com
Amber Heard has one weird trick for narrowing down the amount of scripts she has to read: throw out the sexist ones! ‚ÄúI started saying to my agents, 'Don't send me scripts where the first adjective in the female description is 'beautiful.' And if the second is 'enigmatic,' throw it in the trash",https://i.ytimg.com/vi/r-_b6Pw0Sao/default.jpg,120,90,https://i.ytimg.com/vi/r-_b6Pw0Sao/mqdefault.jpg,320,180,https://i.ytimg.com/vi/r-_b6Pw0Sao/hqdefault.jpg,480,360,Hollybolly buddy,22,none,Amber Heard Hot & Sexy Picture Video,"Amber Heard Hot & Sexy Picture Video 2018.
Follow on - 
https://www.facebook.com/Hollybollybuddy
https://www.instagram.com/hollybollybuddy
https://plus.google.com/u/0/b/108699952846776451321
music credit - bensound.com
Amber Heard has one weird trick for narrowing down the amount of scripts she has to read: throw out the sexist ones! ‚ÄúI started saying to my agents, 'Don't send me scripts where the first adjective in the female description is 'beautiful.' And if the second is 'enigmatic,' throw it in the trash",PT2M31S,2d,hd,false,False,rectangular,processed,public,youtube,True,True,False,3150,0,0,https://i.ytimg.com/vi/r-_b6Pw0Sao/sddefault.jpg,640.0,480.0,"['Amber Heard Hot & Sexy Picture Video 2018', 'Amber', 'Heard', 'Hot', 'Sexy', 'Picture', 'Video', '2018', 'Amber Heard', 'Amber Heard Hot', 'Amber Heard Hot & Sexy', 'Amber Heard Hot & Sexy Picture', 'Hot & Sexy', 'Hot & Sexy Picture', 'Video 2018', 'Sexy Picture']",,17,https://i.ytimg.com/vi/r-_b6Pw0Sao/maxresdefault.jpg,1280.0,720.0,,
youtube#video,e8GPSMlJb65_NnM0V9nmqhQjpUA,RiNSbLK6xCk,2019-09-15T18:46:49Z,UCckDSecg1rp7NfkxoQJTMrA,Amber Heard to join forces with Cherie Blair to campaign for the unfairly jailed - Today News,"Thanks for watching my video. 
If you like my videos, please subscribe to the channel to receive the latest videos 
Videos can use content-based copyright law contains reasonable use Fair Use (https://www.youtube.com/yt/copyright/). 
For any copyright, please send me a message.  ¬†Hollywood actress Amber Heard is joining forces with former Prime Minister's wife Cherie Blair to campaign against people being unfairly jailed. ¬†The film star, who has traded domestic abuse allegations with ex-husband Johnny Depp, which both deny, will speak on the same stage as human rights QC Mrs Blair at the United Nations. ¬†Aqauman star Heard, 33, is a United Nations ambassador on human rights. ¬†She and Mrs Blair will speak at the UN General Assembly in New York next week to highlight the case of a Russian-born businesswoman, Marsha Lazareva, who was held in a Kuwaiti prison for 470 days. ¬†Ms Lazareva was sentenced to 10 years' jail with hard labour after being found guilty of embezzlement by a Kuwait court last year.  ¬†Supporters claim Ms Lazareva was incarcerated in a ‚Äúshow trial‚Äù over a major port investment. ¬†Prosecutors accused her of embezzling money but, according to her allies, it was in fact frozen in the United Arab Emirates and has since been released to all investors.  ¬†Her supporters have also complained about her treatment at the hands of the Kuwaiti authorities while she was held. ¬†Mrs Blair, who lived in Downing Street from 1997 to 2007, said: ‚ÄúArbitrary detention continues to be ignored. ¬†‚ÄúI will highlight the Marsha Lazareva case, but international law is flouted the world over and the international community must do more to tackle this outrage.‚Äù",https://i.ytimg.com/vi/RiNSbLK6xCk/default.jpg,120,90,https://i.ytimg.com/vi/RiNSbLK6xCk/mqdefault.jpg,320,180,https://i.ytimg.com/vi/RiNSbLK6xCk/hqdefault.jpg,480,360,Today News 247,22,none,Amber Heard to join forces with Cherie Blair to campaign for the unfairly jailed - Today News,"Thanks for watching my video. 
If you like my videos, please subscribe to the channel to receive the latest videos 
Videos can use content-based copyright law contains reasonable use Fair Use (https://www.youtube.com/yt/copyright/). 
For any copyright, please send me a message.  ¬†Hollywood actress Amber Heard is joining forces with former Prime Minister's wife Cherie Blair to campaign against people being unfairly jailed. ¬†The film star, who has traded domestic abuse allegations with ex-husband Johnny Depp, which both deny, will speak on the same stage as human rights QC Mrs Blair at the United Nations. ¬†Aqauman star Heard, 33, is a United Nations ambassador on human rights. ¬†She and Mrs Blair will speak at the UN General Assembly in New York next week to highlight the case of a Russian-born businesswoman, Marsha Lazareva, who was held in a Kuwaiti prison for 470 days. ¬†Ms Lazareva was sentenced to 10 years' jail with hard labour after being found guilty of embezzlement by a Kuwait court last year.  ¬†Supporters claim Ms Lazareva was incarcerated in a ‚Äúshow trial‚Äù over a major port investment. ¬†Prosecutors accused her of embezzling money but, according to her allies, it was in fact frozen in the United Arab Emirates and has since been released to all investors.  ¬†Her supporters have also complained about her treatment at the hands of the Kuwaiti authorities while she was held. ¬†Mrs Blair, who lived in Downing Street from 1997 to 2007, said: ‚ÄúArbitrary detention continues to be ignored. ¬†‚ÄúI will highlight the Marsha Lazareva case, but international law is flouted the world over and the international community must do more to tackle this outrage.‚Äù",PT2M1S,2d,hd,true,False,rectangular,processed,public,youtube,True,True,False,4,0,0,,,,"['Amber Heard', 'Cherie Blair', 'Johnny Depp', 'United Nations', 'Human rights', 'Domestic violence']",,0,,,,,
youtube#video,xDg1wssB2h_-If3sVHv02fP_gr8,RK0zCsxBG3U,2019-11-20T16:00:03Z,UCWOA1ZGywLbqmigxE4Qlvuw,A Christmas Prince 3: The Royal Baby | Official Trailer | Netflix,"It‚Äôs Christmas time in Aldovia, and a royal baby is on the way! Amber and Richard host royals from a distant kingdom to renew a sacred truce, but when the treaty vanishes, peace is jeopardized and an ancient curse threatens their family.

A Christmas Prince: The Royal Baby, Only on Netflix December 5th: https://www.netflix.com/title/81029841

SUBSCRIBE: https://bit.ly/29qBUt7

About Netflix:
Netflix is the world's leading internet entertainment service with 158 million paid memberships in over 190 countries enjoying TV series, documentaries and feature films across a wide variety of genres and languages. Members can watch as much as they want, anytime, anywhere, on any internet-connected screen. Members can play, pause and resume watching, all without commercials or commitments.

A Christmas Prince: The Royal Baby | Official Trailer | Netflix
https://youtube.com/netflix

Christmas brings the ultimate gift to Aldovia: a royal baby. But first, Queen Amber must help her family and kingdom by finding a missing peace treaty.",https://i.ytimg.com/vi/RK0zCsxBG3U/default.jpg,120,90,https://i.ytimg.com/vi/RK0zCsxBG3U/mqdefault.jpg,320,180,https://i.ytimg.com/vi/RK0zCsxBG3U/hqdefault.jpg,480,360,Netflix,24,none,A Christmas Prince 3: The Royal Baby | Official Trailer | Netflix,"It‚Äôs Christmas time in Aldovia, and a royal baby is on the way! Amber and Richard host royals from a distant kingdom to renew a sacred truce, but when the treaty vanishes, peace is jeopardized and an ancient curse threatens their family.

A Christmas Prince: The Royal Baby, Only on Netflix December 5th: https://www.netflix.com/title/81029841

SUBSCRIBE: https://bit.ly/29qBUt7

About Netflix:
Netflix is the world's leading internet entertainment service with 158 million paid memberships in over 190 countries enjoying TV series, documentaries and feature films across a wide variety of genres and languages. Members can watch as much as they want, anytime, anywhere, on any internet-connected screen. Members can play, pause and resume watching, all without commercials or commitments.

A Christmas Prince: The Royal Baby | Official Trailer | Netflix
https://youtube.com/netflix

Christmas brings the ultimate gift to Aldovia: a royal baby. But first, Queen Amber must help her family and kingdom by finding a missing peace treaty.",PT2M43S,2d,hd,true,False,rectangular,processed,public,youtube,True,True,False,2277622,0,1021,https://i.ytimg.com/vi/RK0zCsxBG3U/sddefault.jpg,640.0,480.0,"['Netflix', 'Trailer', 'Netflix Original Films', 'Netflix Film', 'Netflix Movies', 'Official Trailer', 'Netflix Original Series', 'Netflix Series', 'movies online', 'Romance', 'Comedy', 'Holiday', 'Feels', 'Drama', 'watch movies', 'A Christmas Prince', 'Christmas Prince', 'A Christmas Prince 3', 'ACP', 'ACP3', 'Aldovia', 'Royal Baby', 'The Royal Baby', 'A Christmas Prince: The Royal Baby', 'Rose McIver', 'Ben Lamb', 'ancient treaty', 'curse', 'Christmas movie', 'baby movie', 'ACP3mt1120!', 'christmas']",en-US,25255,https://i.ytimg.com/vi/RK0zCsxBG3U/maxresdefault.jpg,1280.0,720.0,,
youtube#video,E9a41eDf4Nh3ZGjaMw1yetqJzGU,SU_pzFS8xUk,2021-12-18T22:27:13Z,UCnpTTw31t-tXGpJLA902lKQ,Amber + Using Dead Perch?? + Yama for Kalugas | Destroy Venga December | Russian Fishing 4,"Please dont forget to like, I really need them. Thank you for being so supportive.
üîî Please Subscribe ‚ù§Ô∏è Please Like üëç Please Comment

Channel Discord - https://discord.gg/yXbBHx9q
---------------------------------------------------------------------------------------------------
To watch my other playlists:

Eastshade - https://www.youtube.com/playlist?list=PLBjlPJUVgG2Ksfp6qtDkAS50vjTla6bOO

Townscaper - https://www.youtube.com/playlist?list=PLBjlPJUVgG2Jhx9mPH87FoJZLZ7BDuh_U

Summer in Mara - https://www.youtube.com/playlist?list=PLBjlPJUVgG2JGFQwQWI1-cCmzHDFUc3pR

Empyrion - Galactic Survival - https://www.youtube.com/playlist?list=PLBjlPJUVgG2LRhFSLnN2PuhU0KtbJVTuF

Among Trees - https://www.youtube.com/playlist?list=PLBjlPJUVgG2K_gR9psN2Lpo4Ptx8DL5-P

Colony Survival - https://www.youtube.com/playlist?list=PLBjlPJUVgG2JN9owHoLfpt-11Xa3XXTbS

House Flipper - https://www.youtube.com/playlist?list=PLBjlPJUVgG2LMUrl4Q9VOz6PE0Cw4SjCy

Lumberjack's Dynasty - https://www.youtube.com/playlist?list=PLBjlPJUVgG2KvKmOVaJsHtV4WqdRmN3Nt

Hydroneer - https://www.youtube.com/playlist?list=PLBjlPJUVgG2K_MXjday2GRlc4ss6ijvS2

Train Station Renovation - https://www.youtube.com/playlist?list=PLBjlPJUVgG2Ljgdpv_EYeh7LSZLoTHc4H

SnowRunner - https://www.youtube.com/playlist?list=PLBjlPJUVgG2Jd1A6rv_N-WgIjm2RXIzA_

Russian Fishing 4 - https://www.youtube.com/playlist?list=PLBjlPJUVgG2Jtgu8hLatXTbPOfd_z1Mz2

#RussianFishing4 #Trophy #Fishing",https://i.ytimg.com/vi/SU_pzFS8xUk/default.jpg,120,90,https://i.ytimg.com/vi/SU_pzFS8xUk/mqdefault.jpg,320,180,https://i.ytimg.com/vi/SU_pzFS8xUk/hqdefault.jpg,480,360,MistaH1N1,20,none,Amber + Using Dead Perch?? + Yama for Kalugas | Destroy Venga December | Russian Fishing 4,"Please dont forget to like, I really need them. Thank you for being so supportive.
üîî Please Subscribe ‚ù§Ô∏è Please Like üëç Please Comment

Channel Discord - https://discord.gg/yXbBHx9q
---------------------------------------------------------------------------------------------------
To watch my other playlists:

Eastshade - https://www.youtube.com/playlist?list=PLBjlPJUVgG2Ksfp6qtDkAS50vjTla6bOO

Townscaper - https://www.youtube.com/playlist?list=PLBjlPJUVgG2Jhx9mPH87FoJZLZ7BDuh_U

Summer in Mara - https://www.youtube.com/playlist?list=PLBjlPJUVgG2JGFQwQWI1-cCmzHDFUc3pR

Empyrion - Galactic Survival - https://www.youtube.com/playlist?list=PLBjlPJUVgG2LRhFSLnN2PuhU0KtbJVTuF

Among Trees - https://www.youtube.com/playlist?list=PLBjlPJUVgG2K_gR9psN2Lpo4Ptx8DL5-P

Colony Survival - https://www.youtube.com/playlist?list=PLBjlPJUVgG2JN9owHoLfpt-11Xa3XXTbS

House Flipper - https://www.youtube.com/playlist?list=PLBjlPJUVgG2LMUrl4Q9VOz6PE0Cw4SjCy

Lumberjack's Dynasty - https://www.youtube.com/playlist?list=PLBjlPJUVgG2KvKmOVaJsHtV4WqdRmN3Nt

Hydroneer - https://www.youtube.com/playlist?list=PLBjlPJUVgG2K_MXjday2GRlc4ss6ijvS2

Train Station Renovation - https://www.youtube.com/playlist?list=PLBjlPJUVgG2Ljgdpv_EYeh7LSZLoTHc4H

SnowRunner - https://www.youtube.com/playlist?list=PLBjlPJUVgG2Jd1A6rv_N-WgIjm2RXIzA_

Russian Fishing 4 - https://www.youtube.com/playlist?list=PLBjlPJUVgG2Jtgu8hLatXTbPOfd_z1Mz2

#RussianFishing4 #Trophy #Fishing",PT3H55M37S,2d,hd,false,True,rectangular,processed,public,youtube,True,True,False,366,0,3,https://i.ytimg.com/vi/SU_pzFS8xUk/sddefault.jpg,640.0,480.0,"['rf4', 'guide', 'hot spot', 'farming', 'russian fishing 4', 'russian fishing', 'gameplay', 'commentary', 'fishing game', 'angling simulator', '–†—É—Å—Å–∫–∞—è —Ä—ã–±–∞–ª–∫–∞', '—Ä—ã–±–∞–ª–∫–∞', '—Ä—É—Å—Å–∫–∞—è —Ä—ã–±–∞–ª–∫–∞ 4', 'mistah1n1', 'rod', 'new player', 'new', 'help', 'helping', 'casting', 'fishing spot', 'tips and tricks', 'feeder fishing', 'fishing simulator', 'farm', 'silver farm', 'trophy', 'carp farm', 'money farm carp', 'money farm', 'bottom fishing', 'active', 'spot', 'hotspot', 'active spot', 'hot', 'silver', 'blue', 'ladoga whitefish', 'siberian roach', 'blue trophy', 'gibel', 'super trophy']",en-US,45,https://i.ytimg.com/vi/SU_pzFS8xUk/maxresdefault.jpg,1280.0,720.0,,
youtube#video,diaYSJHTKJhTjHXXGJLyyHS9wEA,tE3bgmbVrLc,2012-01-27T00:19:37Z,UCJvz6OVBX8nG4v5i_d3GtHw,Amber Heard x Mila Kunis || Bitches,,https://i.ytimg.com/vi/tE3bgmbVrLc/default.jpg,120,90,https://i.ytimg.com/vi/tE3bgmbVrLc/mqdefault.jpg,320,180,https://i.ytimg.com/vi/tE3bgmbVrLc/hqdefault.jpg,480,360,ICEYSTORMI,24,none,Amber Heard x Mila Kunis || Bitches,,PT29S,2d,hd,false,False,rectangular,processed,public,youtube,True,True,False,4556,0,0,https://i.ytimg.com/vi/tE3bgmbVrLc/sddefault.jpg,640.0,480.0,,,39,https://i.ytimg.com/vi/tE3bgmbVrLc/maxresdefault.jpg,1280.0,720.0,,
youtube#video,7GBe6rBhcxWe56HuY8ggQRd1AEA,vfuViP3qw3o,2009-08-27T12:34:42Z,UCZin4bC71WvUy73Fzz4BEYQ,Amber Heard-Carrie D,"This is a love story about Carrie D. Rainuzzo and James Bolton ( Amber Heard and Sean Faris).
First, they met at the school. They liked each other and fall in love. But Carrie's ex-boyfriend killed James in a fight. She was broken into pieces...",https://i.ytimg.com/vi/vfuViP3qw3o/default.jpg,120,90,https://i.ytimg.com/vi/vfuViP3qw3o/mqdefault.jpg,320,180,https://i.ytimg.com/vi/vfuViP3qw3o/hqdefault.jpg,480,360,Astrid Evans,24,none,Amber Heard-Carrie D,"This is a love story about Carrie D. Rainuzzo and James Bolton ( Amber Heard and Sean Faris).
First, they met at the school. They liked each other and fall in love. But Carrie's ex-boyfriend killed James in a fight. She was broken into pieces...",PT4M43S,2d,sd,false,False,rectangular,processed,public,youtube,True,True,False,85899,0,12,,,,"['amber', 'heard', 'sean', 'faris', 'never', 'back', 'down', 'real', 'life', 'fairytale']",,54,,,,,"['AT', 'CH', 'DE']"
youtube#video,osu2QMZjnWOiBc6a9P9Di96wkmE,vs3rqcxhgN4,2020-11-07T17:49:24Z,UCWP1PZPgGgAogofSLwKANSQ,Johnny Depp got screwed.  Libel case rules in favor of Amber Heard!,"Johnny Depp has been completely 100% screwed on this one.  A U.K. court just ruled in favor of the publication The Sun after a criminal court ruled in favor of Depp.  This is just flat out awful that a publication can libel someone and print false information with no consequence after a criminal case ruled it was untrue. 

Please like, comment and subscribe for more content and let me know what you would like me to cover in future videos.",https://i.ytimg.com/vi/vs3rqcxhgN4/default.jpg,120,90,https://i.ytimg.com/vi/vs3rqcxhgN4/mqdefault.jpg,320,180,https://i.ytimg.com/vi/vs3rqcxhgN4/hqdefault.jpg,480,360,RANGER_DANGER,24,none,Johnny Depp got screwed.  Libel case rules in favor of Amber Heard!,"Johnny Depp has been completely 100% screwed on this one.  A U.K. court just ruled in favor of the publication The Sun after a criminal court ruled in favor of Depp.  This is just flat out awful that a publication can libel someone and print false information with no consequence after a criminal case ruled it was untrue. 

Please like, comment and subscribe for more content and let me know what you would like me to cover in future videos.",PT7M16S,2d,hd,false,False,rectangular,processed,public,youtube,True,True,False,19,0,0,https://i.ytimg.com/vi/vs3rqcxhgN4/sddefault.jpg,640.0,480.0,"['johnny depp', 'johnny depp court case', 'court case', 'uk courts', 'amber heard', 'harry potter', 'johnny depp fired', 'fantastic beasts 3', 'movie delay']",en,1,https://i.ytimg.com/vi/vs3rqcxhgN4/maxresdefault.jpg,1280.0,720.0,en,
youtube#video,tj7vw4_D3NIVtX2qo2LGQ1T63y4,wRo05uNw83c,2019-11-18T09:41:58Z,UC-Dm_k3RWOO-rECGc1mgVXw,Free At Last! Johnny Depp's Girlfriend Calls It Quits Amid His Legal Battles With Amber Heard,"Johnny Depp‚Äòs girlfriend Polina Glen isn‚Äôt cut out for the spotlight.

The Russian dancer called it quits with the 56-year old actor and fled to Russia to find solace after their breakup.

As Radar previously reported, Glen was a die-hard fan of the 21 Jump Street star in her teenage years, long before they were first spotted kissing in 2018.",https://i.ytimg.com/vi/wRo05uNw83c/default.jpg,120,90,https://i.ytimg.com/vi/wRo05uNw83c/mqdefault.jpg,320,180,https://i.ytimg.com/vi/wRo05uNw83c/hqdefault.jpg,480,360,Wonder TV,24,none,Free At Last! Johnny Depp's Girlfriend Calls It Quits Amid His Legal Battles With Amber Heard,"Johnny Depp‚Äòs girlfriend Polina Glen isn‚Äôt cut out for the spotlight.

The Russian dancer called it quits with the 56-year old actor and fled to Russia to find solace after their breakup.

As Radar previously reported, Glen was a die-hard fan of the 21 Jump Street star in her teenage years, long before they were first spotted kissing in 2018.",PT2M26S,2d,hd,false,True,rectangular,processed,public,youtube,True,True,False,10822,0,20,https://i.ytimg.com/vi/wRo05uNw83c/sddefault.jpg,640.0,480.0,"['Johnny Depp', 'Amber Heard', 'Polina Glen', 'Russian', 'dancer', 'divorce', 'actor', 'defamation', 'lawsuit', 'medical records', 'medical health', 'johnny depp', 'johnny depp amber heard', 'amber heard']",zh-CN,60,,,,en,
youtube#video,xJ2ZYm4F9OzdT-ctz_qbeatjzek,Y4ve07EXTiw,2018-11-29T18:02:55Z,UC22s0SRtpVR4w-6TK-GQY-w,"NEW TRAILER OF DC |LATEST TRAILER 2018|(Jason Momoa,Amber Heard)",Aquaman latest Trailer,https://i.ytimg.com/vi/Y4ve07EXTiw/default.jpg,120,90,https://i.ytimg.com/vi/Y4ve07EXTiw/mqdefault.jpg,320,180,https://i.ytimg.com/vi/Y4ve07EXTiw/hqdefault.jpg,480,360,Hollywood Hills,1,none,"NEW TRAILER OF DC |LATEST TRAILER 2018|(Jason Momoa,Amber Heard)",Aquaman latest Trailer,PT2M36S,2d,hd,false,False,rectangular,processed,public,youtube,True,True,False,23,0,3,https://i.ytimg.com/vi/Y4ve07EXTiw/sddefault.jpg,640.0,480.0,"['HOLLYWOOD HILLS', 'hollywood hills', 'NEW TRAILER', 'NEW TRAILERS', 'latest movies', 'movie channel', 'MOVIE CHANNEL', 'NEW TRAILER OF DC', 'LATEST TRAILER 2018|', 'upcoming movie trailers', 'UPCOMING MOVIE TRAILERS', 'Jason Momoa']",,10,,,,,
youtube#video,YD694XOBmzrg222y68TQTe-B2eI,Yjmz4FuSOQ8,2015-07-21T19:11:09Z,UCHTK-2W11Vh1V4uwofOfR4w,RUSSIA: AUTHORITIES CRACK DOWN ON AMBER SMUGGLING,"(30 Nov 1995) Russian/Nat

The authorities in Russia are cracking down on amber smuggling. 

Hundreds of tons of amber are coming into the country illegally from the Russian enclave of Kaliningrad on the Baltic coast.

Ninety per cent of the world's amber supply comes from the Baltic shores -- and all it takes to collect the precious gems is a water jet and a shovel.

Kaliningrad -- once controlled by the Nazis -- is now Russia's main source of amber.

The naval outpost on the Baltic coast has huge reserves of the golden gem.

But economic hardship and flourishing crime mean that much of it is smuggled illegally into Russia.

While an estimated 650 tons a year is delivered to the factory in the town of Amber -- at least 300 tons is smuggled illegally over the border to mainland Russia. 

SOUNDBITE: (Russian)
Interests of the state should be upheld. But they can be upheld through various means and our proposal is that the state should reserve the right to own minerals separated from rock mass.
SUPER CAPTION:  Aleksei Khan, director amber factory

Hundreds of people, left unemployed by cutbacks in military spending after the end of the Cold War, now survive by digging for the material.  

They earn around 20 to 30 U-S dollars per day. 

That's a small fortune compared with the average Russian monthly salary of 100 USD. 

But the job is hazardous. 

The local Interior Ministry department makes regular raids on the amber fields, confiscating equipment and forcing the diggers to fill in the deep holes they have dug. 

SOUNDBITE: (Russian)
There are fences who will pay good money for the amber, but the majority of the diggers just do it to get some money to buy vodka. But with all this digging people can die in mud slides. Last summer we found the body of a fourteen-year old.
SUPER CAPTION: Lt Pyotr Ivankov, Kaliningrad police

But local crime officials say the punishments are ineffective. 

The most these men will receive is a heavy fine. They'll probably be back again tomorrow -- searching for amber to pay the fine.

Find out more about AP Archive: http://www.aparchive.com/HowWeWork 
Twitter: https://twitter.com/AP_Archive 
Facebook: https://www.facebook.com/APArchives ‚Äã‚Äã
Instagram: https://www.instagram.com/APNews/


You can license this story through AP Archive: http://www.aparchive.com/metadata/youtube/7f5be12529ea09f897be513a83a603d6",https://i.ytimg.com/vi/Yjmz4FuSOQ8/default.jpg,120,90,https://i.ytimg.com/vi/Yjmz4FuSOQ8/mqdefault.jpg,320,180,https://i.ytimg.com/vi/Yjmz4FuSOQ8/hqdefault.jpg,480,360,AP Archive,25,none,RUSSIA: AUTHORITIES CRACK DOWN ON AMBER SMUGGLING,"(30 Nov 1995) Russian/Nat

The authorities in Russia are cracking down on amber smuggling. 

Hundreds of tons of amber are coming into the country illegally from the Russian enclave of Kaliningrad on the Baltic coast.

Ninety per cent of the world's amber supply comes from the Baltic shores -- and all it takes to collect the precious gems is a water jet and a shovel.

Kaliningrad -- once controlled by the Nazis -- is now Russia's main source of amber.

The naval outpost on the Baltic coast has huge reserves of the golden gem.

But economic hardship and flourishing crime mean that much of it is smuggled illegally into Russia.

While an estimated 650 tons a year is delivered to the factory in the town of Amber -- at least 300 tons is smuggled illegally over the border to mainland Russia. 

SOUNDBITE: (Russian)
Interests of the state should be upheld. But they can be upheld through various means and our proposal is that the state should reserve the right to own minerals separated from rock mass.
SUPER CAPTION:  Aleksei Khan, director amber factory

Hundreds of people, left unemployed by cutbacks in military spending after the end of the Cold War, now survive by digging for the material.  

They earn around 20 to 30 U-S dollars per day. 

That's a small fortune compared with the average Russian monthly salary of 100 USD. 

But the job is hazardous. 

The local Interior Ministry department makes regular raids on the amber fields, confiscating equipment and forcing the diggers to fill in the deep holes they have dug. 

SOUNDBITE: (Russian)
There are fences who will pay good money for the amber, but the majority of the diggers just do it to get some money to buy vodka. But with all this digging people can die in mud slides. Last summer we found the body of a fourteen-year old.
SUPER CAPTION: Lt Pyotr Ivankov, Kaliningrad police

But local crime officials say the punishments are ineffective. 

The most these men will receive is a heavy fine. They'll probably be back again tomorrow -- searching for amber to pay the fine.

Find out more about AP Archive: http://www.aparchive.com/HowWeWork 
Twitter: https://twitter.com/AP_Archive 
Facebook: https://www.facebook.com/APArchives ‚Äã‚Äã
Instagram: https://www.instagram.com/APNews/


You can license this story through AP Archive: http://www.aparchive.com/metadata/youtube/7f5be12529ea09f897be513a83a603d6",PT2M36S,2d,sd,false,False,rectangular,processed,public,youtube,True,True,False,307,0,0,https://i.ytimg.com/vi/Yjmz4FuSOQ8/sddefault.jpg,640.0,480.0,"['AP Archive', '18495', '7f5be12529ea09f897be513a83a603d6', 'RUSSIA: AUTHORITIES CRACK DOWN ON AMBER SMUGGLING', 'Russia', 'Eastern Europe', 'General news']",en-US,2,,,,,
youtube#video,uktS1Bwv8t93Zqb-mMeW7EViN-U,_EkE1bwBpAA,2017-12-16T22:00:00Z,UCa8MaD6gQscto_Nq1i49iew,Kaliningrad‚Äôs Amber Mines Are Producing Record-Breaking Exquisite and Expensive ‚ÄúSunny Stones‚Äù,"Subscribe to Vesti News https://www.youtube.com/channel/UCa8MaD6gQscto_Nq1i49iew?sub_confirmation=1
A record amount of amber has been mined in the Kaliningrad Region: 450 tons of this semiprecious stone for the first time in more than 40 years. The previous record is exceeded by 30%. The biggest stones will take their places in museums. Smaller ones will be used to plot special amber routes for the coming 2018 World Cup.",https://i.ytimg.com/vi/_EkE1bwBpAA/default.jpg,120,90,https://i.ytimg.com/vi/_EkE1bwBpAA/mqdefault.jpg,320,180,https://i.ytimg.com/vi/_EkE1bwBpAA/hqdefault.jpg,480,360,Vesti News,25,none,Kaliningrad‚Äôs Amber Mines Are Producing Record-Breaking Exquisite and Expensive ‚ÄúSunny Stones‚Äù,"Subscribe to Vesti News https://www.youtube.com/channel/UCa8MaD6gQscto_Nq1i49iew?sub_confirmation=1
A record amount of amber has been mined in the Kaliningrad Region: 450 tons of this semiprecious stone for the first time in more than 40 years. The previous record is exceeded by 30%. The biggest stones will take their places in museums. Smaller ones will be used to plot special amber routes for the coming 2018 World Cup.",PT2M15S,2d,hd,false,True,rectangular,processed,public,youtube,True,False,False,28851,0,21,https://i.ytimg.com/vi/_EkE1bwBpAA/sddefault.jpg,640.0,480.0,"['news', 'latest news', 'vesti news', 'politics', 'russia', 'russia vesti', 'kiselev']",en,194,,,,,
