kind,etag,id,snippet.publishedAt,snippet.channelId,snippet.title,snippet.description,snippet.thumbnails.default.url,snippet.thumbnails.default.width,snippet.thumbnails.default.height,snippet.thumbnails.medium.url,snippet.thumbnails.medium.width,snippet.thumbnails.medium.height,snippet.thumbnails.high.url,snippet.thumbnails.high.width,snippet.thumbnails.high.height,snippet.thumbnails.standard.url,snippet.thumbnails.standard.width,snippet.thumbnails.standard.height,snippet.thumbnails.maxres.url,snippet.thumbnails.maxres.width,snippet.thumbnails.maxres.height,snippet.channelTitle,snippet.tags,snippet.categoryId,snippet.liveBroadcastContent,snippet.localized.title,snippet.localized.description,snippet.defaultAudioLanguage,contentDetails.duration,contentDetails.dimension,contentDetails.definition,contentDetails.caption,contentDetails.licensedContent,contentDetails.projection,status.uploadStatus,status.privacyStatus,status.license,status.embeddable,status.publicStatsViewable,status.madeForKids,statistics.viewCount,statistics.likeCount,statistics.favoriteCount,statistics.commentCount
youtube#video,o3fjZI_PQ3wSHh4jDwS6KC52gs4,-RtYyzSiLu4,2020-07-13T15:15:01Z,UCMv1Hkpz38OR9xNy0SRBJdg,"During libel case, Depp says Heard struck him with 'haymaker' punch","Johnny Depp accused Amber Heard of hitting him with a ‚Äúhaymaker‚Äù punch during an altercation near the end of their volatile marriage, as the star wrapped up testimony in his libel suit against a British tabloid newspaper that accused him of domestic abuse.",https://i.ytimg.com/vi/-RtYyzSiLu4/default.jpg,120,90,https://i.ytimg.com/vi/-RtYyzSiLu4/mqdefault.jpg,320,180,https://i.ytimg.com/vi/-RtYyzSiLu4/hqdefault.jpg,480,360,https://i.ytimg.com/vi/-RtYyzSiLu4/sddefault.jpg,640.0,480.0,https://i.ytimg.com/vi/-RtYyzSiLu4/maxresdefault.jpg,1280.0,720.0,CBS4 Indy,"['video', 'news', 'news & politics']",25,none,"During libel case, Depp says Heard struck him with 'haymaker' punch","Johnny Depp accused Amber Heard of hitting him with a ‚Äúhaymaker‚Äù punch during an altercation near the end of their volatile marriage, as the star wrapped up testimony in his libel suit against a British tabloid newspaper that accused him of domestic abuse.",en,PT49S,2d,hd,false,True,rectangular,processed,public,youtube,True,True,False,12,0,0,0
youtube#video,SANYPXhI_SCrNA74OaDRMsZ1tCk,0Xjb35wns5o,2020-11-02T12:43:51Z,UC7qjbdprKQvy-UDAHlVw-ng,BREAKING - JOHNNY DEPP loses Libel case against AMBER HEARD,"INQUIRIES: MissMurderAustralia@gmail.com
DONATE: https://paypal.me/MissMurderAU
STREAMLABS DONATE: https://streamlabs.com/MissMurderAust...
FACEBOOK: https://facebook.com/groups/MissMur

Notwithstanding the provisions of sections 106 and 106A, the fair use of a copyrighted work, including such use by reproduction in copies or phonorecords or by any other means specified by that section, for purposes such as criticism, comment, news reporting, teaching (including multiple copies for classroom use), scholarship, or research, is not an infringement of copyright.",https://i.ytimg.com/vi/0Xjb35wns5o/default.jpg,120,90,https://i.ytimg.com/vi/0Xjb35wns5o/mqdefault.jpg,320,180,https://i.ytimg.com/vi/0Xjb35wns5o/hqdefault.jpg,480,360,https://i.ytimg.com/vi/0Xjb35wns5o/sddefault.jpg,640.0,480.0,,,,Miss Murder,,29,none,BREAKING - JOHNNY DEPP loses Libel case against AMBER HEARD,"INQUIRIES: MissMurderAustralia@gmail.com
DONATE: https://paypal.me/MissMurderAU
STREAMLABS DONATE: https://streamlabs.com/MissMurderAust...
FACEBOOK: https://facebook.com/groups/MissMur

Notwithstanding the provisions of sections 106 and 106A, the fair use of a copyrighted work, including such use by reproduction in copies or phonorecords or by any other means specified by that section, for purposes such as criticism, comment, news reporting, teaching (including multiple copies for classroom use), scholarship, or research, is not an infringement of copyright.",en-US,PT3M56S,2d,hd,false,True,rectangular,processed,public,youtube,True,True,False,116,10,0,1
youtube#video,c-S275WQimDMEtlxhQSGYDckd7g,1Lg8RPdDEUc,2020-07-25T10:21:57Z,UCHTK-2W11Vh1V4uwofOfR4w,Depp's ex wife to give evidence in UK libel case,"(20 Jul 2020) American model-actress Amber Heard arrived at London's High Court on Monday to begin three days of evidence in the final week's proceedings of ex-husband Johhny Depp's libel suit against a British tabloid that accused him of assaulting his former spouse.
Depp used a different entrance, and was ushered through a crowd by security staff.
After a week and a half of testimony from Depp and several current or former employees of Depp and Heard, Heard is due to give her side of the story as she enters the witness box.
The Sun's defence relies on 14 allegations made by Heard of violence by Depp between 2013 and 2016, in settings including his private island in the Bahamas, a rented house in Australia and a private jet.
Heard claims that Depp first hit her in 2013, and put her through a ""three-day hostage situation"" in Australia in 2015.
She also says he threw a bottle of champagne at her and pushed her onto the floor during her 30th birthday party in 2016.
Depp is suing News Group Newspapers, publisher of The Sun, and the paper's executive editor, Dan Wootton, over an April 2018 article that called him a ""wife-beater.""
He strongly denies abusing his ex-wife, Amber Heard.
He claims Heard was the aggressor during their volatile relationship, which he has likened to ""a crime scene waiting to happen.""

Find out more about AP Archive: http://www.aparchive.com/HowWeWork 
Twitter: https://twitter.com/AP_Archive 
Facebook: https://www.facebook.com/APArchives ‚Äã‚Äã
Instagram: https://www.instagram.com/APNews/


You can license this story through AP Archive: http://www.aparchive.com/metadata/youtube/1437d82ba54a4ce3a2f27300b501c2d4",https://i.ytimg.com/vi/1Lg8RPdDEUc/default.jpg,120,90,https://i.ytimg.com/vi/1Lg8RPdDEUc/mqdefault.jpg,320,180,https://i.ytimg.com/vi/1Lg8RPdDEUc/hqdefault.jpg,480,360,,,,,,,AP Archive,"['AP Archive', '4279452', '1437d82ba54a4ce3a2f27300b501c2d4', 'UK Depp Trial Arrivals', 'London', 'England', 'United Kingdom', 'Western Europe', 'Johnny Depp', 'Amber Heard', 'Media', 'Arts and entertainment']",25,none,Depp's ex wife to give evidence in UK libel case,"(20 Jul 2020) American model-actress Amber Heard arrived at London's High Court on Monday to begin three days of evidence in the final week's proceedings of ex-husband Johhny Depp's libel suit against a British tabloid that accused him of assaulting his former spouse.
Depp used a different entrance, and was ushered through a crowd by security staff.
After a week and a half of testimony from Depp and several current or former employees of Depp and Heard, Heard is due to give her side of the story as she enters the witness box.
The Sun's defence relies on 14 allegations made by Heard of violence by Depp between 2013 and 2016, in settings including his private island in the Bahamas, a rented house in Australia and a private jet.
Heard claims that Depp first hit her in 2013, and put her through a ""three-day hostage situation"" in Australia in 2015.
She also says he threw a bottle of champagne at her and pushed her onto the floor during her 30th birthday party in 2016.
Depp is suing News Group Newspapers, publisher of The Sun, and the paper's executive editor, Dan Wootton, over an April 2018 article that called him a ""wife-beater.""
He strongly denies abusing his ex-wife, Amber Heard.
He claims Heard was the aggressor during their volatile relationship, which he has likened to ""a crime scene waiting to happen.""

Find out more about AP Archive: http://www.aparchive.com/HowWeWork 
Twitter: https://twitter.com/AP_Archive 
Facebook: https://www.facebook.com/APArchives ‚Äã‚Äã
Instagram: https://www.instagram.com/APNews/


You can license this story through AP Archive: http://www.aparchive.com/metadata/youtube/1437d82ba54a4ce3a2f27300b501c2d4",en-US,PT1M55S,2d,sd,false,True,rectangular,processed,public,youtube,True,True,False,612,8,0,5
youtube#video,2BoEOYy31U6UkEzGn4KeYXiwqvM,2zUNmSq7nrk,2020-07-28T22:30:39Z,UC10_dZylaFlzQu6WXnazYnQ,"I stand by my testimony in Johnny Depp libel case, says Amber Heard","I stand by my testimony in Johnny Depp libel case, says Amber Heard",https://i.ytimg.com/vi/2zUNmSq7nrk/default.jpg,120,90,https://i.ytimg.com/vi/2zUNmSq7nrk/mqdefault.jpg,320,180,https://i.ytimg.com/vi/2zUNmSq7nrk/hqdefault.jpg,480,360,https://i.ytimg.com/vi/2zUNmSq7nrk/sddefault.jpg,640.0,480.0,https://i.ytimg.com/vi/2zUNmSq7nrk/maxresdefault.jpg,1280.0,720.0,trieudo1,"['stand', 'by', 'my', 'testimony', 'in', 'Johnny', 'Depp', 'libel', 'case', 'says', 'Amber', 'Heard', 'I stand', 'stand by', 'by my', 'I stand by my testimony']",22,none,"I stand by my testimony in Johnny Depp libel case, says Amber Heard","I stand by my testimony in Johnny Depp libel case, says Amber Heard",,PT1M45S,2d,hd,false,False,rectangular,processed,public,youtube,True,True,False,4,0,0,0
youtube#video,hooXNse87_b-RnVhVY26HjJOUac,8iYbfu8HUSo,2020-07-21T15:17:24Z,UCOXsz69fhSCqFUuYDi1vE4g,ITV News  @itvnews @JulietBremner has the latest from the Johnny Depp libel trial as Amber Heard den,"ITV News

@itvnews
@JulietBremner has the latest from the Johnny Depp libel trial as Amber Heard denies lying about alleged injuries https://itv.com/news/2020-07-21/amber-heard-denies-lying-about-alleged-injuries-on-second-day-in-witness-box-at-johnny-depp-libel-trial‚Ä¶",https://i.ytimg.com/vi/8iYbfu8HUSo/default.jpg,120,90,https://i.ytimg.com/vi/8iYbfu8HUSo/mqdefault.jpg,320,180,https://i.ytimg.com/vi/8iYbfu8HUSo/hqdefault.jpg,480,360,https://i.ytimg.com/vi/8iYbfu8HUSo/sddefault.jpg,640.0,480.0,,,,Video Twitter news –í–∏–¥–µ–æ –∏–∑ —Ç–≤–∏—Ç—Ç–µ—Ä–∞,,22,none,ITV News  @itvnews @JulietBremner has the latest from the Johnny Depp libel trial as Amber Heard den,"ITV News

@itvnews
@JulietBremner has the latest from the Johnny Depp libel trial as Amber Heard denies lying about alleged injuries https://itv.com/news/2020-07-21/amber-heard-denies-lying-about-alleged-injuries-on-second-day-in-witness-box-at-johnny-depp-libel-trial‚Ä¶",,PT1M32S,2d,sd,false,False,rectangular,processed,public,youtube,True,True,False,39,1,0,0
youtube#video,0BNWY3z3IFs_6ccyKERqPblHQ6c,ai26W9leyuw,2021-03-18T21:03:52Z,UCw3fku0sH3qA3c3pZeJwdAw,Johnny Depp's legal team arrives for appeal against libel ruling,"Amber Heard 's claim that she gave her ¬£5.5million ($7million) divorce settlement to charity was a 'calculated and manipulative lie', Johnny Depp 's lawyers have told the Court of Appeal. The Hollywood star (left in London last year) is trying to overturn a damning High Court ruling that he assaulted his ex-wife (right last year) and put her in fear for her life, and is asking the Court of Appeal to order a retrial of his libel claim against The Sun. Following a three-week trial in July last year, Mr Justice Nicol ruled that Mr Depp, 57, assaulted Ms Heard, 34, on a dozen occasions and put her in 'fear for her life' three times. The judge found that an April 2018 column calling Mr Depp a 'wife beater' was 'substantially true'.  He said 'a recurring theme in Mr Depp's evidence was that Ms Heard had constructed a hoax and that she had done this as an 'insurance policy', and that Ms Heard was a 'gold-digger'. But he added: 'I do not accept this characterisation of Ms Heard.' Today the actor's legal team (David Sherborne QC inset) was back in court to claim the star 'did not receive a fair trial' and is applying for permission to appeal against the ruling at the Royal Courts of Justice in London on Thursday. Neither Mr Depp nor Ms Heard (her lawyer Sasha Wass QC inset) were in court today.

Original Article: http://www.dailymail.co.uk/news/article-9375995/Johnny-Depps-lawyers-accuse-Amber-Heard-lying-giving-5-5m-divorce-settlement-charity.html
Original Video: http://www.dailymail.co.uk/video/newsalerts/video-2378896/Video-Johnny-Depp-seeks-appeal-against-ruling-wife-beater-libel-case.html

Daily Mail Facebook: http://facebook.com/dailymail
Daily Mail IG: http://instagram.com/dailymail
Daily Mail Snap: https://www.snapchat.com/discover/Daily-Mail/8392137033
Daily Mail Twitter: http://twitter.com/MailOnline
Daily Mail Pinterest: http://pinterest.co.uk/dailymail
Daily Mail Google+: https://plus.google.com/+DailyMail

Get the free Daily Mail mobile app: http://dailymail.co.uk/mobile",https://i.ytimg.com/vi/ai26W9leyuw/default.jpg,120,90,https://i.ytimg.com/vi/ai26W9leyuw/mqdefault.jpg,320,180,https://i.ytimg.com/vi/ai26W9leyuw/hqdefault.jpg,480,360,https://i.ytimg.com/vi/ai26W9leyuw/sddefault.jpg,640.0,480.0,https://i.ytimg.com/vi/ai26W9leyuw/maxresdefault.jpg,1280.0,720.0,Daily Mail,"[""johnny depp's"", 'libel', 'team']",25,none,Johnny Depp's legal team arrives for appeal against libel ruling,"Amber Heard 's claim that she gave her ¬£5.5million ($7million) divorce settlement to charity was a 'calculated and manipulative lie', Johnny Depp 's lawyers have told the Court of Appeal. The Hollywood star (left in London last year) is trying to overturn a damning High Court ruling that he assaulted his ex-wife (right last year) and put her in fear for her life, and is asking the Court of Appeal to order a retrial of his libel claim against The Sun. Following a three-week trial in July last year, Mr Justice Nicol ruled that Mr Depp, 57, assaulted Ms Heard, 34, on a dozen occasions and put her in 'fear for her life' three times. The judge found that an April 2018 column calling Mr Depp a 'wife beater' was 'substantially true'.  He said 'a recurring theme in Mr Depp's evidence was that Ms Heard had constructed a hoax and that she had done this as an 'insurance policy', and that Ms Heard was a 'gold-digger'. But he added: 'I do not accept this characterisation of Ms Heard.' Today the actor's legal team (David Sherborne QC inset) was back in court to claim the star 'did not receive a fair trial' and is applying for permission to appeal against the ruling at the Royal Courts of Justice in London on Thursday. Neither Mr Depp nor Ms Heard (her lawyer Sasha Wass QC inset) were in court today.

Original Article: http://www.dailymail.co.uk/news/article-9375995/Johnny-Depps-lawyers-accuse-Amber-Heard-lying-giving-5-5m-divorce-settlement-charity.html
Original Video: http://www.dailymail.co.uk/video/newsalerts/video-2378896/Video-Johnny-Depp-seeks-appeal-against-ruling-wife-beater-libel-case.html

Daily Mail Facebook: http://facebook.com/dailymail
Daily Mail IG: http://instagram.com/dailymail
Daily Mail Snap: https://www.snapchat.com/discover/Daily-Mail/8392137033
Daily Mail Twitter: http://twitter.com/MailOnline
Daily Mail Pinterest: http://pinterest.co.uk/dailymail
Daily Mail Google+: https://plus.google.com/+DailyMail

Get the free Daily Mail mobile app: http://dailymail.co.uk/mobile",,PT2M20S,2d,sd,false,True,rectangular,processed,public,youtube,True,True,False,3675,60,0,9
youtube#video,SaKHrXUprd8cv0DKX6-JfD40BSk,B8HJ9UMgbsE,2020-11-02T10:17:44Z,UCjqZQ1VdGN6gYt32vLBMmew,"LIVE: UK judge to rule on Johnny Depp ""wife beater"" libel action","UK judge to rule on Johnny Depp ""wife beater"" libel action

#JohnnyDepp #Amberheard",https://i.ytimg.com/vi/B8HJ9UMgbsE/default.jpg,120,90,https://i.ytimg.com/vi/B8HJ9UMgbsE/mqdefault.jpg,320,180,https://i.ytimg.com/vi/B8HJ9UMgbsE/hqdefault.jpg,480,360,https://i.ytimg.com/vi/B8HJ9UMgbsE/sddefault.jpg,640.0,480.0,https://i.ytimg.com/vi/B8HJ9UMgbsE/maxresdefault.jpg,1280.0,720.0,shauntv,"['Johnny Depp', 'Amber heard']",24,none,"LIVE: UK judge to rule on Johnny Depp ""wife beater"" libel action","UK judge to rule on Johnny Depp ""wife beater"" libel action

#JohnnyDepp #Amberheard",,PT10M17S,2d,hd,false,False,rectangular,processed,public,youtube,False,True,False,15,0,0,0
youtube#video,9XmuuEuv0a4nLiYHhLXs6P-X2YM,Bb5KvUi9B00,2020-07-22T06:40:03Z,UCdrsvuw055Yvvqe1jWWUlDA,JOHNNY DEPP/AMBER HEARD LIBEL CASE.,"Celebrity hoo-ha, football mania,distractions to what is looming says Martin.",https://i.ytimg.com/vi/Bb5KvUi9B00/default.jpg,120,90,https://i.ytimg.com/vi/Bb5KvUi9B00/mqdefault.jpg,320,180,https://i.ytimg.com/vi/Bb5KvUi9B00/hqdefault.jpg,480,360,https://i.ytimg.com/vi/Bb5KvUi9B00/sddefault.jpg,640.0,480.0,https://i.ytimg.com/vi/Bb5KvUi9B00/maxresdefault.jpg,1280.0,720.0,Red And Black,"['Johnny Depp', 'Amber Heard', 'Domestic abuse', 'Paparazzi', 'C19', 'Celebrities', 'Football', 'Liverpool', 'Leeds', 'Tic Toc', 'Unemployment', 'Brexit', 'Diplomatic war', 'China', 'Russia', 'Second wave', 'Tabloid culture', 'Anarchist analysis', 'Anarchist commentary']",25,none,JOHNNY DEPP/AMBER HEARD LIBEL CASE.,"Celebrity hoo-ha, football mania,distractions to what is looming says Martin.",,PT1M52S,2d,hd,false,False,rectangular,processed,public,youtube,True,True,False,261,12,0,1
youtube#video,kt6NuFOjGFgUkiCdmAW-Tt9JcfQ,cap06w-U-oY,2020-07-07T11:52:56Z,UCGV1ffHz9pRw1s5tf-7wARQ,Johnny Depp and Amber Heard in court for libel case,"Hollywood star Johnny Depp began legal action against a British tabloid over allegations he had physically abused his ex-wife, the actress Amber Heard, accusing her of lying.",https://i.ytimg.com/vi/cap06w-U-oY/default.jpg,120,90,https://i.ytimg.com/vi/cap06w-U-oY/mqdefault.jpg,320,180,https://i.ytimg.com/vi/cap06w-U-oY/hqdefault.jpg,480,360,https://i.ytimg.com/vi/cap06w-U-oY/sddefault.jpg,640.0,480.0,https://i.ytimg.com/vi/cap06w-U-oY/maxresdefault.jpg,1280.0,720.0,Shauntvng,"['Johnny Depp', 'Amber Heard', 'Johnny Depp and Amber Heard in court for libel case', 'libel case']",25,none,Johnny Depp and Amber Heard in court for libel case,"Hollywood star Johnny Depp began legal action against a British tabloid over allegations he had physically abused his ex-wife, the actress Amber Heard, accusing her of lying.",en-GB,PT1M13S,2d,hd,false,False,rectangular,processed,public,youtube,True,True,False,21,1,0,0
youtube#video,hARJhnQG7x8ME4WtTeKtNBaUlyI,cVpN8hhPHYw,2020-07-22T17:13:22Z,UC3l-bobp_xuBlL_lRRS5RmA,Johnny Depp EXIT v Amber Heard EXIT DAY 12,#johnnydepp #AmberHeard,https://i.ytimg.com/vi/cVpN8hhPHYw/default.jpg,120,90,https://i.ytimg.com/vi/cVpN8hhPHYw/mqdefault.jpg,320,180,https://i.ytimg.com/vi/cVpN8hhPHYw/hqdefault.jpg,480,360,https://i.ytimg.com/vi/cVpN8hhPHYw/sddefault.jpg,640.0,480.0,https://i.ytimg.com/vi/cVpN8hhPHYw/maxresdefault.jpg,1280.0,720.0,UnBoxPHD,"['johnny Depp v amber Heard', 'johnny Depp LEAVES court', 'amber Heard LEAVES court']",22,none,Johnny Depp EXIT v Amber Heard EXIT DAY 12,#johnnydepp #AmberHeard,,PT1M13S,2d,hd,false,True,rectangular,processed,public,youtube,True,True,False,12410,200,0,46
youtube#video,Q-bOKKNbJVUMaXdmpQlGzRmKdSE,dKdOOaSOygw,2020-11-02T09:11:20Z,UCjqZQ1VdGN6gYt32vLBMmew,"LIVE: UK judge to rule on Johnny Depp ""wife beater"" libel action","UK judge to rule on Johnny Depp ""wife beater"" libel action

#JohnnyDepp #Amberheard",https://i.ytimg.com/vi/dKdOOaSOygw/default.jpg,120,90,https://i.ytimg.com/vi/dKdOOaSOygw/mqdefault.jpg,320,180,https://i.ytimg.com/vi/dKdOOaSOygw/hqdefault.jpg,480,360,https://i.ytimg.com/vi/dKdOOaSOygw/sddefault.jpg,640.0,480.0,https://i.ytimg.com/vi/dKdOOaSOygw/maxresdefault.jpg,1280.0,720.0,shauntv,"['Johnny Depp', 'Amber heard']",24,none,"LIVE: UK judge to rule on Johnny Depp ""wife beater"" libel action","UK judge to rule on Johnny Depp ""wife beater"" libel action

#JohnnyDepp #Amberheard",,PT6M16S,2d,hd,false,False,rectangular,processed,public,youtube,False,True,False,42,1,0,0
youtube#video,3HNDodwphAXzYHUwKGSSeueQF_k,eIWlA2YGZU4,2020-07-09T11:52:35Z,UCw3fku0sH3qA3c3pZeJwdAw,Day Three: Johnny Depp arrives at High Court for libel case,"Amber Heard has arrived at the High Court today after going out on the town with her sister until the early hours of this morning on the third day of Johnny Depp's blockbuster libel trial in London. The 34-year-old actress was seen leaving Oswald's, a private members club with bottles of wine costing hundreds of pounds, just after 1.40am with her sister Whitney and other friends. Heard appeared to be wearing a similar outfit to the one she has worn to each day of Depp's libel action in the High Court, while¬†Whitney - who is set to give evidence during her sister's trial - wore a blue jumpsuit. Heard arrived at the High Court this morning as Depp, 57, is expected to take the stand again after days of evidence where he has been accused of being violent towards her. Depp is suing The Sun for libel after it labelled him a 'wife beater' in a trial that is set to take three weeks and feature celebrity witnesses including Vanessa Paradis and Paul Bettany.

Original Article: http://www.dailymail.co.uk/news/article-8505199/Amber-Heard-hits-town-small-hours-morning-day-three-Johnny-Depp-trial.html
Original Video: http://www.dailymail.co.uk/video/newsalerts/video-2207490/Video-Day-Three-Johnny-Depp-Amber-Heard-arrive-High-Court.html

Daily Mail Facebook: http://facebook.com/dailymail
Daily Mail IG: http://instagram.com/dailymail
Daily Mail Snap: https://www.snapchat.com/discover/Daily-Mail/8392137033
Daily Mail Twitter: http://twitter.com/MailOnline
Daily Mail Pinterest: http://pinterest.co.uk/dailymail
Daily Mail Google+: https://plus.google.com/+DailyMail

Get the free Daily Mail mobile app: http://dailymail.co.uk/mobile",https://i.ytimg.com/vi/eIWlA2YGZU4/default.jpg,120,90,https://i.ytimg.com/vi/eIWlA2YGZU4/mqdefault.jpg,320,180,https://i.ytimg.com/vi/eIWlA2YGZU4/hqdefault.jpg,480,360,,,,,,,Daily Mail,"['day three', 'johnny depp', 'high court', 'libel case', 'johnny depp amber heard', 'amber heard johnny depp', 'amber heard and johnny depp', 'johnny depp the sun', 'the sun', 'johnny depp libel case', 'amber heard']",24,none,Day Three: Johnny Depp arrives at High Court for libel case,"Amber Heard has arrived at the High Court today after going out on the town with her sister until the early hours of this morning on the third day of Johnny Depp's blockbuster libel trial in London. The 34-year-old actress was seen leaving Oswald's, a private members club with bottles of wine costing hundreds of pounds, just after 1.40am with her sister Whitney and other friends. Heard appeared to be wearing a similar outfit to the one she has worn to each day of Depp's libel action in the High Court, while¬†Whitney - who is set to give evidence during her sister's trial - wore a blue jumpsuit. Heard arrived at the High Court this morning as Depp, 57, is expected to take the stand again after days of evidence where he has been accused of being violent towards her. Depp is suing The Sun for libel after it labelled him a 'wife beater' in a trial that is set to take three weeks and feature celebrity witnesses including Vanessa Paradis and Paul Bettany.

Original Article: http://www.dailymail.co.uk/news/article-8505199/Amber-Heard-hits-town-small-hours-morning-day-three-Johnny-Depp-trial.html
Original Video: http://www.dailymail.co.uk/video/newsalerts/video-2207490/Video-Day-Three-Johnny-Depp-Amber-Heard-arrive-High-Court.html

Daily Mail Facebook: http://facebook.com/dailymail
Daily Mail IG: http://instagram.com/dailymail
Daily Mail Snap: https://www.snapchat.com/discover/Daily-Mail/8392137033
Daily Mail Twitter: http://twitter.com/MailOnline
Daily Mail Pinterest: http://pinterest.co.uk/dailymail
Daily Mail Google+: https://plus.google.com/+DailyMail

Get the free Daily Mail mobile app: http://dailymail.co.uk/mobile",,PT38S,2d,sd,false,True,rectangular,processed,public,youtube,True,True,False,7630,61,0,37
youtube#video,ijgWfDoEO85QJtu1eTxV7u9Wc08,etHtzyAnopA,2020-07-20T15:13:27Z,UC10_dZylaFlzQu6WXnazYnQ,Johnny Depp libel trial: 'The only way out of the relationship was death' Amber Heard tells court,Johnny Depp libel trial: 'The only way out of the relationship was death' Amber Heard tells court,https://i.ytimg.com/vi/etHtzyAnopA/default.jpg,120,90,https://i.ytimg.com/vi/etHtzyAnopA/mqdefault.jpg,320,180,https://i.ytimg.com/vi/etHtzyAnopA/hqdefault.jpg,480,360,https://i.ytimg.com/vi/etHtzyAnopA/sddefault.jpg,640.0,480.0,https://i.ytimg.com/vi/etHtzyAnopA/maxresdefault.jpg,1280.0,720.0,trieudo1,"['Johnny', 'Depp', 'libel', 'trial', 'The', 'only', 'way', 'out', 'of', 'the', 'relationship', 'was', 'death', 'Amber', 'Heard', 'tells', 'court', 'Johnny Depp', 'Depp libel', 'libel trial']",22,none,Johnny Depp libel trial: 'The only way out of the relationship was death' Amber Heard tells court,Johnny Depp libel trial: 'The only way out of the relationship was death' Amber Heard tells court,,PT8M28S,2d,hd,false,False,rectangular,processed,public,youtube,True,True,False,5,0,0,0
youtube#video,NvVmeelSNusxjRxe2wI1SVkbpEw,goihjKrnFqg,2020-12-08T22:54:02Z,UCvoaPwwW5n7SCJHejJfL0bw,Johnny Depp applies to Court of Appeals to overturn Amber Heard libel case verdict,"Johnny Depp applies to Court of Appeals to overturn Amber Heard libel case verdict
Please Subscribe: https://www.youtube.com/channel/UCvoaPwwW5n7SCJHejJfL0bw?sub_confirmation=1
Source: https://metro.co.uk/2020/12/08/johnny-depp-applies-to-court-of-appeals-after-losing-libel-case-13722781/
#JohnnyDepp, #applies, #Court, #Appeals, #overturn, #AmberHeard, #libel, #case, #verdict",https://i.ytimg.com/vi/goihjKrnFqg/default.jpg,120,90,https://i.ytimg.com/vi/goihjKrnFqg/mqdefault.jpg,320,180,https://i.ytimg.com/vi/goihjKrnFqg/hqdefault.jpg,480,360,https://i.ytimg.com/vi/goihjKrnFqg/sddefault.jpg,640.0,480.0,,,,AGypsysDuality,[''],22,none,Johnny Depp applies to Court of Appeals to overturn Amber Heard libel case verdict,"Johnny Depp applies to Court of Appeals to overturn Amber Heard libel case verdict
Please Subscribe: https://www.youtube.com/channel/UCvoaPwwW5n7SCJHejJfL0bw?sub_confirmation=1
Source: https://metro.co.uk/2020/12/08/johnny-depp-applies-to-court-of-appeals-after-losing-libel-case-13722781/
#JohnnyDepp, #applies, #Court, #Appeals, #overturn, #AmberHeard, #libel, #case, #verdict",,PT5M12S,2d,hd,false,False,rectangular,processed,public,youtube,True,True,False,65,8,0,2
youtube#video,AP3wEPscWcBzlIOBrhuLrVnQFPU,gY4WdHqn_CY,2020-11-02T10:27:27Z,UCn7u9aQNKtd75CR-2zKbxHQ,Johnny Depp loses libel case against British tabloid that branded him a 'wife beater' to Amber ...,"A 2018 article in British tabloid The Sun that branded Johnny Depp a ""wife beate",https://i.ytimg.com/vi/gY4WdHqn_CY/default.jpg,120,90,https://i.ytimg.com/vi/gY4WdHqn_CY/mqdefault.jpg,320,180,https://i.ytimg.com/vi/gY4WdHqn_CY/hqdefault.jpg,480,360,https://i.ytimg.com/vi/gY4WdHqn_CY/sddefault.jpg,640.0,480.0,https://i.ytimg.com/vi/gY4WdHqn_CY/maxresdefault.jpg,1280.0,720.0,Breaking News Today,['Breaking News Today'],24,none,Johnny Depp loses libel case against British tabloid that branded him a 'wife beater' to Amber ...,"A 2018 article in British tabloid The Sun that branded Johnny Depp a ""wife beate",en-US,PT3M10S,2d,hd,false,False,rectangular,processed,public,youtube,True,True,False,9,0,0,0
youtube#video,XsOVezODSvBnuPf1o_FOrAVrVyE,hW1fm8ZqKPs,2020-07-14T09:42:37Z,UCHTK-2W11Vh1V4uwofOfR4w,"Depp, Heard arrive for third day of UK libel trial","(9 Jul 2020) Actor Johnny Depp and his ex-wife, actress Amber Heard arrived at the High Court in London on Thursday for the third day of a three-week trial over his libel case against a British newspaper.
Depp is suing News Group Newspapers, publisher of The Sun, and the paper‚Äôs executive editor, Dan Wootton, over an April 2018 article that said he‚Äôd physically abused ex-wife Amber Heard. 
The newspaper's lawyers plan to use Heard's allegations of abuse by Depp to defend the ‚Äúwife beater‚Äù claim.
The trial opened on Tuesday. 
It is one of the first major cases to be held in person since Britain began to lift its coronavirus lockdown.
Depp, 57, and Heard, 34, met on the set of the 2011 comedy ‚ÄúThe Rum Diary‚Äù and married in Los Angeles in February 2015. They divorced in 2017 and now bitterly accuse one another of abuse.
While Heard isn't on trial, the case is also a showdown between the former spouses, who accuse each other of being controlling, violent and deceitful.
It is set to put the two performers‚Äô complex private lives under a microscope.
Depp is also suing Heard in the United States for 50 million US dollars for allegedly defaming him in a Washington Post article about domestic abuse. 
That case is due to be heard next year.

Find out more about AP Archive: http://www.aparchive.com/HowWeWork 
Twitter: https://twitter.com/AP_Archive 
Facebook: https://www.facebook.com/APArchives ‚Äã‚Äã
Instagram: https://www.instagram.com/APNews/


You can license this story through AP Archive: http://www.aparchive.com/metadata/youtube/db2f4c0be67b49ce949681eaeaac4f4d",https://i.ytimg.com/vi/hW1fm8ZqKPs/default.jpg,120,90,https://i.ytimg.com/vi/hW1fm8ZqKPs/mqdefault.jpg,320,180,https://i.ytimg.com/vi/hW1fm8ZqKPs/hqdefault.jpg,480,360,,,,,,,AP Archive,"['AP Archive', '4277821', 'db2f4c0be67b49ce949681eaeaac4f4d', 'UK Depp Arrival', 'Amber Heard', 'Johnny Depp', 'United Kingdom', 'Western Europe', 'London', 'England', 'Health', 'Arts and entertainment', 'Media', '2019-2020 Coronavirus pandemic']",25,none,"Depp, Heard arrive for third day of UK libel trial","(9 Jul 2020) Actor Johnny Depp and his ex-wife, actress Amber Heard arrived at the High Court in London on Thursday for the third day of a three-week trial over his libel case against a British newspaper.
Depp is suing News Group Newspapers, publisher of The Sun, and the paper‚Äôs executive editor, Dan Wootton, over an April 2018 article that said he‚Äôd physically abused ex-wife Amber Heard. 
The newspaper's lawyers plan to use Heard's allegations of abuse by Depp to defend the ‚Äúwife beater‚Äù claim.
The trial opened on Tuesday. 
It is one of the first major cases to be held in person since Britain began to lift its coronavirus lockdown.
Depp, 57, and Heard, 34, met on the set of the 2011 comedy ‚ÄúThe Rum Diary‚Äù and married in Los Angeles in February 2015. They divorced in 2017 and now bitterly accuse one another of abuse.
While Heard isn't on trial, the case is also a showdown between the former spouses, who accuse each other of being controlling, violent and deceitful.
It is set to put the two performers‚Äô complex private lives under a microscope.
Depp is also suing Heard in the United States for 50 million US dollars for allegedly defaming him in a Washington Post article about domestic abuse. 
That case is due to be heard next year.

Find out more about AP Archive: http://www.aparchive.com/HowWeWork 
Twitter: https://twitter.com/AP_Archive 
Facebook: https://www.facebook.com/APArchives ‚Äã‚Äã
Instagram: https://www.instagram.com/APNews/


You can license this story through AP Archive: http://www.aparchive.com/metadata/youtube/db2f4c0be67b49ce949681eaeaac4f4d",en-US,PT1M44S,2d,sd,false,True,rectangular,processed,public,youtube,True,True,False,350,2,0,0
youtube#video,ZWNssrNUmpOPtXeqzv9agcpx9Hc,iyO1Ac33NX0,2020-07-28T17:24:07Z,UC5uItZ5InfVuqRegsoir_dQ,‚úÖ  Johnny Depp's libel case against a British tabloid that accused him of abusing ex-wife Amber Hear,"‚úÖ  Johnny Depp's libel case against a British tabloid that accused him of abusing ex-wife Amber Heard was wrapping up Tuesday after three weeks of court hearings that dissected a toxic celebrity love affair.
üíñ Please Subscribe: https://www.youtube.com/channel/UC5uItZ5InfVuqRegsoir_dQ?sub_confirmation=1
üíñ 

Source: https://www.cbc.ca/news/entertainment/britain-johnny-depp-case-closing-1.5665611",https://i.ytimg.com/vi/iyO1Ac33NX0/default.jpg,120,90,https://i.ytimg.com/vi/iyO1Ac33NX0/mqdefault.jpg,320,180,https://i.ytimg.com/vi/iyO1Ac33NX0/hqdefault.jpg,480,360,,,,,,,ryanmost,,22,none,‚úÖ  Johnny Depp's libel case against a British tabloid that accused him of abusing ex-wife Amber Hear,"‚úÖ  Johnny Depp's libel case against a British tabloid that accused him of abusing ex-wife Amber Heard was wrapping up Tuesday after three weeks of court hearings that dissected a toxic celebrity love affair.
üíñ Please Subscribe: https://www.youtube.com/channel/UC5uItZ5InfVuqRegsoir_dQ?sub_confirmation=1
üíñ 

Source: https://www.cbc.ca/news/entertainment/britain-johnny-depp-case-closing-1.5665611",,PT5M15S,2d,hd,false,False,rectangular,processed,public,youtube,True,True,False,9,0,0,1
youtube#video,Vq96CiqApWSOiyU76gXY6cp755w,jce5e8iNJTI,2020-11-02T19:51:27Z,UC24cQazdgQThFUQDDryD73A,"Johnny Depp Is Officially Labelled As ""Wife Beater"" After Losing The Libel Case Against The Sun","Title: Johnny Depp Loses Libel Case Against Britain's Sun Newspaper, Is The Ball In Amber's Court Now?

Read More Stories Here: www.haveitalldaily.com 

Description:
The case that had a global attention has finally concluded and it is terrible news for millions of Johnny Depp fans as he has lost his highly publicized libel case against the publisher of Britain's The Sun newspaper. The newpaper has earlier claimed that the Pirates Of Caribbean actor was an abusive husband and a wife beater referring to his married life with ex-wife Amber Heard. 
Johnny Depp has sued ‚ÄúThe Sun‚Äôs executive Director‚Äù Dan Wootton and News Group Newspapers over an article accusing the actor of being involved in domestic violence and physical altercation towards Amber Heard when they were together. 
But on Monday, November 2nd, 2020 the UK high court has ruled in favor of the tabloid. But does it mean the court has also confirmed Johnny Depp as a ‚ÄúWife Beater‚Äù? 
As reported by CNN: 
Citing evidence, including photos, audio recordings and Depp's own text messages, lawyers for the newspaper group argued in court filings that Depp ""beat his wife Amber Heard, causing her to suffer significant injury, and on occasion leading to her fearing for her life.""
Judge Andrew Nicol has passed a historical judgment favoring the News outlet and categorically mentioned the claims made by the News Outlet are substantially true. 
""I have reached these conclusions having examined in detail the 14 incidents on which the defendants rely, as well as the over-arching considerations which the claimant submitted I should take into account,"" the judge said.
During the trial Depp has admitted having problem with drugs and alcohol but has always denied the accusation of being violent with his partner. 
The case was highly publicized and got heated in the month of July this year and Amber Heard has narrated her side of story acknowledging the tabloid‚Äôs claim to be correct. 
""When Johnny puts his attention on you, with all his intensity and darkness, it is unlike anything I've ever experienced,"" she said in a written witness statement submitted to the court.
""Some incidents were so severe that I was afraid he was going to kill me, either intentionally or just by losing control and going too far. He explicitly threatened to kill me many times, especially later in our relationship,"" Heard told the court, according to the UK's PA Media news agency.
The tabloid is one of the subsidiaries owned by Media Magnet Rupert Murdoch released a statement following the verdict: 
""The Sun has stood up and campaigned for the victims of domestic abuse for over 20 years. Domestic abuse victims must never be silenced and we thank the judge for his careful consideration and thank Amber Heard for her courage in giving evidence to the court.""  
Now it will be interesting to see if Amber Heard is motivated to pursue it further and take legal action for what has already been substantiated by London High Court, or it‚Äôs the case closed. 
What are your thoughts? 
Thanks ‚Ä¶..",https://i.ytimg.com/vi/jce5e8iNJTI/default.jpg,120,90,https://i.ytimg.com/vi/jce5e8iNJTI/mqdefault.jpg,320,180,https://i.ytimg.com/vi/jce5e8iNJTI/hqdefault.jpg,480,360,https://i.ytimg.com/vi/jce5e8iNJTI/sddefault.jpg,640.0,480.0,https://i.ytimg.com/vi/jce5e8iNJTI/maxresdefault.jpg,1280.0,720.0,Have It All Daily,"['Have It All Daily', 'Entertainment News Have It All Daily', 'HIAD', 'Hollywood latest news Have It All Daily', 'Johnny Depp loses defamation case against The Sun', 'Johnny Depp loses landmark libel case against The Sun', 'Johnny Depp Proven Wife Beater By London High Court', 'Amber Heard Next Legal Step', 'Amber heard legal', 'amber heard legal team leaves', 'amber heard legal battle', 'johnny depp legal trouble', 'johnny depp reaction after losing libel case', 'johnny depp the sun verdict']",24,none,"Johnny Depp Is Officially Labelled As ""Wife Beater"" After Losing The Libel Case Against The Sun","Title: Johnny Depp Loses Libel Case Against Britain's Sun Newspaper, Is The Ball In Amber's Court Now?

Read More Stories Here: www.haveitalldaily.com 

Description:
The case that had a global attention has finally concluded and it is terrible news for millions of Johnny Depp fans as he has lost his highly publicized libel case against the publisher of Britain's The Sun newspaper. The newpaper has earlier claimed that the Pirates Of Caribbean actor was an abusive husband and a wife beater referring to his married life with ex-wife Amber Heard. 
Johnny Depp has sued ‚ÄúThe Sun‚Äôs executive Director‚Äù Dan Wootton and News Group Newspapers over an article accusing the actor of being involved in domestic violence and physical altercation towards Amber Heard when they were together. 
But on Monday, November 2nd, 2020 the UK high court has ruled in favor of the tabloid. But does it mean the court has also confirmed Johnny Depp as a ‚ÄúWife Beater‚Äù? 
As reported by CNN: 
Citing evidence, including photos, audio recordings and Depp's own text messages, lawyers for the newspaper group argued in court filings that Depp ""beat his wife Amber Heard, causing her to suffer significant injury, and on occasion leading to her fearing for her life.""
Judge Andrew Nicol has passed a historical judgment favoring the News outlet and categorically mentioned the claims made by the News Outlet are substantially true. 
""I have reached these conclusions having examined in detail the 14 incidents on which the defendants rely, as well as the over-arching considerations which the claimant submitted I should take into account,"" the judge said.
During the trial Depp has admitted having problem with drugs and alcohol but has always denied the accusation of being violent with his partner. 
The case was highly publicized and got heated in the month of July this year and Amber Heard has narrated her side of story acknowledging the tabloid‚Äôs claim to be correct. 
""When Johnny puts his attention on you, with all his intensity and darkness, it is unlike anything I've ever experienced,"" she said in a written witness statement submitted to the court.
""Some incidents were so severe that I was afraid he was going to kill me, either intentionally or just by losing control and going too far. He explicitly threatened to kill me many times, especially later in our relationship,"" Heard told the court, according to the UK's PA Media news agency.
The tabloid is one of the subsidiaries owned by Media Magnet Rupert Murdoch released a statement following the verdict: 
""The Sun has stood up and campaigned for the victims of domestic abuse for over 20 years. Domestic abuse victims must never be silenced and we thank the judge for his careful consideration and thank Amber Heard for her courage in giving evidence to the court.""  
Now it will be interesting to see if Amber Heard is motivated to pursue it further and take legal action for what has already been substantiated by London High Court, or it‚Äôs the case closed. 
What are your thoughts? 
Thanks ‚Ä¶..",en,PT3M24S,2d,hd,false,True,rectangular,processed,public,youtube,True,True,False,41,4,0,0
youtube#video,jM59GNqGS3Yn0KupzTuL7XgadjQ,kams8wfBEBw,2020-07-12T09:32:53Z,UCHTK-2W11Vh1V4uwofOfR4w,Depp's ex wife arrives at UK court for libel trial,"(7 Jul 2020) Actress Amber Heard, ex-wife of actor Johnny Depp, arrived at Britain's High Court on Tuesday to attend a hearing of Depp's claim against The Sun‚Äôs publisher, News Group Newspapers over a story alleging he was abusive to her.
Depp is suing the publication, along with its executive editor, Dan Wootton, for libel over an article that branded him a ‚Äúwife beater.‚Äù 
The paper ran a story in 2018 claiming Depp was violent towards Heard.
Depp strongly denies the allegations.
Depp, 57, and model-actress Heard, 34, have accused each other of acting abusively.

Find out more about AP Archive: http://www.aparchive.com/HowWeWork 
Twitter: https://twitter.com/AP_Archive 
Facebook: https://www.facebook.com/APArchives ‚Äã‚Äã
Instagram: https://www.instagram.com/APNews/


You can license this story through AP Archive: http://www.aparchive.com/metadata/youtube/de7cc730a6d54fe1b3e3030c93c2a5e1",https://i.ytimg.com/vi/kams8wfBEBw/default.jpg,120,90,https://i.ytimg.com/vi/kams8wfBEBw/mqdefault.jpg,320,180,https://i.ytimg.com/vi/kams8wfBEBw/hqdefault.jpg,480,360,,,,,,,AP Archive,"['AP Archive', '4277424', 'de7cc730a6d54fe1b3e3030c93c2a5e1', 'UK Heard Arrival', 'Amber Heard', 'Johnny Depp', 'United Kingdom', 'Western Europe', 'General news']",25,none,Depp's ex wife arrives at UK court for libel trial,"(7 Jul 2020) Actress Amber Heard, ex-wife of actor Johnny Depp, arrived at Britain's High Court on Tuesday to attend a hearing of Depp's claim against The Sun‚Äôs publisher, News Group Newspapers over a story alleging he was abusive to her.
Depp is suing the publication, along with its executive editor, Dan Wootton, for libel over an article that branded him a ‚Äúwife beater.‚Äù 
The paper ran a story in 2018 claiming Depp was violent towards Heard.
Depp strongly denies the allegations.
Depp, 57, and model-actress Heard, 34, have accused each other of acting abusively.

Find out more about AP Archive: http://www.aparchive.com/HowWeWork 
Twitter: https://twitter.com/AP_Archive 
Facebook: https://www.facebook.com/APArchives ‚Äã‚Äã
Instagram: https://www.instagram.com/APNews/


You can license this story through AP Archive: http://www.aparchive.com/metadata/youtube/de7cc730a6d54fe1b3e3030c93c2a5e1",en-US,PT46S,2d,sd,false,True,rectangular,processed,public,youtube,True,True,False,1319,38,0,0
youtube#video,XYXQMmjHccy-AalzfMEdd11_v9w,kS_eZHInk_U,2020-11-28T07:05:45Z,UCC3lnlFZid2nJsBH434Cwtg,Dior declines to drop Johnny Depp after loss in wife-beating libel case,"Dior declines to drop Johnny Depp after loss in wife-beating libel case

============= 
Thank for your watching!
#amber heard,dior,johnny depp,11/27/20",https://i.ytimg.com/vi/kS_eZHInk_U/default.jpg,120,90,https://i.ytimg.com/vi/kS_eZHInk_U/mqdefault.jpg,320,180,https://i.ytimg.com/vi/kS_eZHInk_U/hqdefault.jpg,480,360,https://i.ytimg.com/vi/kS_eZHInk_U/sddefault.jpg,640.0,480.0,https://i.ytimg.com/vi/kS_eZHInk_U/maxresdefault.jpg,1280.0,720.0,Hollywood News,"['amber heard', 'dior', 'johnny depp', '11/27/20']",23,none,Dior declines to drop Johnny Depp after loss in wife-beating libel case,"Dior declines to drop Johnny Depp after loss in wife-beating libel case

============= 
Thank for your watching!
#amber heard,dior,johnny depp,11/27/20",,PT1M54S,2d,hd,false,False,rectangular,processed,public,youtube,True,True,False,17,0,0,0
youtube#video,P8Av4D9KiMLaf4cCismOYxmsCtU,mSRJsLlDql0,2020-11-02T21:54:01Z,UCMSEHE8dTE7RtiXMEqr9UcQ,Johnny Depp Loses Tabloid Libel Case Over Ex Amber Heard's Allegations,"Johnny Depp Loses Tabloid Libel Case Over Ex Amber Heard's Allegations. The Pirates of the Caribbean actor lost in his case against News Group Newspapers, publishers of The Sun, and executive editor Dan Wootton after he was called a ‚Äúwife beater‚Äù in a 2018 article regarding ex Amber Heard‚Äòs allegations, Variety reported Monday (November 2).
Subscribe:
https://www.youtube.com/channel/UCOaOtI428dOmr-XG1B6DXjQ",https://i.ytimg.com/vi/mSRJsLlDql0/default.jpg,120,90,https://i.ytimg.com/vi/mSRJsLlDql0/mqdefault.jpg,320,180,https://i.ytimg.com/vi/mSRJsLlDql0/hqdefault.jpg,480,360,https://i.ytimg.com/vi/mSRJsLlDql0/sddefault.jpg,640.0,480.0,https://i.ytimg.com/vi/mSRJsLlDql0/maxresdefault.jpg,1280.0,720.0,R STUDIO,"['entertainment news', 'celeb news', 'celebrity news', 'latest news', 'johnny depp', 'amber heard', 'r studio', 'johnny depp and amber heard fight', 'johnny depp case result', 'johnny depp case verdict', 'high court', 'the sun', 'johnny depp amber heard', 'amber heard johnny depp', 'amber heard johnny depp allegations', 'johnny depp loses case', 'johnny depp loses libel case', 'pirates of the caribbean', 'Andrew Nicol', 'Dan Wootton', 'johnny depp libel case', 'johnny depp and amber heard']",25,none,Johnny Depp Loses Tabloid Libel Case Over Ex Amber Heard's Allegations,"Johnny Depp Loses Tabloid Libel Case Over Ex Amber Heard's Allegations. The Pirates of the Caribbean actor lost in his case against News Group Newspapers, publishers of The Sun, and executive editor Dan Wootton after he was called a ‚Äúwife beater‚Äù in a 2018 article regarding ex Amber Heard‚Äòs allegations, Variety reported Monday (November 2).
Subscribe:
https://www.youtube.com/channel/UCOaOtI428dOmr-XG1B6DXjQ",en,PT3M23S,2d,hd,false,False,rectangular,processed,public,youtube,True,True,False,5,0,0,0
youtube#video,IX5GpAgR5zwzdx4k6ZfIixh-Ets,NccT7ozslX8,2020-11-03T00:36:01Z,UCHsqRANT0J40R_jXkdTq-Wg,Johnny Depp Loses Libel Case Against The Sun for being Labeled a ‚ÄòWoman Beater‚Äô,#johnnydepp #amberheard,https://i.ytimg.com/vi/NccT7ozslX8/default.jpg,120,90,https://i.ytimg.com/vi/NccT7ozslX8/mqdefault.jpg,320,180,https://i.ytimg.com/vi/NccT7ozslX8/hqdefault.jpg,480,360,https://i.ytimg.com/vi/NccT7ozslX8/sddefault.jpg,640.0,480.0,https://i.ytimg.com/vi/NccT7ozslX8/maxresdefault.jpg,1280.0,720.0,The Habibi Podcast,"['Amber heard', 'Elon musk', 'Lime', 'Johnny depp', 'Comment', 'Share', 'Subscribe', 'Cool', 'Awesome', 'Big', 'Nice', 'Grea', 'Great']",24,none,Johnny Depp Loses Libel Case Against The Sun for being Labeled a ‚ÄòWoman Beater‚Äô,#johnnydepp #amberheard,,PT3M45S,2d,hd,false,False,rectangular,processed,public,youtube,True,True,False,12,3,0,1
youtube#video,7mow5QLaQ2BnkxHFbuGENnf1X-I,NIeixC7kPNA,2020-08-02T00:44:02Z,UC5uItZ5InfVuqRegsoir_dQ,"‚úÖ  After three weeks of hearings, Johnny Depp's libel case against a British tabloid has come to a c","‚úÖ  After three weeks of hearings, Johnny Depp's libel case against a British tabloid has come to a close. However, for Amber Heard, those three weeks were ""incredibly painful."" RELATED: Lawyer Claims Johnny Depp Was Misogynistic Abuser Of Ex-Wife Amber Heard The ""Pirates of the Caribbean"" star was suing News Group Newspapers, publisher of the Sun,‚Ä¶
üíñ Please Subscribe: https://www.youtube.com/channel/UC5uItZ5InfVuqRegsoir_dQ?sub_confirmation=1
üíñ #AmberHeardCelebsJohnnyDeppTheSunEntertainmentCelebs

Source: https://etcanada.com/news/673658/amber-heard-says-its-been-incredibly-painful-to-relive-breakup-with-johnny-depp-during-libel-trial/",https://i.ytimg.com/vi/NIeixC7kPNA/default.jpg,120,90,https://i.ytimg.com/vi/NIeixC7kPNA/mqdefault.jpg,320,180,https://i.ytimg.com/vi/NIeixC7kPNA/hqdefault.jpg,480,360,https://i.ytimg.com/vi/NIeixC7kPNA/sddefault.jpg,640.0,480.0,https://i.ytimg.com/vi/NIeixC7kPNA/maxresdefault.jpg,1280.0,720.0,ryanmost,"['Amber Heard', 'Celebs', 'Johnny Depp', 'The Sun', 'Entertainment']",22,none,"‚úÖ  After three weeks of hearings, Johnny Depp's libel case against a British tabloid has come to a c","‚úÖ  After three weeks of hearings, Johnny Depp's libel case against a British tabloid has come to a close. However, for Amber Heard, those three weeks were ""incredibly painful."" RELATED: Lawyer Claims Johnny Depp Was Misogynistic Abuser Of Ex-Wife Amber Heard The ""Pirates of the Caribbean"" star was suing News Group Newspapers, publisher of the Sun,‚Ä¶
üíñ Please Subscribe: https://www.youtube.com/channel/UC5uItZ5InfVuqRegsoir_dQ?sub_confirmation=1
üíñ #AmberHeardCelebsJohnnyDeppTheSunEntertainmentCelebs

Source: https://etcanada.com/news/673658/amber-heard-says-its-been-incredibly-painful-to-relive-breakup-with-johnny-depp-during-libel-trial/",,PT4M30S,2d,hd,false,False,rectangular,processed,public,youtube,True,True,False,14,0,0,0
youtube#video,XefTAUJb4ixV_D02FyeIfHL4uBg,NLlGeMTww8Q,2020-11-02T12:22:20Z,UCGYf0VFdlSTzcJghW9z1DAA,Johnny Depp loses his High Court battle,Johnny Depp loses libel case against The Sun over claims he beat former wife Amber Heard,https://i.ytimg.com/vi/NLlGeMTww8Q/default.jpg,120,90,https://i.ytimg.com/vi/NLlGeMTww8Q/mqdefault.jpg,320,180,https://i.ytimg.com/vi/NLlGeMTww8Q/hqdefault.jpg,480,360,https://i.ytimg.com/vi/NLlGeMTww8Q/sddefault.jpg,640.0,480.0,https://i.ytimg.com/vi/NLlGeMTww8Q/maxresdefault.jpg,1280.0,720.0,The National News,"['amber', 'depp', 'drugs', 'drunk', 'heard', 'johnny', 'wife-beater']",25,none,Johnny Depp loses his High Court battle,Johnny Depp loses libel case against The Sun over claims he beat former wife Amber Heard,,PT38S,2d,hd,false,False,rectangular,processed,public,youtube,True,True,False,214945,4204,0,124
youtube#video,Vtog-IyzjxL1EOklruEfsgiGRpk,oZvCbLHlF-g,2020-07-07T13:18:35Z,UCMHQrw4CktQDe2KFng7uW2A,Actor Depp accuses ex-wife of lying in libel action against UK tabloid,"LONDON (Reuters) - Hollywood star Johnny Depp accused his ex-wife, actress Amber Heard, of conducting extra-marital affairs and lying about him beating her up when he appeared in a London court on Tuesday to pursue legal action against a British tabloid newspaper. ¬†Depp, the 57-year-old star of the ‚ÄúPirates of the Caribbean‚Äù films, is suing The Sun‚Äôs publisher, News Group Newspapers, and its executive editor, Dan Wootton, for libel over an article Wootton wrote in April 2018 calling him a ‚Äúwife beater‚Äù. ¬†Lawyers for Britain‚Äôs Sun tabloid said they would demonstrate that the accusation was accurate and that the actor‚Äôs recollection may be affected by his excessive drug use. ¬†Depp, wearing a dark suit and glasses and speaking in a deep clear tone, took the stand at the beginning of the case, while Heard, who arrived wearing a red scarf tied around her face, is also due to give evidence. ¬†‚ÄúFor the avoidance of any doubt, I have never abused Ms Heard, or, indeed, any other woman, in my life,‚Äù Depp said in a witness statement. ¬†Depp‚Äôs lawyer David Sherborne said in a written opening statement to London‚Äôs High Court that Heard had first aired abuse allegations in May 2016 when she obtained a restraining order against Depp and appeared to have bruises on her face caused in an incident six days earlier. ¬†‚ÄúThere is a substantial body of evidence ... which clearly demonstrates that this was a lie manufactured by Ms Heard and her friends,‚Äù Sherborne said. ¬†‚ÄúThe Claimant‚Äôs position is clear; Ms Heard‚Äôs allegations are complete lies. The Claimant was not violent towards Ms Heard, it was she who was violent to him.‚Äù Actor Johnny Depp arrives at the High Court in London, Britain July 7, 2020. REUTERS/Peter Nicholls¬†In papers submitted to the court, Depp‚Äôs team also said Heard had begun an affair with Tesla chief executive Elon Musk in early 2015 shortly after they had got married and had engaged in at least one extra-marital relationship with her co-stars, with actor James Franco named. ¬†Depp‚Äôs lawyers also said he was the victim of attacks from his ex-wife and had himself sought to avoid confrontation. ¬†THREE-WEEK CASE ¬†The couple met on the set of the 2011 film ‚ÄúThe Rum Diary‚Äù and married in February 2015. Heard filed for divorce after 15 months and days later obtained a restraining order against Depp.  ¬†Their divorce was finalised in 2017 when the restraining order was dismissed. ¬†Lawyers for The Sun said they will suggest Depp is either a ‚Äúpathological liar or his excessive alcohol and drug abuse have detached him from any insight into his own conduct‚Äù. ¬†Cross-examined by lawyer Sasha Wass, Depp agreed he had taken ‚Äúevery drug known to man‚Äù by the age of 14 and said he had had a difficult childhood and struggled to come to terms with his fame and success. ¬†‚ÄúEven when I speak my own name it sounds foreign to me,‚Äù he said. Slideshow (4 Images)¬†The Sun‚Äôs lawyers said it was Depp‚Äôs false accusation of infidelity by Heard which led to the violence. ¬†The case is",https://i.ytimg.com/vi/oZvCbLHlF-g/default.jpg,120,90,https://i.ytimg.com/vi/oZvCbLHlF-g/mqdefault.jpg,320,180,https://i.ytimg.com/vi/oZvCbLHlF-g/hqdefault.jpg,480,360,https://i.ytimg.com/vi/oZvCbLHlF-g/sddefault.jpg,640.0,480.0,https://i.ytimg.com/vi/oZvCbLHlF-g/maxresdefault.jpg,1280.0,720.0,Coronavirus News,"['US', 'BRITAIN', 'PEOPLE', 'DEPP', 'Film', 'Western Europe', 'Living / Lifestyle', 'Judicial Process / Court Cases / Court Decisions', 'Arts / Culture / Entertainment', 'Media and Publishing (TRBC)', 'Personalities / People', 'Television', 'Video', 'Publishing (TRBC)', 'Major News', 'Europe', 'Celebrities', 'United Kingdom', 'Pictures', 'Media / Publishing (Legacy)', 'United States']",22,none,Actor Depp accuses ex-wife of lying in libel action against UK tabloid,"LONDON (Reuters) - Hollywood star Johnny Depp accused his ex-wife, actress Amber Heard, of conducting extra-marital affairs and lying about him beating her up when he appeared in a London court on Tuesday to pursue legal action against a British tabloid newspaper. ¬†Depp, the 57-year-old star of the ‚ÄúPirates of the Caribbean‚Äù films, is suing The Sun‚Äôs publisher, News Group Newspapers, and its executive editor, Dan Wootton, for libel over an article Wootton wrote in April 2018 calling him a ‚Äúwife beater‚Äù. ¬†Lawyers for Britain‚Äôs Sun tabloid said they would demonstrate that the accusation was accurate and that the actor‚Äôs recollection may be affected by his excessive drug use. ¬†Depp, wearing a dark suit and glasses and speaking in a deep clear tone, took the stand at the beginning of the case, while Heard, who arrived wearing a red scarf tied around her face, is also due to give evidence. ¬†‚ÄúFor the avoidance of any doubt, I have never abused Ms Heard, or, indeed, any other woman, in my life,‚Äù Depp said in a witness statement. ¬†Depp‚Äôs lawyer David Sherborne said in a written opening statement to London‚Äôs High Court that Heard had first aired abuse allegations in May 2016 when she obtained a restraining order against Depp and appeared to have bruises on her face caused in an incident six days earlier. ¬†‚ÄúThere is a substantial body of evidence ... which clearly demonstrates that this was a lie manufactured by Ms Heard and her friends,‚Äù Sherborne said. ¬†‚ÄúThe Claimant‚Äôs position is clear; Ms Heard‚Äôs allegations are complete lies. The Claimant was not violent towards Ms Heard, it was she who was violent to him.‚Äù Actor Johnny Depp arrives at the High Court in London, Britain July 7, 2020. REUTERS/Peter Nicholls¬†In papers submitted to the court, Depp‚Äôs team also said Heard had begun an affair with Tesla chief executive Elon Musk in early 2015 shortly after they had got married and had engaged in at least one extra-marital relationship with her co-stars, with actor James Franco named. ¬†Depp‚Äôs lawyers also said he was the victim of attacks from his ex-wife and had himself sought to avoid confrontation. ¬†THREE-WEEK CASE ¬†The couple met on the set of the 2011 film ‚ÄúThe Rum Diary‚Äù and married in February 2015. Heard filed for divorce after 15 months and days later obtained a restraining order against Depp.  ¬†Their divorce was finalised in 2017 when the restraining order was dismissed. ¬†Lawyers for The Sun said they will suggest Depp is either a ‚Äúpathological liar or his excessive alcohol and drug abuse have detached him from any insight into his own conduct‚Äù. ¬†Cross-examined by lawyer Sasha Wass, Depp agreed he had taken ‚Äúevery drug known to man‚Äù by the age of 14 and said he had had a difficult childhood and struggled to come to terms with his fame and success. ¬†‚ÄúEven when I speak my own name it sounds foreign to me,‚Äù he said. Slideshow (4 Images)¬†The Sun‚Äôs lawyers said it was Depp‚Äôs false accusation of infidelity by Heard which led to the violence. ¬†The case is",,PT3M35S,2d,hd,false,False,rectangular,processed,public,youtube,True,True,False,3,0,0,0
youtube#video,HE8TVW9Zv6UbnitToE2XILCg-WQ,qvT0PoJ2noc,2020-11-02T18:55:02Z,UCzyUP8w1KCVqFNvX5EtwaMw,All About JOHNNY DEPP And The Sun‚Äôs Libel Trial,"All About JOHNNY DEPP And The Sun‚Äôs Libel Trial
______________________________________________
For more videos subscribe : https://bit.ly/2zoPgqj
______________________________________________
Johnny Depp and Amber Heard met 2009 on the set of the Rum Diary which they are starring together. They married 2015 in a private ceremony but only one year later Amber Heard filed for divorce one year later accusing Depp for domestic abuse.
______________________________________________
About My Channel :
Welcome to the Viral Flash! In this channel we upload videos related to celebrity gossip, entertainment news, top 10 list videos, updates on royal family etc. As far as possible, we upload 4 videos each week. Thanks for watching!
__________________________________________________
For more videos subscribe : https://bit.ly/2zoPgqj",https://i.ytimg.com/vi/qvT0PoJ2noc/default.jpg,120,90,https://i.ytimg.com/vi/qvT0PoJ2noc/mqdefault.jpg,320,180,https://i.ytimg.com/vi/qvT0PoJ2noc/hqdefault.jpg,480,360,https://i.ytimg.com/vi/qvT0PoJ2noc/sddefault.jpg,640.0,480.0,https://i.ytimg.com/vi/qvT0PoJ2noc/maxresdefault.jpg,1280.0,720.0,Viral Flash,"['viralflash', 'Johnny Depp', 'Amber Heard', 'Johnny Depp and Amber Heard', 'Johnny Depp and Amber Heard audio', 'Amber Heard audio', 'Johnny Depp audio', 'Johnny Depp allegations', 'Johnny Depp defamation', 'Johnny Depp vs Amber Heard', 'Amber Heard and Johnny Depp', 'Johnny Depp trial', 'Johny Depp 2020', 'Johnny Depp and Amber Heard fight', 'justice for Johnny Depp', 'Johnny Depp lawsuit', 'Amber Heard trial', 'Amber Heard court', 'Celebrity', 'top10', 'entertainment news', 'royal family', 'List Videos']",24,none,All About JOHNNY DEPP And The Sun‚Äôs Libel Trial,"All About JOHNNY DEPP And The Sun‚Äôs Libel Trial
______________________________________________
For more videos subscribe : https://bit.ly/2zoPgqj
______________________________________________
Johnny Depp and Amber Heard met 2009 on the set of the Rum Diary which they are starring together. They married 2015 in a private ceremony but only one year later Amber Heard filed for divorce one year later accusing Depp for domestic abuse.
______________________________________________
About My Channel :
Welcome to the Viral Flash! In this channel we upload videos related to celebrity gossip, entertainment news, top 10 list videos, updates on royal family etc. As far as possible, we upload 4 videos each week. Thanks for watching!
__________________________________________________
For more videos subscribe : https://bit.ly/2zoPgqj",en-US,PT3M36S,2d,hd,false,True,rectangular,processed,public,youtube,True,True,False,56,8,0,3
youtube#video,ULwtgRafnmxhM4OFf9YBCsIl3BE,T3hXXblCm9s,2020-11-08T19:27:55Z,UCD5_0NsscO3SDH_hb7O_kkw,Johnny Depp Loses Libel Case,"Johnny Depp loses case today! GEEK WHAT?!'s reaction & breakdown of the verdict. Judge sides with Amber Heard. Depp gets fired from Fantastic Beasts 3! Heard is still in Aquaman 2 as of now?
Subscribe: https://www.youtube.com/c/GEEKWHATInc

Johnny Depp Verdict BREAKDOWN today! GEEK WHAT?!  host MatKat83‚Äôs reaction & breakdown!  Johnny Depp loses cases against Amber Heard and The Sun in the UK.  Depp is then fired from Fantastic Beasts 3! What does this mean for Aquaman 2? Share your own reaction to Johnny Depp verdict! And be sure to make GEEK WHAT?! your number 1 stop for movie and entertainment news here on YouTube today!

Twitter https://twitter.com/matkat83
Instagram: @matkat83

‚Äî Channel Info ---
I started my channel to talk about all things related to TV Shows and Movies. I do videos on Movie/TV News, Trailer Breakdowns, Movie and TV reviews, and plenty more! I dish out all the good stuff on all your favorite geek/nerdy things, add expert analysis, then move on to the next hot topic, all without breaking a sweat. On GEEK WHAT?!, airing every Sunday get the latest info on all the major movies coming out that weekend followed by a movie review by myself and audiences. Don‚Äôt just trust the trailer.


#FantasticBeasts3 #JohnnyDepp #Grindelwald",https://i.ytimg.com/vi/T3hXXblCm9s/default.jpg,120,90,https://i.ytimg.com/vi/T3hXXblCm9s/mqdefault.jpg,320,180,https://i.ytimg.com/vi/T3hXXblCm9s/hqdefault.jpg,480,360,https://i.ytimg.com/vi/T3hXXblCm9s/sddefault.jpg,640.0,480.0,https://i.ytimg.com/vi/T3hXXblCm9s/maxresdefault.jpg,1280.0,720.0,GEEK WHAT!?,"['Grace randolph', 'beyond the trailer', 'Robert Meyer Bernett', 'Nerdrotic', 'gary beakler', 'doomcock', 'midnight‚Äôs edge', 'robservations', 'emergency awesome', 'pagey', 'overlord dvd', 'Critical Drinker', 'Johnny Depp', 'Johnny Depp fired', 'Warner Brothers', 'Grindelwald', 'Fantastic Beasts 3', 'Fantastic Beasts']",24,none,Johnny Depp Loses Libel Case,"Johnny Depp loses case today! GEEK WHAT?!'s reaction & breakdown of the verdict. Judge sides with Amber Heard. Depp gets fired from Fantastic Beasts 3! Heard is still in Aquaman 2 as of now?
Subscribe: https://www.youtube.com/c/GEEKWHATInc

Johnny Depp Verdict BREAKDOWN today! GEEK WHAT?!  host MatKat83‚Äôs reaction & breakdown!  Johnny Depp loses cases against Amber Heard and The Sun in the UK.  Depp is then fired from Fantastic Beasts 3! What does this mean for Aquaman 2? Share your own reaction to Johnny Depp verdict! And be sure to make GEEK WHAT?! your number 1 stop for movie and entertainment news here on YouTube today!

Twitter https://twitter.com/matkat83
Instagram: @matkat83

‚Äî Channel Info ---
I started my channel to talk about all things related to TV Shows and Movies. I do videos on Movie/TV News, Trailer Breakdowns, Movie and TV reviews, and plenty more! I dish out all the good stuff on all your favorite geek/nerdy things, add expert analysis, then move on to the next hot topic, all without breaking a sweat. On GEEK WHAT?!, airing every Sunday get the latest info on all the major movies coming out that weekend followed by a movie review by myself and audiences. Don‚Äôt just trust the trailer.


#FantasticBeasts3 #JohnnyDepp #Grindelwald",en,PT9M19S,2d,hd,false,True,rectangular,processed,public,youtube,True,True,False,34,4,0,0
youtube#video,rN2HGLmfJ519S3T8pDBWVeQToZA,uSb-G8q0bOE,2020-07-28T12:00:31Z,UCHTK-2W11Vh1V4uwofOfR4w,Johnny Depp arrives at UK High Court on final day of Amber Heard's testimony,"(23 Jul 2020) JOHNNY DEPP ARRIVES AT UK HIGH COURT ON FINAL DAY OF AMBER HEARD'S TESTIMONY 
Johnny Depp arrived at the High Court in London on Thursday (23 JULY 2020) on what is the final day of Amber Heard's testimony in Depp's libel case against a British tabloid over allegations of domestic violence.
Taking the witness box for a fourth straight day, Heard reiterated allegations of abuse when Depp was on a ‚Äúbender‚Äù that would often last days.
‚ÄúJohnny, when he was clean and sober, could be a wonderful person, generous, loving,‚Äù she said. ‚ÄúHe‚Äôs a remarkable man when he‚Äôs like that and I loved him. The other side of him was a monster but I always held out hope he would get clean and sober.‚Äù
In her first three days of testimony, Heard, 34, has accused Depp of an array of acts of violence, including throwing bottles at her ‚Äúlike grenades,‚Äù headbutting her and even of stubbing out a cigarette on his cheek. She has claimed that she often feared for her life during their tempestuous relationship.
Depp denies abusing Heard and claims she was the aggressor during their tempestuous relationship. 
Depp, 57, is suing The Sun, specifically its publisher, News Group Newspapers, and its executive editor, Dan Wootton, for labeling him in an April 2018 article as a ‚Äúwife-beater.‚Äù 
The Sun‚Äôs defense relies on 14 allegations made by Heard of violence by Depp between 2013 and 2016, in settings as varied as a rented house in Australia, his private island in the Bahamas and a private jet. 
The case is due to finish next week with closing submissions from both sides‚Äô legal teams on Monday and Tuesday.

Find out more about AP Archive: http://www.aparchive.com/HowWeWork 
Twitter: https://twitter.com/AP_Archive 
Facebook: https://www.facebook.com/APArchives ‚Äã‚Äã
Instagram: https://www.instagram.com/APNews/


You can license this story through AP Archive: http://www.aparchive.com/metadata/youtube/9ff36041b0cb438ea2093143cee2727f",https://i.ytimg.com/vi/uSb-G8q0bOE/default.jpg,120,90,https://i.ytimg.com/vi/uSb-G8q0bOE/mqdefault.jpg,320,180,https://i.ytimg.com/vi/uSb-G8q0bOE/hqdefault.jpg,480,360,,,,,,,AP Archive,"['AP Archive', '4279975', '9ff36041b0cb438ea2093143cee2727f', 'UK Johnny Depp Arrival', 'United Kingdom', 'Western Europe', 'London', 'England', 'Johnny Depp', 'Amber Heard', 'Arts and entertainment', 'Media']",24,none,Johnny Depp arrives at UK High Court on final day of Amber Heard's testimony,"(23 Jul 2020) JOHNNY DEPP ARRIVES AT UK HIGH COURT ON FINAL DAY OF AMBER HEARD'S TESTIMONY 
Johnny Depp arrived at the High Court in London on Thursday (23 JULY 2020) on what is the final day of Amber Heard's testimony in Depp's libel case against a British tabloid over allegations of domestic violence.
Taking the witness box for a fourth straight day, Heard reiterated allegations of abuse when Depp was on a ‚Äúbender‚Äù that would often last days.
‚ÄúJohnny, when he was clean and sober, could be a wonderful person, generous, loving,‚Äù she said. ‚ÄúHe‚Äôs a remarkable man when he‚Äôs like that and I loved him. The other side of him was a monster but I always held out hope he would get clean and sober.‚Äù
In her first three days of testimony, Heard, 34, has accused Depp of an array of acts of violence, including throwing bottles at her ‚Äúlike grenades,‚Äù headbutting her and even of stubbing out a cigarette on his cheek. She has claimed that she often feared for her life during their tempestuous relationship.
Depp denies abusing Heard and claims she was the aggressor during their tempestuous relationship. 
Depp, 57, is suing The Sun, specifically its publisher, News Group Newspapers, and its executive editor, Dan Wootton, for labeling him in an April 2018 article as a ‚Äúwife-beater.‚Äù 
The Sun‚Äôs defense relies on 14 allegations made by Heard of violence by Depp between 2013 and 2016, in settings as varied as a rented house in Australia, his private island in the Bahamas and a private jet. 
The case is due to finish next week with closing submissions from both sides‚Äô legal teams on Monday and Tuesday.

Find out more about AP Archive: http://www.aparchive.com/HowWeWork 
Twitter: https://twitter.com/AP_Archive 
Facebook: https://www.facebook.com/APArchives ‚Äã‚Äã
Instagram: https://www.instagram.com/APNews/


You can license this story through AP Archive: http://www.aparchive.com/metadata/youtube/9ff36041b0cb438ea2093143cee2727f",en-US,PT1M2S,2d,sd,false,True,rectangular,processed,public,youtube,True,True,False,1185,33,0,15
youtube#video,RTHObnKPJwAudKxNa-BL2vEqx7E,Ux4yZCvJcn4,2021-04-04T06:44:50Z,UCgvSv4X_fb6fbZQR6kqTyWQ,SHOCKING: Major SETBACK in Johnny Depp libel case,"After going back and forth there has been a major setback in the libel case between Johnny Depp, Amber Heard and The Sun.
In this video we will explain everything you need tho know about the situation. 
The divorce of Johnny Depp and his former wife Amber Heard has been one of the messiest but also most interesting for the Hollywood audience to witness. 

Make sure to subscribe to stay up to date on everything that's happening. 

Subscribe to our Instagram to stay up to date on the run:
Instagram: https://www.instagram.com/celebrity23insider/

Subscribe to Celebrity Insider on YouTube to get the newst stories about the famous and for the funniest, most exciting and bizarre facts about their past.",https://i.ytimg.com/vi/Ux4yZCvJcn4/default.jpg,120,90,https://i.ytimg.com/vi/Ux4yZCvJcn4/mqdefault.jpg,320,180,https://i.ytimg.com/vi/Ux4yZCvJcn4/hqdefault.jpg,480,360,https://i.ytimg.com/vi/Ux4yZCvJcn4/sddefault.jpg,640.0,480.0,https://i.ytimg.com/vi/Ux4yZCvJcn4/maxresdefault.jpg,1280.0,720.0,Celebrity Insider,"['Johnny Depp', 'Amber Heard', 'Johnny Depp and Amber Heard', 'the sun', 'the sun news paper', 'libel case', 'johnny depp libel case', 'divorce', 'cebleb', 'celberity', 'celebrities', 'pirates of the Caribbean', 'gossip', 'major setback']",22,none,SHOCKING: Major SETBACK in Johnny Depp libel case,"After going back and forth there has been a major setback in the libel case between Johnny Depp, Amber Heard and The Sun.
In this video we will explain everything you need tho know about the situation. 
The divorce of Johnny Depp and his former wife Amber Heard has been one of the messiest but also most interesting for the Hollywood audience to witness. 

Make sure to subscribe to stay up to date on everything that's happening. 

Subscribe to our Instagram to stay up to date on the run:
Instagram: https://www.instagram.com/celebrity23insider/

Subscribe to Celebrity Insider on YouTube to get the newst stories about the famous and for the funniest, most exciting and bizarre facts about their past.",,PT8M15S,2d,hd,false,False,rectangular,processed,public,youtube,True,True,False,487,19,0,3
youtube#video,eewcpilnhJjRClfNHhOkoR-WqQU,vm6Ml7IIZTE,2021-07-03T12:59:40Z,UCO4zd17ggzQ3k-NyMzRkyBQ,"Love Is Gone - SLANDER, Dylan Matthew (Cover by ÂÆáÊ¥ãÈêò, Amber Wu, Ray)","We have started this cover series during Taiwan Covid-19 level 3 restrictions, hoping  that not only our country, but entire world can make through this hard time as soon as possible.

Original Song : Love Is Gone - SLANDER, Dylan Matthew

Singer : ÂÆáÊ¥ãÈêò, Amber Wu, Ray
Piano : Ray
Beat Making : Mr. HUANG
Mixing & Mastering : Mr. HUANG
Image design : Way-Jay Chou

ÂÆáÊ¥ãÈêòChannel : 
https://www.youtube.com/channel/UC7lTrh4xFhkxGuQ0k5PxXfg/featured
Way-Jay Chou IG :
https://www.instagram.com/wjaychou0719/

-----------------------------------------------------------------------------------------
Follow :
Spotify : https://open.spotify.com/artist/5lG8Otq4uoOVQjEOgvMn1g?si=u5zKWLzjSKaXjYSlaaw1Og
FB : https://www.facebook.com/DJMrHUANG/
Instagram :  https://www.instagram.com/mrhuangmusic/
Twitter : https://twitter.com/huang_music
YouTube : https://www.youtube.com/channel/UCO4zd17ggzQ3k-NyMzRkyBQ/featured
SoundCloud : https://soundcloud.com/djmrhuang
MixCloud : https://www.mixcloud.com/DJMrHuang/",https://i.ytimg.com/vi/vm6Ml7IIZTE/default.jpg,120,90,https://i.ytimg.com/vi/vm6Ml7IIZTE/mqdefault.jpg,320,180,https://i.ytimg.com/vi/vm6Ml7IIZTE/hqdefault.jpg,480,360,https://i.ytimg.com/vi/vm6Ml7IIZTE/sddefault.jpg,640.0,480.0,https://i.ytimg.com/vi/vm6Ml7IIZTE/maxresdefault.jpg,1280.0,720.0,Mr. Huang Music,"['cover', 'coversongs', 'loveisgone', 'SLANDER', 'Dylan Matthew', 'hiphop', 'rap', 'covid19', 'taiwan']",10,none,"Love Is Gone - SLANDER, Dylan Matthew (Cover by ÂÆáÊ¥ãÈêò, Amber Wu, Ray)","We have started this cover series during Taiwan Covid-19 level 3 restrictions, hoping  that not only our country, but entire world can make through this hard time as soon as possible.

Original Song : Love Is Gone - SLANDER, Dylan Matthew

Singer : ÂÆáÊ¥ãÈêò, Amber Wu, Ray
Piano : Ray
Beat Making : Mr. HUANG
Mixing & Mastering : Mr. HUANG
Image design : Way-Jay Chou

ÂÆáÊ¥ãÈêòChannel : 
https://www.youtube.com/channel/UC7lTrh4xFhkxGuQ0k5PxXfg/featured
Way-Jay Chou IG :
https://www.instagram.com/wjaychou0719/

-----------------------------------------------------------------------------------------
Follow :
Spotify : https://open.spotify.com/artist/5lG8Otq4uoOVQjEOgvMn1g?si=u5zKWLzjSKaXjYSlaaw1Og
FB : https://www.facebook.com/DJMrHUANG/
Instagram :  https://www.instagram.com/mrhuangmusic/
Twitter : https://twitter.com/huang_music
YouTube : https://www.youtube.com/channel/UCO4zd17ggzQ3k-NyMzRkyBQ/featured
SoundCloud : https://soundcloud.com/djmrhuang
MixCloud : https://www.mixcloud.com/DJMrHuang/",zh-TW,PT1M3S,2d,hd,true,False,rectangular,processed,public,youtube,True,True,False,34,7,0,3
youtube#video,KBnZjdj68PHL2DpHbCzG1ZTxBj4,WNfFHc55kgw,2020-07-13T09:11:25Z,UCHTK-2W11Vh1V4uwofOfR4w,"Depp, Heard arrive for second day of UK libel trial","(8 Jul 2020) DEPP, HEARD ARRIVE FOR SECOND DAY OF UK LIBEL TRIAL
Actor Johnny Depp and his ex-wife, actress Amber Heard arrived at the High Court in London on Wednesday (8 JULY 2020) for the second day of a three-week trial over his libel case against a British newspaper.
Depp is suing British tabloid The Sun over an April 2018 story headlined ‚ÄúPotty - How can JK Rowling be ‚Äògenuinely happy‚Äô casting wife beater Johnny Depp in the new Fantastic Beasts film?‚Äù 
The newspaper's lawyers plan to use Heard's allegations of abuse by Depp to defend the ‚Äúwife beater‚Äù claim.
The trial over his libel claims opened Tuesday. 
It is one of the first major cases to be held in person since Britain began to lift its coronavirus lockdown.
Depp, 57, and Heard, 34, met on the set of the 2011 comedy ‚ÄúThe Rum Diary‚Äù and married in Los Angeles in February 2015. They divorced in 2017, and now bitterly accuse one another of abuse.
While Heard isn't on trial, the case is also a showdown between the former spouses, who accuse each other of being controlling, violent and deceitful.
 It is set to put the two performers‚Äô complex private lives under a microscope.
Depp is also suing Heard in the United States for 50 million US dollars for allegedly defaming him in a Washington Post article about domestic abuse. 
That case is due to be heard next year.

Find out more about AP Archive: http://www.aparchive.com/HowWeWork 
Twitter: https://twitter.com/AP_Archive 
Facebook: https://www.facebook.com/APArchives ‚Äã‚Äã
Instagram: https://www.instagram.com/APNews/


You can license this story through AP Archive: http://www.aparchive.com/metadata/youtube/d60bb5428461499e974939cbcd43a855",https://i.ytimg.com/vi/WNfFHc55kgw/default.jpg,120,90,https://i.ytimg.com/vi/WNfFHc55kgw/mqdefault.jpg,320,180,https://i.ytimg.com/vi/WNfFHc55kgw/hqdefault.jpg,480,360,,,,,,,AP Archive,"['AP Archive', '4277624', 'd60bb5428461499e974939cbcd43a855', 'UK Depp Arrival', 'United Kingdom', 'Western Europe', 'London', 'England', 'JK Rowling', 'Johnny Depp', 'Amber Heard', 'Arts and entertainment']",24,none,"Depp, Heard arrive for second day of UK libel trial","(8 Jul 2020) DEPP, HEARD ARRIVE FOR SECOND DAY OF UK LIBEL TRIAL
Actor Johnny Depp and his ex-wife, actress Amber Heard arrived at the High Court in London on Wednesday (8 JULY 2020) for the second day of a three-week trial over his libel case against a British newspaper.
Depp is suing British tabloid The Sun over an April 2018 story headlined ‚ÄúPotty - How can JK Rowling be ‚Äògenuinely happy‚Äô casting wife beater Johnny Depp in the new Fantastic Beasts film?‚Äù 
The newspaper's lawyers plan to use Heard's allegations of abuse by Depp to defend the ‚Äúwife beater‚Äù claim.
The trial over his libel claims opened Tuesday. 
It is one of the first major cases to be held in person since Britain began to lift its coronavirus lockdown.
Depp, 57, and Heard, 34, met on the set of the 2011 comedy ‚ÄúThe Rum Diary‚Äù and married in Los Angeles in February 2015. They divorced in 2017, and now bitterly accuse one another of abuse.
While Heard isn't on trial, the case is also a showdown between the former spouses, who accuse each other of being controlling, violent and deceitful.
 It is set to put the two performers‚Äô complex private lives under a microscope.
Depp is also suing Heard in the United States for 50 million US dollars for allegedly defaming him in a Washington Post article about domestic abuse. 
That case is due to be heard next year.

Find out more about AP Archive: http://www.aparchive.com/HowWeWork 
Twitter: https://twitter.com/AP_Archive 
Facebook: https://www.facebook.com/APArchives ‚Äã‚Äã
Instagram: https://www.instagram.com/APNews/


You can license this story through AP Archive: http://www.aparchive.com/metadata/youtube/d60bb5428461499e974939cbcd43a855",en-US,PT1M24S,2d,sd,false,True,rectangular,processed,public,youtube,True,True,False,330,2,0,1
youtube#video,xYGkGsaA7caFoGh9NWyobIbWqqs,Z1pNe0za6Wk,2021-03-20T20:14:34Z,UCUQWIsnHUMjhmfzdEwEmJ1g,Genshin impact Except I slander your favorite characters,"#RespectAmber2021 #MakeOzHisOwnCharacter2021 
If you liked this video please leave a like and Subscribe I want to hit 100k subs by the end of the year!

Ways to reach me -  https://allmylinks.com/jordinkun

THANKS FOR THE SUPPORT REMEMBER TO LIKE AND SUBSCRIBE!",https://i.ytimg.com/vi/Z1pNe0za6Wk/default.jpg,120,90,https://i.ytimg.com/vi/Z1pNe0za6Wk/mqdefault.jpg,320,180,https://i.ytimg.com/vi/Z1pNe0za6Wk/hqdefault.jpg,480,360,https://i.ytimg.com/vi/Z1pNe0za6Wk/sddefault.jpg,640.0,480.0,https://i.ytimg.com/vi/Z1pNe0za6Wk/maxresdefault.jpg,1280.0,720.0,Jordin Kun,"['Genshin Impact', 'Genshin', 'Genshin Impact Trailers', 'Genshin Characters', 'Genshin Character trailers', 'Genshin impact character trailers', 'Genshin Trailers', 'Mihoyo', 'Mihoyo Genshin', 'Genshin Impact funny', 'Genshin impact childe', 'Genshin impact slander', 'Genshin impact character slander', 'Diluc', 'Kaeya', 'Amber', 'Fischl', 'Childe', 'Xiao', 'Lisa', 'RespectAmber2021', 'Bennett', 'Barbara', 'Jean', 'Genshin Slander', 'Mihoyo Slander', 'Dainsleif', 'Genshin Impact 5 Star', 'Diluc Slander', 'Childe Slander', 'Venti', 'Liyue', 'Zhongli', 'Signora']",20,none,Genshin impact Except I slander your favorite characters,"#RespectAmber2021 #MakeOzHisOwnCharacter2021 
If you liked this video please leave a like and Subscribe I want to hit 100k subs by the end of the year!

Ways to reach me -  https://allmylinks.com/jordinkun

THANKS FOR THE SUPPORT REMEMBER TO LIKE AND SUBSCRIBE!",en,PT9M23S,2d,hd,false,True,rectangular,processed,public,youtube,True,True,False,309045,21886,0,1193
youtube#video,Yg9Q6LYcTxmTlcKTq5zIXMoT3ac,zB90boJQVHw,2021-03-18T20:30:02Z,UCXM_e6csB_0LWNLhRqrhAxg,Johnny Depp Seeks to Appeal 'Wife Beater' Libel Ruling,"Lawyers for Johnny Depp told Britain's Court of Appeal that the actor's ex-wife, Amber Heard, did not donate all of her $7 million divorce settlement to charity as she claimed.

The actor is seeking to overturn a ruling that he assaulted Heard during the couple's marriage.

The Hollywood star is seeking permission to appeal a High Court ruling in November, when he lost his libel lawsuit against The Sun newspaper for labelling him a ‚Äúwife beater‚Äù.

At the conclusion of today‚Äôs appeal hearing Lord Justice Underhill and Lord Justice Dingemans said the court would give its ruling at a later date.

#JohnnyDepp #AmberHeard #RoyalCourtsOfJustice",https://i.ytimg.com/vi/zB90boJQVHw/default.jpg,120,90,https://i.ytimg.com/vi/zB90boJQVHw/mqdefault.jpg,320,180,https://i.ytimg.com/vi/zB90boJQVHw/hqdefault.jpg,480,360,https://i.ytimg.com/vi/zB90boJQVHw/sddefault.jpg,640.0,480.0,https://i.ytimg.com/vi/zB90boJQVHw/maxresdefault.jpg,1280.0,720.0,On Demand Entertainment,"['celebrity', 'amber heard', 'johnny depp', 'amber heard johnny depp', 'johnny depp libel case', 'johnny depp amber heard', 'johnny depp appeal', 'justice nicol', 'justice for johnny depp', 'johnny depp vs the sun', 'high court', 'the sun', 'johnny depp loses libel case', 'johnny depp libel case against the sun', 'justice nicol amber heard', 'amber heard fired', 'amber heard deposition', 'amber heard johnny depp fight video', 'amber heard apology']",24,none,Johnny Depp Seeks to Appeal 'Wife Beater' Libel Ruling,"Lawyers for Johnny Depp told Britain's Court of Appeal that the actor's ex-wife, Amber Heard, did not donate all of her $7 million divorce settlement to charity as she claimed.

The actor is seeking to overturn a ruling that he assaulted Heard during the couple's marriage.

The Hollywood star is seeking permission to appeal a High Court ruling in November, when he lost his libel lawsuit against The Sun newspaper for labelling him a ‚Äúwife beater‚Äù.

At the conclusion of today‚Äôs appeal hearing Lord Justice Underhill and Lord Justice Dingemans said the court would give its ruling at a later date.

#JohnnyDepp #AmberHeard #RoyalCourtsOfJustice",en,PT1M10S,2d,hd,false,True,rectangular,processed,public,youtube,True,True,False,2523,9,0,2
youtube#video,za6poKS9G3r1yACADTTvaYuDGyg,zIRQfiTmYvE,2020-05-20T05:06:29Z,UCB-eXlIc6kIdo-ZPQpmQb3w,"Amid Johnny Depp Libel Case, Amber Heard Says She‚Äôs In Her ‚ÄòHappy Place‚Äô",,https://i.ytimg.com/vi/zIRQfiTmYvE/default.jpg,120,90,https://i.ytimg.com/vi/zIRQfiTmYvE/mqdefault.jpg,320,180,https://i.ytimg.com/vi/zIRQfiTmYvE/hqdefault.jpg,480,360,https://i.ytimg.com/vi/zIRQfiTmYvE/sddefault.jpg,640.0,480.0,,,,Reaction Toli,,24,none,"Amid Johnny Depp Libel Case, Amber Heard Says She‚Äôs In Her ‚ÄòHappy Place‚Äô",,,PT1M22S,2d,sd,false,True,rectangular,processed,public,youtube,True,True,False,46,0,0,0
youtube#video,_yHA2hwDljH3yzV3DsjVWbq14fg,ZuQLmq4NSpM,2020-11-11T04:04:21Z,UCiRTTUyq0S1qibXUceyM7NA,"Johnny Depp Loses Libel Case, Judge Rules He Assaulted Ex-Wife Amber Heard","Actor Johnny Depp lost his libel case against¬†Britain‚Äôs The Sun newspaper after they called him a¬†‚Äúwife beater‚Äù in 2018, after a tumultuous relationship with ex-wife Amber Heard,¬†Us Weekly confirmed on Monday, November 2. ¬†Judge Andrew Nicol from the Royal Courts of Justice in London ruled that the publication‚Äôs allegation was¬†‚Äúsubstantially true,‚Äù according to court documents obtained by Us Weekly. In his 129-page judgment, Nicol also wrote that there was sufficient evidence that the Pirates of the¬†Caribbean¬†actor, 57, had physically assaulted Heard, 34, at least 12 of the 14 times she claimed he did. ¬†‚ÄúI accept her evidence of the nature of the assaults he committed against her. They must have been terrifying,‚Äù the judge wrote. ‚ÄúI accept that Mr. Depp put her in fear of her life.‚Äù ¬†Nicol also stated that Heard‚Äôs allegations ‚Äúhave had a negative effect on her career as an actor and activist.‚Äù Previously, the actress said that she was¬†‚Äúsubjected to a campaign of targeted online abuse on social media as well as online petitions calling for [her] to be removed from any future sequel to Aquaman and from [her] association with L‚ÄôOr√©al,‚Äù according to her witness statement from March.  The Way They Were: Amber Heard and Johnny Depp's Relationship Timeline  ¬†Heard alleged that Depp struck her multiple times. He denied the allegations and accused her of having hit him. While speaking to the court, Heard recounted this 2015 incident and explained she was protecting her sister, Whitney Heard, claiming her ex tried to shove Whitney down a flight of stairs. ¬†Depp and Heard first met in 2009 on the set of The Rum Diary and tied the knot in 2015. She filed for divorce in 2016 and obtained a temporary restraining order against the actors which was ultimately dropped. After their divorce was finalized in 2017, Heard donated the $7 million settlement to various charities. ¬†Following Judge Nichol‚Äôs ruling, Heard‚Äôs lawyer, Elaine Charlson Bredehoft, told the¬†New York Times¬†that judgment was ‚Äúnot a surprise‚Äù and that she is ‚Äúcommitted to obtaining justice‚Äù in the United States, where Heard and Depp are set to appear in court over a Washington Post op-ed¬†she wrote in December 2018.¬†In a statement to Reuters,¬†Depp‚Äôs British law firm, Schillings, called the judgement ‚Äúas perverse as it is bewildering.‚Äù ¬†‚ÄúThe judgment is so flawed that it would be ridiculous for Mr. Depp not to appeal this decision,‚Äù the statement read. ¬†If you or someone you know is experiencing domestic violence, please call the National Domestic Violence Hotline at 1-800-799-7233 for confidential support.",https://i.ytimg.com/vi/ZuQLmq4NSpM/default.jpg,120,90,https://i.ytimg.com/vi/ZuQLmq4NSpM/mqdefault.jpg,320,180,https://i.ytimg.com/vi/ZuQLmq4NSpM/hqdefault.jpg,480,360,https://i.ytimg.com/vi/ZuQLmq4NSpM/sddefault.jpg,640.0,480.0,https://i.ytimg.com/vi/ZuQLmq4NSpM/maxresdefault.jpg,1280.0,720.0,Metro News,"['Amber Heard', 'Johnny Depp']",22,none,"Johnny Depp Loses Libel Case, Judge Rules He Assaulted Ex-Wife Amber Heard","Actor Johnny Depp lost his libel case against¬†Britain‚Äôs The Sun newspaper after they called him a¬†‚Äúwife beater‚Äù in 2018, after a tumultuous relationship with ex-wife Amber Heard,¬†Us Weekly confirmed on Monday, November 2. ¬†Judge Andrew Nicol from the Royal Courts of Justice in London ruled that the publication‚Äôs allegation was¬†‚Äúsubstantially true,‚Äù according to court documents obtained by Us Weekly. In his 129-page judgment, Nicol also wrote that there was sufficient evidence that the Pirates of the¬†Caribbean¬†actor, 57, had physically assaulted Heard, 34, at least 12 of the 14 times she claimed he did. ¬†‚ÄúI accept her evidence of the nature of the assaults he committed against her. They must have been terrifying,‚Äù the judge wrote. ‚ÄúI accept that Mr. Depp put her in fear of her life.‚Äù ¬†Nicol also stated that Heard‚Äôs allegations ‚Äúhave had a negative effect on her career as an actor and activist.‚Äù Previously, the actress said that she was¬†‚Äúsubjected to a campaign of targeted online abuse on social media as well as online petitions calling for [her] to be removed from any future sequel to Aquaman and from [her] association with L‚ÄôOr√©al,‚Äù according to her witness statement from March.  The Way They Were: Amber Heard and Johnny Depp's Relationship Timeline  ¬†Heard alleged that Depp struck her multiple times. He denied the allegations and accused her of having hit him. While speaking to the court, Heard recounted this 2015 incident and explained she was protecting her sister, Whitney Heard, claiming her ex tried to shove Whitney down a flight of stairs. ¬†Depp and Heard first met in 2009 on the set of The Rum Diary and tied the knot in 2015. She filed for divorce in 2016 and obtained a temporary restraining order against the actors which was ultimately dropped. After their divorce was finalized in 2017, Heard donated the $7 million settlement to various charities. ¬†Following Judge Nichol‚Äôs ruling, Heard‚Äôs lawyer, Elaine Charlson Bredehoft, told the¬†New York Times¬†that judgment was ‚Äúnot a surprise‚Äù and that she is ‚Äúcommitted to obtaining justice‚Äù in the United States, where Heard and Depp are set to appear in court over a Washington Post op-ed¬†she wrote in December 2018.¬†In a statement to Reuters,¬†Depp‚Äôs British law firm, Schillings, called the judgement ‚Äúas perverse as it is bewildering.‚Äù ¬†‚ÄúThe judgment is so flawed that it would be ridiculous for Mr. Depp not to appeal this decision,‚Äù the statement read. ¬†If you or someone you know is experiencing domestic violence, please call the National Domestic Violence Hotline at 1-800-799-7233 for confidential support.",,PT2M55S,2d,hd,false,False,rectangular,processed,public,youtube,True,True,False,5,1,0,0
youtube#video,8Okpq1j7XrX4-z8_xIJ84-xfc-U,_h9ktMwroIc,2020-07-21T10:21:01Z,UCHTK-2W11Vh1V4uwofOfR4w,"Depp, Heard arrive at UK court for libel trial","(16 Jul 2020) Hollywood actor Johnny Depp greeted well-wishers outside Britain's High Court on Thursday, as ex-wife Amber Heard entered through a separate entrance. 
Depp is suing News Group Newspapers, publisher of The Sun, and the paper's executive editor, Dan Wootton, over an April 2018 article that called him a ""wife-beater."" 
He strongly denies abusing Heard.
Depp and Heard give wildly differing accounts of their volatile relationship, which began after they met on the set of the 2011 comedy ‚ÄúThe Rum Diary.‚Äù 
They married in Los Angeles in February 2015. 
Heard filed for divorce the following year, and the divorce was finalized in 2017.
Depp's ex-partner, actress Vanessa Paradis, is today expected to give evidence via video link.
Heard is due to give evidence in the case later this week.

Find out more about AP Archive: http://www.aparchive.com/HowWeWork 
Twitter: https://twitter.com/AP_Archive 
Facebook: https://www.facebook.com/APArchives ‚Äã‚Äã
Instagram: https://www.instagram.com/APNews/


You can license this story through AP Archive: http://www.aparchive.com/metadata/youtube/3af23e7a7510450f86a25060c26ae8db",https://i.ytimg.com/vi/_h9ktMwroIc/default.jpg,120,90,https://i.ytimg.com/vi/_h9ktMwroIc/mqdefault.jpg,320,180,https://i.ytimg.com/vi/_h9ktMwroIc/hqdefault.jpg,480,360,,,,,,,AP Archive,"['AP Archive', '4278927', '3af23e7a7510450f86a25060c26ae8db', 'UK Depp Heard Arrivals', 'United Kingdom', 'Western Europe', 'Vanessa Paradis', 'Amber Heard', 'Johnny Depp', 'Arts and entertainment', 'General news']",25,none,"Depp, Heard arrive at UK court for libel trial","(16 Jul 2020) Hollywood actor Johnny Depp greeted well-wishers outside Britain's High Court on Thursday, as ex-wife Amber Heard entered through a separate entrance. 
Depp is suing News Group Newspapers, publisher of The Sun, and the paper's executive editor, Dan Wootton, over an April 2018 article that called him a ""wife-beater."" 
He strongly denies abusing Heard.
Depp and Heard give wildly differing accounts of their volatile relationship, which began after they met on the set of the 2011 comedy ‚ÄúThe Rum Diary.‚Äù 
They married in Los Angeles in February 2015. 
Heard filed for divorce the following year, and the divorce was finalized in 2017.
Depp's ex-partner, actress Vanessa Paradis, is today expected to give evidence via video link.
Heard is due to give evidence in the case later this week.

Find out more about AP Archive: http://www.aparchive.com/HowWeWork 
Twitter: https://twitter.com/AP_Archive 
Facebook: https://www.facebook.com/APArchives ‚Äã‚Äã
Instagram: https://www.instagram.com/APNews/


You can license this story through AP Archive: http://www.aparchive.com/metadata/youtube/3af23e7a7510450f86a25060c26ae8db",en-US,PT1M27S,2d,sd,false,True,rectangular,processed,public,youtube,True,True,False,250,3,0,2
