kind,etag,id,snippet.publishedAt,snippet.channelId,snippet.title,snippet.description,snippet.thumbnails.default.url,snippet.thumbnails.default.width,snippet.thumbnails.default.height,snippet.thumbnails.medium.url,snippet.thumbnails.medium.width,snippet.thumbnails.medium.height,snippet.thumbnails.high.url,snippet.thumbnails.high.width,snippet.thumbnails.high.height,snippet.thumbnails.standard.url,snippet.thumbnails.standard.width,snippet.thumbnails.standard.height,snippet.channelTitle,snippet.categoryId,snippet.liveBroadcastContent,snippet.localized.title,snippet.localized.description,contentDetails.duration,contentDetails.dimension,contentDetails.definition,contentDetails.caption,contentDetails.licensedContent,contentDetails.projection,status.uploadStatus,status.privacyStatus,status.license,status.embeddable,status.publicStatsViewable,status.madeForKids,statistics.viewCount,statistics.likeCount,statistics.favoriteCount,statistics.commentCount,snippet.thumbnails.maxres.url,snippet.thumbnails.maxres.width,snippet.thumbnails.maxres.height,snippet.tags,snippet.defaultLanguage,snippet.defaultAudioLanguage
youtube#video,wMdQQE68vyzWUvslnb_o8qpCGF4,2fwyOlKCfIE,2021-12-14T18:53:32Z,UCLSJ5xu8esK3c81nBM5rqow,"Social Media, Anger and Us: Clip Amber Heard",Better audio,https://i.ytimg.com/vi/2fwyOlKCfIE/default.jpg,120,90,https://i.ytimg.com/vi/2fwyOlKCfIE/mqdefault.jpg,320,180,https://i.ytimg.com/vi/2fwyOlKCfIE/hqdefault.jpg,480,360,https://i.ytimg.com/vi/2fwyOlKCfIE/sddefault.jpg,640.0,480.0,Glossyinferno,29,none,"Social Media, Anger and Us: Clip Amber Heard",Better audio,PT3M21S,2d,sd,false,False,rectangular,processed,public,youtube,True,True,False,23,4,0,0,,,,,,
youtube#video,rbque2-kaaIp9g7-FRHDmcpSIPY,8TLPN9pPzKI,2020-10-10T12:00:01Z,UClveTrb_GETcx1wbpHmPHAQ,Bad news for Amber Heard: Johnny Depp has a secret that can help him win the whole thing,"Welcome to Insider Media  channel. 
Subscribe to the channel at: https://www.youtube.com/channel/UClveTrb_GETcx1wbpHmPHAQ?sub_confirmation=1
.
Videos at Life for Life can use copyrighted content based on fair use fair use laws (https://www.youtube.com/about/copyright/#support-and-troubleshooting) and (https://en.Wikipedia.org/wiki/Fair_use)
.
Any violation of policy, community guidelines, copyright law or business cooperation please contact directly by mail: Mt.media.vn@gmail.com",https://i.ytimg.com/vi/8TLPN9pPzKI/default.jpg,120,90,https://i.ytimg.com/vi/8TLPN9pPzKI/mqdefault.jpg,320,180,https://i.ytimg.com/vi/8TLPN9pPzKI/hqdefault.jpg,480,360,https://i.ytimg.com/vi/8TLPN9pPzKI/sddefault.jpg,640.0,480.0,Insider Media,24,none,Bad news for Amber Heard: Johnny Depp has a secret that can help him win the whole thing,"Welcome to Insider Media  channel. 
Subscribe to the channel at: https://www.youtube.com/channel/UClveTrb_GETcx1wbpHmPHAQ?sub_confirmation=1
.
Videos at Life for Life can use copyrighted content based on fair use fair use laws (https://www.youtube.com/about/copyright/#support-and-troubleshooting) and (https://en.Wikipedia.org/wiki/Fair_use)
.
Any violation of policy, community guidelines, copyright law or business cooperation please contact directly by mail: Mt.media.vn@gmail.com",PT2M54S,2d,hd,false,False,rectangular,processed,public,creativeCommon,True,True,False,1279,25,0,5,https://i.ytimg.com/vi/8TLPN9pPzKI/maxresdefault.jpg,1280.0,720.0,"['Insider', 'Media', 'Insider Media', 'Bad news', 'Amber Heard', 'Johnny Depp', 'secret', 'help', 'win', 'whole thing']",,
youtube#video,jmaoBGkkBOaAAZMVxav1WBq2pWE,a6M3bzBiSHg,2021-10-05T13:10:05Z,UCeooMl4PFAM9kLPHvavt2KQ,Grimes TROLLS the Media and Amber!?,"Grimes TROLLS the Media and Amber!?

Check out Channel Membership if you are keen to support the channel!

New members get their names in a video linked below! (Needs an update! Sorry!)

https://www.youtube.com/watch?v=TTcSFqh2MloMembers THANK YOU Video!

MY PATREON: https://www.patreon.com/creator-home
MY TWITTER: https://twitter.com/EnterHacker(@EnterHacker)
MAIL ME articles or topics (with source best!): campsmithmedia@gmail.com
DONATE DIRECT to Support : campsmithmedia@gmail.com (PayPal)

https://christhead.bandcamp.com/releases Christ Head Album Here!

Patreon Channels! CHECK THEM OUT!

Adega's Book: https://www.amazon.com/Evolution-Adega/dp/1645305953/ref=sr_1_1?crid=3GE2MYD9LNPMO&keywords=evolution+by+adega&qid=1584844229&sprefix=Evolution+by+%2Caps%2C247&sr=8-1

TitozWorld Channel : https://www.youtube.com/watch?v=2WALmC4JcoA

Teresa Martin : https://www.youtube.com/channel/UCOtslVrAWs_pdhaqqkJ1iyw

Wanna support the channel? Check out some merch in the link below!

https://teespring.com/stores/hacker-good",https://i.ytimg.com/vi/a6M3bzBiSHg/default.jpg,120,90,https://i.ytimg.com/vi/a6M3bzBiSHg/mqdefault.jpg,320,180,https://i.ytimg.com/vi/a6M3bzBiSHg/hqdefault.jpg,480,360,https://i.ytimg.com/vi/a6M3bzBiSHg/sddefault.jpg,640.0,480.0,eHacker,24,none,Grimes TROLLS the Media and Amber!?,"Grimes TROLLS the Media and Amber!?

Check out Channel Membership if you are keen to support the channel!

New members get their names in a video linked below! (Needs an update! Sorry!)

https://www.youtube.com/watch?v=TTcSFqh2MloMembers THANK YOU Video!

MY PATREON: https://www.patreon.com/creator-home
MY TWITTER: https://twitter.com/EnterHacker(@EnterHacker)
MAIL ME articles or topics (with source best!): campsmithmedia@gmail.com
DONATE DIRECT to Support : campsmithmedia@gmail.com (PayPal)

https://christhead.bandcamp.com/releases Christ Head Album Here!

Patreon Channels! CHECK THEM OUT!

Adega's Book: https://www.amazon.com/Evolution-Adega/dp/1645305953/ref=sr_1_1?crid=3GE2MYD9LNPMO&keywords=evolution+by+adega&qid=1584844229&sprefix=Evolution+by+%2Caps%2C247&sr=8-1

TitozWorld Channel : https://www.youtube.com/watch?v=2WALmC4JcoA

Teresa Martin : https://www.youtube.com/channel/UCOtslVrAWs_pdhaqqkJ1iyw

Wanna support the channel? Check out some merch in the link below!

https://teespring.com/stores/hacker-good",PT5M19S,2d,hd,false,True,rectangular,processed,public,youtube,True,True,False,5045,601,0,210,https://i.ytimg.com/vi/a6M3bzBiSHg/maxresdefault.jpg,1280.0,720.0,"['Elon musk', 'Grimes', 'Grimes and Elon musk', 'Grimes oblivion', 'Grimes interview', 'Grimes live', 'Elon musk Tesla', 'Elon musk interview', 'Elon musk twitter', 'Grimes twitter', 'Grimes Instagram', 'Elon musk Instagram', 'Elon musk bitcoin', 'Elon musk girlfriend', 'Elon musk SNL', 'Elon musk motivation', 'Elon musk and grimes']",,
youtube#video,F_L1ot_IJnWTDaO10DKfYJbstoM,c12bLFHog9k,2020-02-17T16:15:00Z,UChs7lcuw4qOCxl3SJRPuidQ,Divorce Tense: Johnny Depp declines Amber Heard's offer to mediate,,https://i.ytimg.com/vi/c12bLFHog9k/default.jpg,120,90,https://i.ytimg.com/vi/c12bLFHog9k/mqdefault.jpg,320,180,https://i.ytimg.com/vi/c12bLFHog9k/hqdefault.jpg,480,360,https://i.ytimg.com/vi/c12bLFHog9k/sddefault.jpg,640.0,480.0,DT Media,24,none,Divorce Tense: Johnny Depp declines Amber Heard's offer to mediate,,PT3M39S,2d,hd,false,False,rectangular,processed,public,youtube,True,False,False,3568,77,0,10,https://i.ytimg.com/vi/c12bLFHog9k/maxresdefault.jpg,1280.0,720.0,"['DT Media', 'news', 'Divorce Tense', 'Johnny Depp', 'declines', 'Amber Heard', 'mediate']",,
youtube#video,kQzO-CJemUvp4c-WSPXFR1hc6QI,eo_r5uQyK5U,2015-01-23T12:24:04Z,UC4avgyz3xrmWWBrLNQ9-2xw,Cover Media Video: Wedding bells ‚Äòring‚Äô for Johnny Depp and Amber Heard?,"Despite being surrounded by break-up rumours, it seems Johnny Depp and Amber Heard are very much loved up at the moment. Johnny was even spotted wearing a new ring to the premiere of his latest flick ‚ÄòMortdecai‚Äô, leading many to wonder whether the engaged couple had already tied the knot. ‚Äï Cover Media",https://i.ytimg.com/vi/eo_r5uQyK5U/default.jpg,120,90,https://i.ytimg.com/vi/eo_r5uQyK5U/mqdefault.jpg,320,180,https://i.ytimg.com/vi/eo_r5uQyK5U/hqdefault.jpg,480,360,https://i.ytimg.com/vi/eo_r5uQyK5U/sddefault.jpg,640.0,480.0,Malay Mail,25,none,Cover Media Video: Wedding bells ‚Äòring‚Äô for Johnny Depp and Amber Heard?,"Despite being surrounded by break-up rumours, it seems Johnny Depp and Amber Heard are very much loved up at the moment. Johnny was even spotted wearing a new ring to the premiere of his latest flick ‚ÄòMortdecai‚Äô, leading many to wonder whether the engaged couple had already tied the knot. ‚Äï Cover Media",PT45S,2d,hd,false,False,rectangular,processed,public,youtube,False,False,False,734,2,0,0,https://i.ytimg.com/vi/eo_r5uQyK5U/maxresdefault.jpg,1280.0,720.0,"['MMOTV', 'Malay Mail', 'Malay Mail Online', 'MMO', 'The Malay Mail Online', 'The Malay Mail', 'Johnny Depp (Celebrity)', 'Amber Heard (Celebrity)', 'Wedding']",,
youtube#video,90YuBf7uYSWNMgsaX7Uf7szPfaI,F8_KhzX3ed4,2016-05-28T13:11:56Z,UC1AB8ZwOMlAS6uwcSUa1c8Q,Amber Heard files for divorce from Johnny Depp -  media reports,http://www.tanmarket.com - Amber Heard files for divorce from Johnny Depp media reports,https://i.ytimg.com/vi/F8_KhzX3ed4/default.jpg,120,90,https://i.ytimg.com/vi/F8_KhzX3ed4/mqdefault.jpg,320,180,https://i.ytimg.com/vi/F8_KhzX3ed4/hqdefault.jpg,480,360,https://i.ytimg.com/vi/F8_KhzX3ed4/sddefault.jpg,640.0,480.0,tnews,22,none,Amber Heard files for divorce from Johnny Depp -  media reports,http://www.tanmarket.com - Amber Heard files for divorce from Johnny Depp media reports,PT3M43S,2d,sd,false,False,rectangular,processed,public,youtube,True,True,False,40,0,0,0,,,,"['Amber Heard files for divorce from Johnny Depp media reports', 'Amber Heard', 'Johnny Depp', 'Amber Heard files for divorce']",,
youtube#video,jk_8unNN5O1Gm8env4KR69arw-Y,gtWOUu-OEE8,2021-03-05T03:35:53Z,UCSTiNJb8O-vx6qBpUuSZA0g,Amber Heard terancam di pecat dari film Aquaman 2,"Amber Heard terancam di pecat dari film Aquaman 2

Edited by : Lydia Febrina
Music by : Audio Library (YouTube)
Instagram : https://www.instagram.com/lovely.lydia3/

Disclaimer : 
Gambar ataupun video yang ada di channel ini terkadang berasal dari berbagai sumber media lain. Hak cipta sepenuhnya dipegang oleh sumber tersebut. Jika ada masalah terkait hal ini, anda bisa menghubungi kami disini : lydiafebrina296@gmail.com

COPYRIGHT DISCLAIMER : 
""Copyright Disclaimer Under Section 107 of the Copyright Act? 1976, allowance is made for ""fair use"" for purpose such as criticism, comment, news reporting, teaching, scholarship, and research. Fair use is a use permitted by copyright statute that might otherwise be infringing. Non-profit, educational or personal use tips the balance in favor of fair use."" 

Tag :
alur cerita film, alur film, sinopsis film, cerita film review film, pembahasan film, penjelasan film, alur cerita film horor, alur cerita film seru, film dongeng, rekomendasi film, review film terbaru, review singkat film, mulan 2021 terbaru, ulas alur cerita, review film, film romance, film romantis, film barat, nonton film, rekomendasi alur film, jalan cerita film, film bagus, film inspiratif, film motivasi, film terbaru, penjelasan alur cerita film, penjelasan ending film, ending explained, film terbaru, drama jepang, film tentang koki, film tentang chef, film tentang masak, rekomendasi film masak, film 2021, rekomendasi film 2021 film baru, film terbaru 2021, film bagus, film motivasi, film inspiratif, 

#lydiaFE #alurceritafilm #reviewfilm",https://i.ytimg.com/vi/gtWOUu-OEE8/default.jpg,120,90,https://i.ytimg.com/vi/gtWOUu-OEE8/mqdefault.jpg,320,180,https://i.ytimg.com/vi/gtWOUu-OEE8/hqdefault.jpg,480,360,https://i.ytimg.com/vi/gtWOUu-OEE8/sddefault.jpg,640.0,480.0,Lydia Febrina,1,none,Amber Heard terancam di pecat dari film Aquaman 2,"Amber Heard terancam di pecat dari film Aquaman 2

Edited by : Lydia Febrina
Music by : Audio Library (YouTube)
Instagram : https://www.instagram.com/lovely.lydia3/

Disclaimer : 
Gambar ataupun video yang ada di channel ini terkadang berasal dari berbagai sumber media lain. Hak cipta sepenuhnya dipegang oleh sumber tersebut. Jika ada masalah terkait hal ini, anda bisa menghubungi kami disini : lydiafebrina296@gmail.com

COPYRIGHT DISCLAIMER : 
""Copyright Disclaimer Under Section 107 of the Copyright Act? 1976, allowance is made for ""fair use"" for purpose such as criticism, comment, news reporting, teaching, scholarship, and research. Fair use is a use permitted by copyright statute that might otherwise be infringing. Non-profit, educational or personal use tips the balance in favor of fair use."" 

Tag :
alur cerita film, alur film, sinopsis film, cerita film review film, pembahasan film, penjelasan film, alur cerita film horor, alur cerita film seru, film dongeng, rekomendasi film, review film terbaru, review singkat film, mulan 2021 terbaru, ulas alur cerita, review film, film romance, film romantis, film barat, nonton film, rekomendasi alur film, jalan cerita film, film bagus, film inspiratif, film motivasi, film terbaru, penjelasan alur cerita film, penjelasan ending film, ending explained, film terbaru, drama jepang, film tentang koki, film tentang chef, film tentang masak, rekomendasi film masak, film 2021, rekomendasi film 2021 film baru, film terbaru 2021, film bagus, film motivasi, film inspiratif, 

#lydiaFE #alurceritafilm #reviewfilm",PT1M11S,2d,hd,false,True,rectangular,processed,public,youtube,True,True,False,53,22,0,0,,,,,id,id
youtube#video,arHgCCA_e50Z-q4IXNYmL8Y8YcA,GUTIM_LBAaI,2020-09-17T13:57:00Z,UCXrhM5_Z11LvlvICp7T7_Dw,Amber Heard With Media People,"#HollywoodMonstersAmberHeard  #AmberHeard


Amber Heard With Media PeopleAmber Heard With Media People
Amber Heard With Media People
Amber Heard With Media People
Amber Heard With Media People
Amber Heard With #Media People













































































""Copyright Disclaimer under Section 107 of the copyright act 1976, allowance is made for fair use for purposes such as criticism, comment, news reporting, scholarship, and research. Fair use is a use permitted by copyright statute that might otherwise be infringing.",https://i.ytimg.com/vi/GUTIM_LBAaI/default.jpg,120,90,https://i.ytimg.com/vi/GUTIM_LBAaI/mqdefault.jpg,320,180,https://i.ytimg.com/vi/GUTIM_LBAaI/hqdefault.jpg,480,360,https://i.ytimg.com/vi/GUTIM_LBAaI/sddefault.jpg,640.0,480.0,Hollywood Monsters,22,none,Amber Heard With Media People,"#HollywoodMonstersAmberHeard  #AmberHeard


Amber Heard With Media PeopleAmber Heard With Media People
Amber Heard With Media People
Amber Heard With Media People
Amber Heard With Media People
Amber Heard With #Media People













































































""Copyright Disclaimer under Section 107 of the copyright act 1976, allowance is made for fair use for purposes such as criticism, comment, news reporting, scholarship, and research. Fair use is a use permitted by copyright statute that might otherwise be infringing.",PT8S,2d,hd,false,False,rectangular,processed,public,youtube,True,True,False,21,0,0,0,https://i.ytimg.com/vi/GUTIM_LBAaI/maxresdefault.jpg,1280.0,720.0,"['amber heard', 'amber', 'heard']",,en
youtube#video,fhuaxoQoYGjYlZHGf09Su_OW4WY,He-DuuBPweg,2020-12-29T19:29:42Z,UCeIHQFVdYtTSCITQ4lVBp1g,Johnny Depp vs. Amber Heard in Media Wars,Mainstream Media destroying themselves,https://i.ytimg.com/vi/He-DuuBPweg/default.jpg,120,90,https://i.ytimg.com/vi/He-DuuBPweg/mqdefault.jpg,320,180,https://i.ytimg.com/vi/He-DuuBPweg/hqdefault.jpg,480,360,,,,Oakley's Tactics,24,none,Johnny Depp vs. Amber Heard in Media Wars,Mainstream Media destroying themselves,PT2M29S,2d,sd,false,False,rectangular,processed,public,youtube,True,True,False,45,2,0,1,,,,"['Johnny Depp', 'Amber Heard', 'Mainstream Media', 'Social Media']",,en
youtube#video,ucKnN2uVFEO2JEGZo_8zlq_9v9g,k6YX90FVFas,2021-04-23T00:05:26Z,UCL1-sXjPdPZXSQDb7ZwOPEQ,"A Discord Podcast ep 2 \\ ""Nerd W, Amber Heard, InfoWars""","Talkin about KOTOR remake, Spectacular Spiderman, Amber Heard Johnny Depp, InfoWars",https://i.ytimg.com/vi/k6YX90FVFas/default.jpg,120,90,https://i.ytimg.com/vi/k6YX90FVFas/mqdefault.jpg,320,180,https://i.ytimg.com/vi/k6YX90FVFas/hqdefault.jpg,480,360,https://i.ytimg.com/vi/k6YX90FVFas/sddefault.jpg,640.0,480.0,Downwards From Here,24,none,"A Discord Podcast ep 2 \\ ""Nerd W, Amber Heard, InfoWars""","Talkin about KOTOR remake, Spectacular Spiderman, Amber Heard Johnny Depp, InfoWars",PT1H28S,2d,hd,false,False,rectangular,processed,public,youtube,True,True,False,160,6,0,0,,,,"['knights of the old republic', 'KOTOR', 'Spectacular Spiderman', 'Johnny Depp', 'Infowars', 'Downwards From Here']",,
youtube#video,L0xhysfMJoPgW9SOnW-0DeZ9IMc,o1Ud0VDMVH8,2021-10-01T12:15:02Z,UC-lZTlG05ETwyjDS1JQCv3w,AMBER's SHOCKED - Johnny Depp Wins Big As Media Backs him and BLASTS Amber | Celebrity Craze,"AMBER's SHOCKED - Johnny Depp Wins Big As Media Backs him and BLASTS Amber | Celebrity Craze

With the initial court date being pushed back, Johnny Depp and Amber Heard have been given some more time in order to gather more evidence for their individual cases. For quite some time, the two were firing evidence at each other in order to win in court. 

Ever since the recent release of the footage of the LAPD officers from the penthouse night of Amber Heard and Johnny Depp, things have not been looking all too bright for Amber Heard. Her team has been working tirelessly in order to back up her side, however Johnny Depp seems to have made the attempt to strike back.

#JohnnyDepp #AMBERHEARD
------------------------------------------------------------------------------------------------------------------------------
Subscribe: https://www.youtube.com/channel/UC-lZTlG05ETwyjDS1JQCv3w/featured?sub_confirmation=1

CHECK OUT OUR OTHER VIDEOS!

Johnny Depp - Amber Heard Drama Playlist: https://youtube.com/playlist?list=PLlEaTEO50CGZeBBelsB9UPo7VTXRu_zcu

David Dobrik Drama Playlist: https://youtube.com/playlist?list=PLlEaTEO50CGZvMGJgSPbWh2dnA6a1d1aX

Justin Bieber Drama: https://youtube.com/playlist?list=PLlEaTEO50CGZTJh_XpqH_BjfmbY4sRJJD

Kardashian Family Drama: https://youtube.com/playlist?list=PLlEaTEO50CGZOHixd1sAisB2wgS5JzLua

This Channel intends to provide the most breaking celeb news, drama and controversies all in one place. Also, information not only about Celebrities from Hollywood Film Industry but also Famous People around the World. We maintain different Playlists which you could come back and watch videos from your desired interest category. 

We also promise to keep our viewers entertained. Thanks for taking your time to checkout the Channel!

Subscribe to never miss a video.",https://i.ytimg.com/vi/o1Ud0VDMVH8/default.jpg,120,90,https://i.ytimg.com/vi/o1Ud0VDMVH8/mqdefault.jpg,320,180,https://i.ytimg.com/vi/o1Ud0VDMVH8/hqdefault.jpg,480,360,https://i.ytimg.com/vi/o1Ud0VDMVH8/sddefault.jpg,640.0,480.0,Celebrity Craze,24,none,AMBER's SHOCKED - Johnny Depp Wins Big As Media Backs him and BLASTS Amber | Celebrity Craze,"AMBER's SHOCKED - Johnny Depp Wins Big As Media Backs him and BLASTS Amber | Celebrity Craze

With the initial court date being pushed back, Johnny Depp and Amber Heard have been given some more time in order to gather more evidence for their individual cases. For quite some time, the two were firing evidence at each other in order to win in court. 

Ever since the recent release of the footage of the LAPD officers from the penthouse night of Amber Heard and Johnny Depp, things have not been looking all too bright for Amber Heard. Her team has been working tirelessly in order to back up her side, however Johnny Depp seems to have made the attempt to strike back.

#JohnnyDepp #AMBERHEARD
------------------------------------------------------------------------------------------------------------------------------
Subscribe: https://www.youtube.com/channel/UC-lZTlG05ETwyjDS1JQCv3w/featured?sub_confirmation=1

CHECK OUT OUR OTHER VIDEOS!

Johnny Depp - Amber Heard Drama Playlist: https://youtube.com/playlist?list=PLlEaTEO50CGZeBBelsB9UPo7VTXRu_zcu

David Dobrik Drama Playlist: https://youtube.com/playlist?list=PLlEaTEO50CGZvMGJgSPbWh2dnA6a1d1aX

Justin Bieber Drama: https://youtube.com/playlist?list=PLlEaTEO50CGZTJh_XpqH_BjfmbY4sRJJD

Kardashian Family Drama: https://youtube.com/playlist?list=PLlEaTEO50CGZOHixd1sAisB2wgS5JzLua

This Channel intends to provide the most breaking celeb news, drama and controversies all in one place. Also, information not only about Celebrities from Hollywood Film Industry but also Famous People around the World. We maintain different Playlists which you could come back and watch videos from your desired interest category. 

We also promise to keep our viewers entertained. Thanks for taking your time to checkout the Channel!

Subscribe to never miss a video.",PT8M11S,2d,hd,false,True,rectangular,processed,public,youtube,True,True,False,621,24,0,11,https://i.ytimg.com/vi/o1Ud0VDMVH8/maxresdefault.jpg,1280.0,720.0,"['celebrity craze', 'celebrity', 'amber heard interview', 'amber heard', 'johnny depp', 'amber heard johnny depp', 'johnny depp amber heard', 'viral vision', 'celebrity news', 'clevver news', 'this happened', 'informoverload', 'inform overload', 'information overload', 'entertainment news', 'crazed culture', 'that umbrella guy', 'umbrella guy', 'thatumbrellaguy', 'hollywood life', ""AMBER's SHOCKED - Johnny Depp Wins Big As Media Backs him and BLASTS Amber"", 'justice for johnny depp']",en-US,en-US
youtube#video,uSs75OHoywTisFsw0jbxNcv3ldM,P3rbKNnVZqw,2020-07-28T23:27:59Z,UCnvl7P4B9Yy8h7JI4ZOO8yw,Johnny Depp vs Amber Heard: The Media Narrative vs The Public's Thoughts,"paypal.me/caeruleusv

UnBoxPHD (Clips): https://www.youtube.com/channel/UC3l-bobp_xuBlL_lRRS5RmA

Patreon: https://www.patreon.com/caev

Merch: https://www.teepublic.com/user/caeruluesvalentinius1

Avi by piper steed twitter here
https://twitter.com/fyzzgiggidy

End card by vipersword100, sub here:
https://www.youtube.com/channel/UCR65oZmluBkVdBwt9_vRoIQ

Overlay By Rurik: https://www.youtube.com/channel/UCvHxeTXIrWuLkx_UcZKBBzw

Discord server:
https://discord.gg/BMgBM8m

Streamlabs:
https://youtube.streamlabs.com/caeruleusvalentiniuscae

Patrons
Fuq_Wad 
Trevor Collin
How To Train Your Sturgeon 
James U
cerulee
Chat Mort
Stefan Sims
Michelle Bender
Norwegian_Writer
The Mental Health Resource Hub
Velfarre
Michael Tarr
Hanro Millard
CharlotteD

James' channel: https://www.youtube.com/user/jamesu1990
ChatMort: https://www.youtube.com/user/FluffyPurpleKitty

FAIR USE NOTICE
This video may contain copyrighted material; the use of which has not been specifically authorized by the copyright owner. We are making such material available for the purposes of criticism, comment, review and news reporting which constitute the 'fair use' of any such copyrighted material as provided for in section 107 of the US Copyright Law. Not withstanding the provisions of sections 106 and 106A, the fair use of a copyrighted work for purposes such as criticism, comment, review and news reporting is not an infringement of copyright.",https://i.ytimg.com/vi/P3rbKNnVZqw/default.jpg,120,90,https://i.ytimg.com/vi/P3rbKNnVZqw/mqdefault.jpg,320,180,https://i.ytimg.com/vi/P3rbKNnVZqw/hqdefault.jpg,480,360,https://i.ytimg.com/vi/P3rbKNnVZqw/sddefault.jpg,640.0,480.0,Cae Valentine,24,none,Johnny Depp vs Amber Heard: The Media Narrative vs The Public's Thoughts,"paypal.me/caeruleusv

UnBoxPHD (Clips): https://www.youtube.com/channel/UC3l-bobp_xuBlL_lRRS5RmA

Patreon: https://www.patreon.com/caev

Merch: https://www.teepublic.com/user/caeruluesvalentinius1

Avi by piper steed twitter here
https://twitter.com/fyzzgiggidy

End card by vipersword100, sub here:
https://www.youtube.com/channel/UCR65oZmluBkVdBwt9_vRoIQ

Overlay By Rurik: https://www.youtube.com/channel/UCvHxeTXIrWuLkx_UcZKBBzw

Discord server:
https://discord.gg/BMgBM8m

Streamlabs:
https://youtube.streamlabs.com/caeruleusvalentiniuscae

Patrons
Fuq_Wad 
Trevor Collin
How To Train Your Sturgeon 
James U
cerulee
Chat Mort
Stefan Sims
Michelle Bender
Norwegian_Writer
The Mental Health Resource Hub
Velfarre
Michael Tarr
Hanro Millard
CharlotteD

James' channel: https://www.youtube.com/user/jamesu1990
ChatMort: https://www.youtube.com/user/FluffyPurpleKitty

FAIR USE NOTICE
This video may contain copyrighted material; the use of which has not been specifically authorized by the copyright owner. We are making such material available for the purposes of criticism, comment, review and news reporting which constitute the 'fair use' of any such copyrighted material as provided for in section 107 of the US Copyright Law. Not withstanding the provisions of sections 106 and 106A, the fair use of a copyrighted work for purposes such as criticism, comment, review and news reporting is not an infringement of copyright.",PT12M50S,2d,hd,false,True,rectangular,processed,public,youtube,True,True,False,189,34,0,8,https://i.ytimg.com/vi/P3rbKNnVZqw/maxresdefault.jpg,1280.0,720.0,"['amber heard', 'johnny depp', 'amber heard aquaman', 'amber heard johnny depp', 'johnny depp amber heard', 'amber heard johnny depp fight video', 'amber heard booed', 'amber heard net worth', 'amber heard elon musk', 'how amber heard abuse johnny depp', 'how amber heard johnny depp', 'what amber heard did to johnny depp', 'johnny depp interview', 'johnny depp amber heard audio', 'johnny depp movies', 'johnny depp net worth', 'how johnny depp became an actor', 'how johnny depp treats', 'news', 'libel']",,
youtube#video,hBfnMsoBBKSuMUOQHCjRapF_QTw,SArE-DSjXl8,2020-12-26T13:00:09Z,UC_jwYANHgWXCa6wReG5gCvg,Double Standards: Shia Labeouf vs. FKA Twigs & Johnny Depp vs. Amber Heard  Lawsuit & Media Reaction,"Double Standards, how Shia Labeouf gets treated vs. how Amber Heard gets treated when the accusations of abuse are against them. And the mainstream media companies' biased reactions to both cases & how they treat the men.
-
-
-
-
#shialabeouf #johnnydepp #amberheard #fkatwigs #mcu #lawsuit #fandommenace #comicsgate #fandom #marvelcinematicuniverse #marvelfilms #marvelstudios #mera #suestorm #doublestandards #sexism #misandry #castingnews #rants #mainstreammedia #entertainment #superheromovies #rumors #disneyprincess #defundhollywood #marvelcomics #MarvelStudios #netflix #comicbookcharacters #marvelcharacters",https://i.ytimg.com/vi/SArE-DSjXl8/default.jpg,120,90,https://i.ytimg.com/vi/SArE-DSjXl8/mqdefault.jpg,320,180,https://i.ytimg.com/vi/SArE-DSjXl8/hqdefault.jpg,480,360,https://i.ytimg.com/vi/SArE-DSjXl8/sddefault.jpg,640.0,480.0,What About,24,none,Double Standards: Shia Labeouf vs. FKA Twigs & Johnny Depp vs. Amber Heard  Lawsuit & Media Reaction,"Double Standards, how Shia Labeouf gets treated vs. how Amber Heard gets treated when the accusations of abuse are against them. And the mainstream media companies' biased reactions to both cases & how they treat the men.
-
-
-
-
#shialabeouf #johnnydepp #amberheard #fkatwigs #mcu #lawsuit #fandommenace #comicsgate #fandom #marvelcinematicuniverse #marvelfilms #marvelstudios #mera #suestorm #doublestandards #sexism #misandry #castingnews #rants #mainstreammedia #entertainment #superheromovies #rumors #disneyprincess #defundhollywood #marvelcomics #MarvelStudios #netflix #comicbookcharacters #marvelcharacters",PT3M6S,2d,hd,false,False,rectangular,processed,public,youtube,True,True,False,155,7,0,6,https://i.ytimg.com/vi/SArE-DSjXl8/maxresdefault.jpg,1280.0,720.0,,,
youtube#video,SO-nVaGJ9vWDHBc-_hVoJX4IMuk,SEQtp3I6zcA,2020-02-13T17:54:24Z,UCahZ3IqYEsMef88M2u4eDiQ,Johnny Depp Amber Heard Toxic,,https://i.ytimg.com/vi/SEQtp3I6zcA/default.jpg,120,90,https://i.ytimg.com/vi/SEQtp3I6zcA/mqdefault.jpg,320,180,https://i.ytimg.com/vi/SEQtp3I6zcA/hqdefault.jpg,480,360,https://i.ytimg.com/vi/SEQtp3I6zcA/sddefault.jpg,640.0,480.0,Undertake Media,24,none,Johnny Depp Amber Heard Toxic,,PT10M52S,2d,hd,false,False,rectangular,processed,public,youtube,True,True,False,18,0,0,0,https://i.ytimg.com/vi/SEQtp3I6zcA/maxresdefault.jpg,1280.0,720.0,"['JOHNNY DEPP', 'AMBER HEARD', 'RELATIONSHIP', 'LOVE', 'HATE']",,zxx
youtube#video,tkf26Qqd94XY7LXEg3MsycHHSlM,SZaydNBGu4k,2020-11-12T01:46:57Z,UC3ChgOsI5cugEdavm3oJ4sQ,For all the Amber Heard Supporters,Why are you gae?,https://i.ytimg.com/vi/SZaydNBGu4k/default.jpg,120,90,https://i.ytimg.com/vi/SZaydNBGu4k/mqdefault.jpg,320,180,https://i.ytimg.com/vi/SZaydNBGu4k/hqdefault.jpg,480,360,https://i.ytimg.com/vi/SZaydNBGu4k/sddefault.jpg,640.0,480.0,Yoda‚Äôs Meme Hut,27,none,For all the Amber Heard Supporters,Why are you gae?,PT18S,2d,hd,false,True,rectangular,processed,public,youtube,True,True,False,2251,166,0,16,https://i.ytimg.com/vi/SZaydNBGu4k/maxresdefault.jpg,1280.0,720.0,,,
youtube#video,iKimXtqcEMdVoRTRsZBNYd7-d7o,umSMltA__j0,2020-09-27T14:45:43Z,UCeooMl4PFAM9kLPHvavt2KQ,Amber Heard and Team SLAMMED for False Media Narrative by Johnny's Laywer! (New),Amber Heard and Team SLAMMED for False Media Narrative by Johnny's Laywer! (New),https://i.ytimg.com/vi/umSMltA__j0/default.jpg,120,90,https://i.ytimg.com/vi/umSMltA__j0/mqdefault.jpg,320,180,https://i.ytimg.com/vi/umSMltA__j0/hqdefault.jpg,480,360,https://i.ytimg.com/vi/umSMltA__j0/sddefault.jpg,640.0,480.0,eHacker,24,none,Amber Heard and Team SLAMMED for False Media Narrative by Johnny's Laywer! (New),Amber Heard and Team SLAMMED for False Media Narrative by Johnny's Laywer! (New),PT6M5S,2d,sd,false,True,rectangular,processed,public,youtube,True,True,False,9376,677,0,186,https://i.ytimg.com/vi/umSMltA__j0/maxresdefault.jpg,1280.0,720.0,"['amber heard', 'amber heard and johnny depp', 'johnny depp', 'justice for johnny depp', 'amber heard abuses johnny depp', 'johnny depp vs the sun', 'johnny depp vs the sun verdict', 'amber heard instagram', 'amber heard twitter', 'amber heard fired', 'amber heard aquaman 2', 'amber heard aquaman', 'amber heard johnny depp', 'johnny depp amber heard']",,
youtube#video,lF3pXcyAH8YjrV9aQpo3eAM-xMw,WPLCHIhIM68,2021-03-01T09:41:32Z,UCvCtLhbkD6gnmL0RWTweGqA,BFR Rant - Sanitized Language - Johnny Depp/Amber Heard,"In the first BFR Rant I've taken a few minutes to discuss the new language we are are seeing on social media and YouTube.

These are purely my opinions!!!",https://i.ytimg.com/vi/WPLCHIhIM68/default.jpg,120,90,https://i.ytimg.com/vi/WPLCHIhIM68/mqdefault.jpg,320,180,https://i.ytimg.com/vi/WPLCHIhIM68/hqdefault.jpg,480,360,https://i.ytimg.com/vi/WPLCHIhIM68/sddefault.jpg,640.0,480.0,Booze Fueled Reviews,24,none,BFR Rant - Sanitized Language - Johnny Depp/Amber Heard,"In the first BFR Rant I've taken a few minutes to discuss the new language we are are seeing on social media and YouTube.

These are purely my opinions!!!",PT7M32S,2d,hd,false,False,rectangular,processed,public,youtube,True,True,False,28,1,0,1,https://i.ytimg.com/vi/WPLCHIhIM68/maxresdefault.jpg,1280.0,720.0,['#johnnydepp #amberheard #rant'],,
youtube#video,c_u0yznpwEDN3mx_HM940GM9uw8,yZhmC4kr3Jo,2021-07-02T13:30:19Z,UChs7lcuw4qOCxl3SJRPuidQ,Amber Heard slaps a pain Johnny Depp in the face when announcing the arrival of her first daughter,Amber Heard announces arrival of baby girl via a surrogate years after splitting from Johnny Depp,https://i.ytimg.com/vi/yZhmC4kr3Jo/default.jpg,120,90,https://i.ytimg.com/vi/yZhmC4kr3Jo/mqdefault.jpg,320,180,https://i.ytimg.com/vi/yZhmC4kr3Jo/hqdefault.jpg,480,360,https://i.ytimg.com/vi/yZhmC4kr3Jo/sddefault.jpg,640.0,480.0,DT Media,24,none,Amber Heard slaps a pain Johnny Depp in the face when announcing the arrival of her first daughter,Amber Heard announces arrival of baby girl via a surrogate years after splitting from Johnny Depp,PT5M1S,2d,hd,false,False,rectangular,processed,public,youtube,True,False,False,90,3,0,0,https://i.ytimg.com/vi/yZhmC4kr3Jo/maxresdefault.jpg,1280.0,720.0,"['DT Media', 'news', 'Amber Heard', 'slaps a pain in the face', 'announcing', 'arrival', 'first daughter', 'Johnny Depp']",,
youtube#video,_7dZOHU02IA0KRO-KrM4zLgTQQc,Z-qBGX8Kb8w,2021-10-14T04:30:04Z,UCl_21MpUnqO7ighvAU11Pkw,Aquaman Mera Fight Whatsapp Status | Aquaman | Amber Heard |,"#ADDICTIVEMEDIA #YouTube #MediaWorks #YouTuber #Support #MASHUP #StatusVideos #WhatsAppStatus 


Dear Viewers, Thanks for Supporting My
You Tube Channel. if you aren't a SUBSCRIBER, please be sure to take advantage of doing ""SUBSCRIBE & PRESS  the üîî Bell icon "" to receive Notification when new videos are posted üì±üé•

‚ö†Ô∏èWe do not own the contents used in this video. Copyrights are reserved by the respective owners. No copyright violation
intended.

Follow On Instagram : https://instagram.com/addictive__media


For Full Screen Videos Join Our Telegram Channelüëá
https://t.me/addictivemedia


Status Videos
Short Videos
Love Status
Single Status
Sad Status
Love Songs
Bgm Status
Tamil Status Videos
Malayalam Status Videos
Hindi Status Videos
Telugu Status Videos
English Status Videos
Love Stories
Tamil Love Status
Tamil Mass Status
Romantic Status videos
Best Whatsapp Status
New Status Videos
Cute Love Status
Best Ever Love Status
Latest Romantic Status Videos
Cute Romantic Status Videos
Tamil Cute Love Status
Bollywood Status Videos
Best Edited Videos
WhatsApp Romantic Status HD
WhatsApp Sad Status
WhatsApp Mass Status
WhatsApp Love Status
WhatsApp Single Status
WhatsApp Attitude Status
WhatsApp Videos
WhatsApp Status
WhatsApp Status Lovers
WhatsApp Latest Status
WhatsApp Old Songs
New Status Videos 2020
New Songs
New Films
HD Video Songs
HD Status Videos
HD Video Status
HD WhatsApp Status
HD Movies
Status Lovers Official
Emotional WhatsApp Status
Proposal WhatsApp Status
Sighting WhatsApp Status
Love At First Sight Whatsapp Status
Attitude Whatsapp Status
Single WhatsApp Status
Mood On WhatsApp Status
Mood Off WhatsApp Status
Explore WhatsApp Status
Enjoy WhatsApp Status 
Rashmika Whatsapp Status
Keerthy Suresh WhatsApp Status
BTS WhatsApp Status
Billie Eilish WhatsApp Status 
Nature WhatsApp Status
Sad  Whatsapp Status
Mood Off WhatsApp Status
Alone WhatsApp Status
Enjoying Whatsapp Status
Break up Whatsapp Status
Boys Whatsapp Status
Hollywood WhatsApp Status
English Songs Status
English Bgm Status 
Girls Whatsapp Status
Friends Whatsapp Status
Intimacy WhatsApp Status
Melting Whatsapp Status
Melting Songs
Melody Songs
English Love Songs Status 
Melody WhatsApp Status
Romantic Songs
Sad Songs
Rap Songs
Dj Songs
Love Songs

#ADDICTIVEMEDIA
#youtube
#trending
#youtuber
#instagram
#music
#love
#like
#follow
#tiktok
#youtubers
#subscribers 
#spotify
#video
#youtubechannel
#memes
#gaming
#facebook
#subscribe
#explorepage
#instagood
#twitch
#gamer
#hiphop
#despacito
#marshamelo
#love
#cute
#indian
#tourism
#nature
#ultrahd
#viral
#ps
#art
#explore
#likeforlikes
#rap
#fortnite
#bhfyp
#YOUTUBE
#billieeilish
#alanwalker
#bgm
#4k
#whatsappstatus
#statusvideos
#videostatus
#lovestatus
#cutevideos
#lovesongs
#trendingstatus
#trendingvieos
#30seconds
#shortvideostatus
#instagramvideos
#videoeditor
#romanticwhatsappstatus
#bestwhatsappstatus
#newwhatsappstatus
#YouTubeTrending
#RashmikaMandana
#PoojaHedge
#KeerthySuresh
#SunnyLeone
#AlluArjun
#ShahRukhKhan
#VijayDevarkonda
#TovinoThomas
#AishwaryaLekshmi
#youtubetrending
#trendingnow
#bts
#google
#Malayalam 
#Tamil 
#Telugu
#Hindi
#English
#Mollywood
#Kollywood
#Tollywood
#Bollywvideoeditor
#Hollywood
#WarnerBros
#WB
#DC
#ShangChi
#Disney 
#Netflix 
#Status
#Videos
#Movies
#Songs
#Scenes
#Bgm",https://i.ytimg.com/vi/Z-qBGX8Kb8w/default.jpg,120,90,https://i.ytimg.com/vi/Z-qBGX8Kb8w/mqdefault.jpg,320,180,https://i.ytimg.com/vi/Z-qBGX8Kb8w/hqdefault.jpg,480,360,https://i.ytimg.com/vi/Z-qBGX8Kb8w/sddefault.jpg,640.0,480.0,ADDICTIVE MEDIA,22,none,Aquaman Mera Fight Whatsapp Status | Aquaman | Amber Heard |,"#ADDICTIVEMEDIA #YouTube #MediaWorks #YouTuber #Support #MASHUP #StatusVideos #WhatsAppStatus 


Dear Viewers, Thanks for Supporting My
You Tube Channel. if you aren't a SUBSCRIBER, please be sure to take advantage of doing ""SUBSCRIBE & PRESS  the üîî Bell icon "" to receive Notification when new videos are posted üì±üé•

‚ö†Ô∏èWe do not own the contents used in this video. Copyrights are reserved by the respective owners. No copyright violation
intended.

Follow On Instagram : https://instagram.com/addictive__media


For Full Screen Videos Join Our Telegram Channelüëá
https://t.me/addictivemedia


Status Videos
Short Videos
Love Status
Single Status
Sad Status
Love Songs
Bgm Status
Tamil Status Videos
Malayalam Status Videos
Hindi Status Videos
Telugu Status Videos
English Status Videos
Love Stories
Tamil Love Status
Tamil Mass Status
Romantic Status videos
Best Whatsapp Status
New Status Videos
Cute Love Status
Best Ever Love Status
Latest Romantic Status Videos
Cute Romantic Status Videos
Tamil Cute Love Status
Bollywood Status Videos
Best Edited Videos
WhatsApp Romantic Status HD
WhatsApp Sad Status
WhatsApp Mass Status
WhatsApp Love Status
WhatsApp Single Status
WhatsApp Attitude Status
WhatsApp Videos
WhatsApp Status
WhatsApp Status Lovers
WhatsApp Latest Status
WhatsApp Old Songs
New Status Videos 2020
New Songs
New Films
HD Video Songs
HD Status Videos
HD Video Status
HD WhatsApp Status
HD Movies
Status Lovers Official
Emotional WhatsApp Status
Proposal WhatsApp Status
Sighting WhatsApp Status
Love At First Sight Whatsapp Status
Attitude Whatsapp Status
Single WhatsApp Status
Mood On WhatsApp Status
Mood Off WhatsApp Status
Explore WhatsApp Status
Enjoy WhatsApp Status 
Rashmika Whatsapp Status
Keerthy Suresh WhatsApp Status
BTS WhatsApp Status
Billie Eilish WhatsApp Status 
Nature WhatsApp Status
Sad  Whatsapp Status
Mood Off WhatsApp Status
Alone WhatsApp Status
Enjoying Whatsapp Status
Break up Whatsapp Status
Boys Whatsapp Status
Hollywood WhatsApp Status
English Songs Status
English Bgm Status 
Girls Whatsapp Status
Friends Whatsapp Status
Intimacy WhatsApp Status
Melting Whatsapp Status
Melting Songs
Melody Songs
English Love Songs Status 
Melody WhatsApp Status
Romantic Songs
Sad Songs
Rap Songs
Dj Songs
Love Songs

#ADDICTIVEMEDIA
#youtube
#trending
#youtuber
#instagram
#music
#love
#like
#follow
#tiktok
#youtubers
#subscribers 
#spotify
#video
#youtubechannel
#memes
#gaming
#facebook
#subscribe
#explorepage
#instagood
#twitch
#gamer
#hiphop
#despacito
#marshamelo
#love
#cute
#indian
#tourism
#nature
#ultrahd
#viral
#ps
#art
#explore
#likeforlikes
#rap
#fortnite
#bhfyp
#YOUTUBE
#billieeilish
#alanwalker
#bgm
#4k
#whatsappstatus
#statusvideos
#videostatus
#lovestatus
#cutevideos
#lovesongs
#trendingstatus
#trendingvieos
#30seconds
#shortvideostatus
#instagramvideos
#videoeditor
#romanticwhatsappstatus
#bestwhatsappstatus
#newwhatsappstatus
#YouTubeTrending
#RashmikaMandana
#PoojaHedge
#KeerthySuresh
#SunnyLeone
#AlluArjun
#ShahRukhKhan
#VijayDevarkonda
#TovinoThomas
#AishwaryaLekshmi
#youtubetrending
#trendingnow
#bts
#google
#Malayalam 
#Tamil 
#Telugu
#Hindi
#English
#Mollywood
#Kollywood
#Tollywood
#Bollywvideoeditor
#Hollywood
#WarnerBros
#WB
#DC
#ShangChi
#Disney 
#Netflix 
#Status
#Videos
#Movies
#Songs
#Scenes
#Bgm",PT29S,2d,hd,false,False,rectangular,processed,public,youtube,True,True,False,808,22,0,0,https://i.ytimg.com/vi/Z-qBGX8Kb8w/maxresdefault.jpg,1280.0,720.0,"['Aquaman', 'amber heard', 'mera', 'randall', 'didine cannon 16']",,
youtube#video,3qGBIc3fVX4YCgV3BrJBx_QUSRA,ZKSoeiQ_ReA,2020-08-05T02:02:06Z,UC8AGq7bm-x4teGcvQonvnPw,Till DEPP Do Us Part | The Media and The Amber Heard Bias,"Let me know what you think!

üíï Don't Forget to Like & Subscribe! üíï

Become a member today!!
https://www.youtube.com/channel/UC8AGq7bm-x4teGcvQonvnPw/join

If you want to support my Channel, please check out my patreon And subscribe star below:

Patreon:
https://www.patreon.com/user?u=21542407

Subscribe star:
https://www.subscribestar.com/nerdettesnewsstand

#JusticeForJohnnyDepp #AmberHeard #JohnnyDepp #TheSun #NGN #60Minutes",https://i.ytimg.com/vi/ZKSoeiQ_ReA/default.jpg,120,90,https://i.ytimg.com/vi/ZKSoeiQ_ReA/mqdefault.jpg,320,180,https://i.ytimg.com/vi/ZKSoeiQ_ReA/hqdefault.jpg,480,360,https://i.ytimg.com/vi/ZKSoeiQ_ReA/sddefault.jpg,640.0,480.0,Nerdette's NewsStand,24,none,Till DEPP Do Us Part | The Media and The Amber Heard Bias,"Let me know what you think!

üíï Don't Forget to Like & Subscribe! üíï

Become a member today!!
https://www.youtube.com/channel/UC8AGq7bm-x4teGcvQonvnPw/join

If you want to support my Channel, please check out my patreon And subscribe star below:

Patreon:
https://www.patreon.com/user?u=21542407

Subscribe star:
https://www.subscribestar.com/nerdettesnewsstand

#JusticeForJohnnyDepp #AmberHeard #JohnnyDepp #TheSun #NGN #60Minutes",PT9M32S,2d,hd,false,True,rectangular,processed,public,youtube,True,True,False,7415,582,0,186,https://i.ytimg.com/vi/ZKSoeiQ_ReA/maxresdefault.jpg,1280.0,720.0,"['Tristen', 'nerdette', 'nerdettes newsstand', 'Entertainment', 'Johnny depp', 'amber heard', 'Johnny depp lawsuit', 'amber heard lawsuit', 'Johnny depp abuse', 'amber heard abuse', 'Johnny Depp defamation', 'amber heard defamation', 'amber heard audio recordings', 'amber heard leaks', 'johnny depp uk lawsuit', 'Johnny depp vs amber heard', 'Johnny depp trial', 'amber heard trial', 'Johnny depp and amber heard timeline', 'amber heard press conference', '60 minutes Australia', '60 minutes Australia Johnny depp']",,en
youtube#video,nfcMGd2CAJ-vEMUk5KnmB_aCXok,_oaPxrV_cLk,2016-04-19T01:30:31Z,UCe7flOfHOQdOjIh7CPOrtcQ,Johnny Depp and Amber Heard Awkward Apology To Australian Biosecurity,"Australia has very strict biosecurity laws to protect the health of our people, animals and plants. Everyone entering the country must truthfully declare if they are carrying any items listed on the Incoming Passenger Card.


Johnny Depp and Amber Heard Apology To Australian Biosecurity (VIDEO)
We are a entertainment channel that offers the latest videos on pop culture - film, television, music, games and more.
Welcome and thanks for visiting!

We support:
http://www.imdb.com
http://reddit.com",https://i.ytimg.com/vi/_oaPxrV_cLk/default.jpg,120,90,https://i.ytimg.com/vi/_oaPxrV_cLk/mqdefault.jpg,320,180,https://i.ytimg.com/vi/_oaPxrV_cLk/hqdefault.jpg,480,360,https://i.ytimg.com/vi/_oaPxrV_cLk/sddefault.jpg,640.0,480.0,ST Media,24,none,Johnny Depp and Amber Heard Awkward Apology To Australian Biosecurity,"Australia has very strict biosecurity laws to protect the health of our people, animals and plants. Everyone entering the country must truthfully declare if they are carrying any items listed on the Incoming Passenger Card.


Johnny Depp and Amber Heard Apology To Australian Biosecurity (VIDEO)
We are a entertainment channel that offers the latest videos on pop culture - film, television, music, games and more.
Welcome and thanks for visiting!

We support:
http://www.imdb.com
http://reddit.com",PT1M5S,2d,sd,false,False,rectangular,processed,public,youtube,True,True,False,461,5,0,2,,,,"['johnny depp', 'amber heard', 'awkward', 'cringe', 'sxephil', 'philly d', 'phillyd']",,
