kind,etag,id,snippet.publishedAt,snippet.channelId,snippet.title,snippet.description,snippet.thumbnails.default.url,snippet.thumbnails.default.width,snippet.thumbnails.default.height,snippet.thumbnails.medium.url,snippet.thumbnails.medium.width,snippet.thumbnails.medium.height,snippet.thumbnails.high.url,snippet.thumbnails.high.width,snippet.thumbnails.high.height,snippet.thumbnails.standard.url,snippet.thumbnails.standard.width,snippet.thumbnails.standard.height,snippet.channelTitle,snippet.categoryId,snippet.liveBroadcastContent,snippet.localized.title,snippet.localized.description,contentDetails.duration,contentDetails.dimension,contentDetails.definition,contentDetails.caption,contentDetails.licensedContent,contentDetails.projection,status.uploadStatus,status.privacyStatus,status.license,status.embeddable,status.publicStatsViewable,status.madeForKids,statistics.viewCount,statistics.favoriteCount,snippet.thumbnails.maxres.url,snippet.thumbnails.maxres.width,snippet.thumbnails.maxres.height,snippet.tags,statistics.likeCount,statistics.commentCount,snippet.defaultAudioLanguage
youtube#video,ogl4imNluY4lnuagescLW21muJQ,2ectQiiwDvo,2021-10-31T23:14:12Z,UCHEG6fQZtKBf-pzCuzG01Hg,IS AMBER HEARD A GOLD-DIGGER???!! (Amber Heard playlist!!),"In California, the law is that each person gets half of all the money earned by the couple while married even if one earned more--In California, the law is that each person gets half of all the money earned while married‚Äî-Part Two to this series and links below this video--https://www.youtube.com/watch?v=lHIAQiM0kRo

v=lHIAQiM0kRo&list=PLLnO141ZmjcOQpkNr3qYHwouk2cJxdJL3
https://www.insider.com/states-where-you-lose-half-in-divorce-2016-11

https://cordellcordell.com/resources/colorado/marital-property-in-colorado/

https://www.findlaw.com/family/marriage/what-s-mine-is-mine-what-s-yours-is-mine-who-owns-what-in.html

-https://www.yahoo.com/news/johnny-depp-net-worth-fortune-090000211.html-------and-------https://www.nytimes.com/2020/01/27/sports/basketball/kobe-bryant-rape-case.html",https://i.ytimg.com/vi/2ectQiiwDvo/default.jpg,120,90,https://i.ytimg.com/vi/2ectQiiwDvo/mqdefault.jpg,320,180,https://i.ytimg.com/vi/2ectQiiwDvo/hqdefault.jpg,480,360,https://i.ytimg.com/vi/2ectQiiwDvo/sddefault.jpg,640.0,480.0,Asshats Love Johnny Depp!! Johnny Depp Es Racista!!,1,none,IS AMBER HEARD A GOLD-DIGGER???!! (Amber Heard playlist!!),"In California, the law is that each person gets half of all the money earned by the couple while married even if one earned more--In California, the law is that each person gets half of all the money earned while married‚Äî-Part Two to this series and links below this video--https://www.youtube.com/watch?v=lHIAQiM0kRo

v=lHIAQiM0kRo&list=PLLnO141ZmjcOQpkNr3qYHwouk2cJxdJL3
https://www.insider.com/states-where-you-lose-half-in-divorce-2016-11

https://cordellcordell.com/resources/colorado/marital-property-in-colorado/

https://www.findlaw.com/family/marriage/what-s-mine-is-mine-what-s-yours-is-mine-who-owns-what-in.html

-https://www.yahoo.com/news/johnny-depp-net-worth-fortune-090000211.html-------and-------https://www.nytimes.com/2020/01/27/sports/basketball/kobe-bryant-rape-case.html",PT2M24S,2d,hd,false,False,rectangular,processed,public,youtube,True,True,False,20,0,,,,,,,
youtube#video,rMN4SxTxA41d03LRiS4RtCxpuiU,E4ML4m1An9s,2018-12-22T22:56:17Z,UCpqiQ8q14kT1sdlZ0gD0bGg,Amber Heard on the meaning behind her orange ribbon,"During the interview with the cast and director of Aquaman at the BUILD series, Amber explains the meaning behind the orange ribbon at her wrist.
_______________________________

Check out our photo gallery: www.amberhearditalia.com/galleria
_______________________________

FOLLOW US ON OUR SOCIAL!
- Facebook: www.facebook.com/AmberHeardIT
- Instagram: www.instagram.com/amberheardit
- Twitter: www.twitter.com/AmberHeardIT
- Tumblr: www.amberhearditalia.tumblr.com",https://i.ytimg.com/vi/E4ML4m1An9s/default.jpg,120,90,https://i.ytimg.com/vi/E4ML4m1An9s/mqdefault.jpg,320,180,https://i.ytimg.com/vi/E4ML4m1An9s/hqdefault.jpg,480,360,https://i.ytimg.com/vi/E4ML4m1An9s/sddefault.jpg,640.0,480.0,Amber Heard Italia,1,none,Amber Heard on the meaning behind her orange ribbon,"During the interview with the cast and director of Aquaman at the BUILD series, Amber explains the meaning behind the orange ribbon at her wrist.
_______________________________

Check out our photo gallery: www.amberhearditalia.com/galleria
_______________________________

FOLLOW US ON OUR SOCIAL!
- Facebook: www.facebook.com/AmberHeardIT
- Instagram: www.instagram.com/amberheardit
- Twitter: www.twitter.com/AmberHeardIT
- Tumblr: www.amberhearditalia.tumblr.com",PT40S,2d,hd,false,False,rectangular,processed,public,youtube,True,True,False,209,0,https://i.ytimg.com/vi/E4ML4m1An9s/maxresdefault.jpg,1280.0,720.0,"['amber heard', 'jason momoa', 'patrick wilson', 'james wan', 'build series', 'aquaman', '2018']",4,0,
youtube#video,6f2ngB9lWat4HdwJJ7t9Vo_TlFQ,ehZbjGLJmek,2021-10-04T11:12:09Z,UCL0PdPRkCiELNMY2PVRq8cw,#AMBERHEARD #AMBERHEARDISANABUSER #AMBERHEARDISCRIMINAL #AMBERHEARDISTOXIC #BOYCOTTLOREALPARISUSA,,https://i.ytimg.com/vi/ehZbjGLJmek/default.jpg,120,90,https://i.ytimg.com/vi/ehZbjGLJmek/mqdefault.jpg,320,180,https://i.ytimg.com/vi/ehZbjGLJmek/hqdefault.jpg,480,360,,,,Tiziana Pitaluga,22,none,#AMBERHEARD #AMBERHEARDISANABUSER #AMBERHEARDISCRIMINAL #AMBERHEARDISTOXIC #BOYCOTTLOREALPARISUSA,,PT17S,2d,hd,false,False,rectangular,processed,public,youtube,True,True,True,23,0,,,,,2,0,
youtube#video,MuapTxnEs-CM_h7oLSy91aDNv1w,gcWRQBcoEj4,2019-01-22T05:14:03Z,UC_T1uV2PREka9ikSGHOV2OA,"Amber Heard at the 76th Annual Golden Globes Awards - January 6th, 2019 - Beverly Hills, CA.","Amber Heard at the 76th Annual Golden Globes Awards - January 6th, 2019 - Beverly Hills, CA.",https://i.ytimg.com/vi/gcWRQBcoEj4/default.jpg,120,90,https://i.ytimg.com/vi/gcWRQBcoEj4/mqdefault.jpg,320,180,https://i.ytimg.com/vi/gcWRQBcoEj4/hqdefault.jpg,480,360,https://i.ytimg.com/vi/gcWRQBcoEj4/sddefault.jpg,640.0,480.0,MARLI New York,22,none,"Amber Heard at the 76th Annual Golden Globes Awards - January 6th, 2019 - Beverly Hills, CA.","Amber Heard at the 76th Annual Golden Globes Awards - January 6th, 2019 - Beverly Hills, CA.",PT12S,2d,sd,false,False,rectangular,processed,public,youtube,True,True,False,167,0,,,,"['Amber Heard', 'Golden Globes', 'marli', 'marlinyc', 'marlinewyork', 'jewellery', 'fine jewellery']",3,0,
youtube#video,s12gXJxTmAR3vwysmVhQAa2HGd8,Ho1NL2HMrV8,2021-09-03T13:10:42Z,UC6fhblscgSEYvvlT_OaE6EQ,Amber Heard New Whatsapp Status Full Screen1080P HD,,https://i.ytimg.com/vi/Ho1NL2HMrV8/default.jpg,120,90,https://i.ytimg.com/vi/Ho1NL2HMrV8/mqdefault.jpg,320,180,https://i.ytimg.com/vi/Ho1NL2HMrV8/hqdefault.jpg,480,360,,,,MR=CS,10,none,Amber Heard New Whatsapp Status Full Screen1080P HD,,PT11S,2d,hd,false,False,rectangular,processed,public,youtube,True,True,False,1062,0,,,,,43,0,
youtube#video,-GyITGd5cbRhzM6gziQMLnHMg4c,iy8-MJyfhQs,2018-07-04T12:41:35Z,UCeFo83Ysg_lRLuqZt4Vivaw,"PHOTOS ‚Äì Amber Heard, l‚Äôex rivale de Vanessa Paradis est √† Paris","PHOTOS ‚Äì Amber Heard, l‚Äôex rivale de Vanessa Paradis est √† Paris 
https://www.youtube.com/channel/UCeFo83Ysg_lRLuqZt4Vivaw",https://i.ytimg.com/vi/iy8-MJyfhQs/default.jpg,120,90,https://i.ytimg.com/vi/iy8-MJyfhQs/mqdefault.jpg,320,180,https://i.ytimg.com/vi/iy8-MJyfhQs/hqdefault.jpg,480,360,,,,Alpha News,22,none,"PHOTOS ‚Äì Amber Heard, l‚Äôex rivale de Vanessa Paradis est √† Paris","PHOTOS ‚Äì Amber Heard, l‚Äôex rivale de Vanessa Paradis est √† Paris 
https://www.youtube.com/channel/UCeFo83Ysg_lRLuqZt4Vivaw",PT2M52S,2d,hd,false,False,rectangular,processed,public,youtube,True,True,False,1,0,,,,"['UCeFo83Ysg_lRLuqZt4Vivaw', 'PHOTOS', '‚Äì', 'Amber', 'Heard', 'lex', 'rivale', 'de', 'Vanessa', 'Paradis', 'est', 'Paris', 'PHOTOS ‚Äì', '‚Äì Amber', 'Amber Heard', 'PHOTOS ‚Äì Amber Heard lex rivale de Vanessa Paradis est √† Paris']",0,0,
youtube#video,OVmSWNk2Q2T0D3xUUSTihJ81Rzg,jTl1EZZRcC0,2016-01-06T17:53:44Z,UChRCDb5Ucld-1cCgpLetPFg,JOHNNY DEPP and AMBER HEARD meet KATE WINSLET at Palm Springs  party,"Click and watch other Johnny Depp videos:
https://youtu.be/tvOAXJBOMqo
https://youtu.be/v9XUHD14mLU
https://youtu.be/278V_T4sPQw
https://youtu.be/rUwTYzzZ9Y4
https://youtu.be/x6ixs934rFY

Click and watch another Amber Heard video
https://youtu.be/-PvRMFjTP4c
Johnny Depp arrives with wife Amber Heard at a 2016 Palm Springs International Film Festival Awards Gala and later hugs and chats with his Finding Neverland costar Kate Winslet.",https://i.ytimg.com/vi/jTl1EZZRcC0/default.jpg,120,90,https://i.ytimg.com/vi/jTl1EZZRcC0/mqdefault.jpg,320,180,https://i.ytimg.com/vi/jTl1EZZRcC0/hqdefault.jpg,480,360,https://i.ytimg.com/vi/jTl1EZZRcC0/sddefault.jpg,640.0,480.0,PaparazziParadise,24,none,JOHNNY DEPP and AMBER HEARD meet KATE WINSLET at Palm Springs  party,"Click and watch other Johnny Depp videos:
https://youtu.be/tvOAXJBOMqo
https://youtu.be/v9XUHD14mLU
https://youtu.be/278V_T4sPQw
https://youtu.be/rUwTYzzZ9Y4
https://youtu.be/x6ixs934rFY

Click and watch another Amber Heard video
https://youtu.be/-PvRMFjTP4c
Johnny Depp arrives with wife Amber Heard at a 2016 Palm Springs International Film Festival Awards Gala and later hugs and chats with his Finding Neverland costar Kate Winslet.",PT1M40S,2d,sd,false,True,rectangular,processed,public,youtube,True,True,False,61085,0,,,,"['Johnny Depp', 'Kate Winslet', 'Palm Springs', 'Palm Springs International Film Festival', 'Amber Heard', 'Johnny Depp girlfriend', 'Mick Jagger', 'Rolling Stones', 'rock music', 'Pirates of the Carribbean', 'red carpet', 'celebrity friends', 'Johnny Depp Amber Heard', 'celebrity', 'famous', 'Hollywood', 'movie', 'entertainment', 'entertainer', 'performer', 'show', 'business', 'TV', 'cinema', 'candid', 'video', 'paparazzi', 'maximo TV', 'perezhilton', 'magazine', 'eonline', 'radar', 'omg', '21 Jump Street', 'Finding Neverland', 'Johnny Depp divorce']",736,93,
youtube#video,dPP_KUKTtekaRHU4-6pa5C7jr6I,k57ZCbzZ9MA,2020-07-21T07:23:28Z,UC3l-bobp_xuBlL_lRRS5RmA,Johnny Depp EXIT v Amber Heard EXIT,#johnnydepp #AmberHeard,https://i.ytimg.com/vi/k57ZCbzZ9MA/default.jpg,120,90,https://i.ytimg.com/vi/k57ZCbzZ9MA/mqdefault.jpg,320,180,https://i.ytimg.com/vi/k57ZCbzZ9MA/hqdefault.jpg,480,360,https://i.ytimg.com/vi/k57ZCbzZ9MA/sddefault.jpg,640.0,480.0,UnBoxPHD,22,none,Johnny Depp EXIT v Amber Heard EXIT,#johnnydepp #AmberHeard,PT1M25S,2d,hd,false,True,rectangular,processed,public,youtube,True,True,False,14725,0,https://i.ytimg.com/vi/k57ZCbzZ9MA/maxresdefault.jpg,1280.0,720.0,"['Johnny Depp v amber Heard', 'Johnny Depp court case', 'amber Heard court case', 'johnny Depp leaves court', 'amber Heard leaves court']",369,76,
youtube#video,cnvmAUlRJnzqUMs3XbtdoMJwTTc,KWDwR79A6NA,2017-11-12T09:29:47Z,UCZfaQRCtxT-F_UqklcGyOEw,Il √©tait une fois‚Ä¶ amber heard,"Il √©tait une fois‚Ä¶ amber heard
Chaque dimanche, Paris Match retrace le destin incroyable d‚Äôune star. Au tour de la sulfureuse actri...",https://i.ytimg.com/vi/KWDwR79A6NA/default.jpg,120,90,https://i.ytimg.com/vi/KWDwR79A6NA/mqdefault.jpg,320,180,https://i.ytimg.com/vi/KWDwR79A6NA/hqdefault.jpg,480,360,,,,jhon mike,25,none,Il √©tait une fois‚Ä¶ amber heard,"Il √©tait une fois‚Ä¶ amber heard
Chaque dimanche, Paris Match retrace le destin incroyable d‚Äôune star. Au tour de la sulfureuse actri...",PT2M31S,2d,hd,false,False,rectangular,processed,public,youtube,True,True,False,2,0,,,,"['Il √©tait une', '√©tait une fois‚Ä¶', 'une fois‚Ä¶ amber', 'Il √©tait', '√©tait une', 'une fois‚Ä¶', 'fois‚Ä¶ amber']",0,0,
youtube#video,YdX_0nFplVhHRsg3IV9k2yywjJU,lwERCNRKwAE,2021-05-30T20:48:56Z,UCNUN9zYZ1_ndUlXWvE3CpQw,Amber Heard WhatsApp Statusüòç‚ù£Ô∏è,WhatsApp Statusüòç‚ù£Ô∏è,https://i.ytimg.com/vi/lwERCNRKwAE/default.jpg,120,90,https://i.ytimg.com/vi/lwERCNRKwAE/mqdefault.jpg,320,180,https://i.ytimg.com/vi/lwERCNRKwAE/hqdefault.jpg,480,360,https://i.ytimg.com/vi/lwERCNRKwAE/sddefault.jpg,640.0,480.0,WhatsApp Status,22,none,Amber Heard WhatsApp Statusüòç‚ù£Ô∏è,WhatsApp Statusüòç‚ù£Ô∏è,PT44S,2d,hd,false,False,rectangular,processed,public,youtube,True,True,False,537,0,https://i.ytimg.com/vi/lwERCNRKwAE/maxresdefault.jpg,1280.0,720.0,,32,3,en-US
youtube#video,H-eNBGK8OvF2dF0yRWvNJAdQb5E,mAeCCh_lLbs,2019-05-20T08:58:27Z,UCjZyUJ_QYcaX_7GUTjjZHdw,Amber Heard going to the Martinez beach in Cannes - 16.05.2019,"The American actress Amber Heard on her way to the Martinez beach in Cannes, May 16th 2019.",https://i.ytimg.com/vi/mAeCCh_lLbs/default.jpg,120,90,https://i.ytimg.com/vi/mAeCCh_lLbs/mqdefault.jpg,320,180,https://i.ytimg.com/vi/mAeCCh_lLbs/hqdefault.jpg,480,360,https://i.ytimg.com/vi/mAeCCh_lLbs/sddefault.jpg,640.0,480.0,People_in_pfw,22,none,Amber Heard going to the Martinez beach in Cannes - 16.05.2019,"The American actress Amber Heard on her way to the Martinez beach in Cannes, May 16th 2019.",PT20S,2d,hd,false,True,rectangular,processed,public,youtube,True,True,False,353,0,https://i.ytimg.com/vi/mAeCCh_lLbs/maxresdefault.jpg,1280.0,720.0,,3,1,
youtube#video,fhsiZ5hr3vC48mwl3lqYlPrn70Y,O9LETIWehns,2014-07-15T05:00:03Z,UCU_NAiUSbhoSaVk0sfuvg9w,Amber Heard - Mont√©e des marches de Cannes 2014,"------------------------------

Pour ne rien manquer de nos vid√©os, abonnez-vous :
https://www.youtube.com/user/PurePeopleTV?sub_confirmation=1

Pour voir toujours plus de vid√©os de vos peoples pr√©f√©r√©s:
https://www.youtube.com/user/PurePeopleTV/videos

L'actualit√© 100% people en continu ! Toutes les infos sur vos stars pr√©f√©r√©es en france et √† l'√©tranger avec des photos et des vid√©os c'est sur purepeople...
http://www.purepeople.com/

Cr√©dits Photos et Vid√©os : Abaca",https://i.ytimg.com/vi/O9LETIWehns/default.jpg,120,90,https://i.ytimg.com/vi/O9LETIWehns/mqdefault.jpg,320,180,https://i.ytimg.com/vi/O9LETIWehns/hqdefault.jpg,480,360,https://i.ytimg.com/vi/O9LETIWehns/sddefault.jpg,640.0,480.0,Purepeople,22,none,Amber Heard - Mont√©e des marches de Cannes 2014,"------------------------------

Pour ne rien manquer de nos vid√©os, abonnez-vous :
https://www.youtube.com/user/PurePeopleTV?sub_confirmation=1

Pour voir toujours plus de vid√©os de vos peoples pr√©f√©r√©s:
https://www.youtube.com/user/PurePeopleTV/videos

L'actualit√© 100% people en continu ! Toutes les infos sur vos stars pr√©f√©r√©es en france et √† l'√©tranger avec des photos et des vid√©os c'est sur purepeople...
http://www.purepeople.com/

Cr√©dits Photos et Vid√©os : Abaca",PT1M10S,2d,hd,false,True,rectangular,processed,public,youtube,True,True,False,574,0,https://i.ytimg.com/vi/O9LETIWehns/maxresdefault.jpg,1280.0,720.0,"['Amber Heard (Celebrity)', 'exclusive', 'Cannes', 'Cannes Film Festival (Film Festival)', 'scoops', 'interview', 'festival de cannes', 'actu', 'top', 'c√©l√©brit√©s', 'amber', 'pure', 'tapis rouge', 'famous', 'heard']",2,0,
youtube#video,__PHPdwA013NAwFN6G3eD-pB2RI,PSjeWzH_ioc,2011-11-09T15:10:43Z,UCl01THIfTUqU2lMVgNG7mBQ,Rhum Express: Avant-premi√®re Paris,"La vid√©o exclusive de l'avant premi√®re Rhum Express sur les Champs-√âlys√©es!
En pr√©sence de Johnny Depp, Amber Heard et Bruce Robinson.",https://i.ytimg.com/vi/PSjeWzH_ioc/default.jpg,120,90,https://i.ytimg.com/vi/PSjeWzH_ioc/mqdefault.jpg,320,180,https://i.ytimg.com/vi/PSjeWzH_ioc/hqdefault.jpg,480,360,https://i.ytimg.com/vi/PSjeWzH_ioc/sddefault.jpg,640.0,480.0,Metropolitan Films,24,none,Rhum Express: Avant-premi√®re Paris,"La vid√©o exclusive de l'avant premi√®re Rhum Express sur les Champs-√âlys√©es!
En pr√©sence de Johnny Depp, Amber Heard et Bruce Robinson.",PT8M34S,2d,sd,false,False,rectangular,processed,public,youtube,True,False,False,4253,0,https://i.ytimg.com/vi/PSjeWzH_ioc/maxresdefault.jpg,1280.0,720.0,"['Rhum', 'Express', 'Johnny', 'Depp', 'Aaron', 'eckart', 'Hunter', 'Thompson', 'Amber', 'avant', 'premi√®re', 'Champs', 'Elys√©es', 'paris', 'france']",29,5,
youtube#video,KhQDh4LDsx3LzsntL8dnbYZCmLo,pZQQ_LmnvRE,2018-12-10T14:34:42Z,UCH6L8Dfs6-AkvYbPS0636AQ,AQUAMAN: Amber Heard a solas,"Si te gusta el cine, las series, viajar, el teatro, la m√∫sica y mucho m√°s... seguime en mis redes, suscribite a mi canal y ent√©rate de todo! 
‚ñ∂ Suscribite:  https://www.youtube.com/channel/UCH6L8Dfs6-AkvYbPS0636AQ/featured
‚ñ∂ Facebook: https://www.facebook.com/JaviPonzo/ 
‚ñ∂ Twitter: https://twitter.com/JaviPonzo
‚ñ∂ Instagram: https://www.instagram.com/javiponzo",https://i.ytimg.com/vi/pZQQ_LmnvRE/default.jpg,120,90,https://i.ytimg.com/vi/pZQQ_LmnvRE/mqdefault.jpg,320,180,https://i.ytimg.com/vi/pZQQ_LmnvRE/hqdefault.jpg,480,360,https://i.ytimg.com/vi/pZQQ_LmnvRE/sddefault.jpg,640.0,480.0,JaviPonzo,24,none,AQUAMAN: Amber Heard a solas,"Si te gusta el cine, las series, viajar, el teatro, la m√∫sica y mucho m√°s... seguime en mis redes, suscribite a mi canal y ent√©rate de todo! 
‚ñ∂ Suscribite:  https://www.youtube.com/channel/UCH6L8Dfs6-AkvYbPS0636AQ/featured
‚ñ∂ Facebook: https://www.facebook.com/JaviPonzo/ 
‚ñ∂ Twitter: https://twitter.com/JaviPonzo
‚ñ∂ Instagram: https://www.instagram.com/javiponzo",PT4M18S,2d,hd,false,True,rectangular,processed,public,youtube,True,False,False,4024,0,https://i.ytimg.com/vi/pZQQ_LmnvRE/maxresdefault.jpg,1280.0,720.0,"['series', 'rese√±as', 'entrevistas', 'Javier Ponzone', 'espect√°culos', 'cine', 'periodista Perros de la calle', 'periodista metro', 'Hollywood', 'pel√≠culas', 'estrenos', 'JaviPonzo', 'aquaman', 'amber heard', 'mera']",109,13,
youtube#video,6gGrRzrQ_XsLcaADypsUm7zYbNo,uGYzlHF1MWU,2011-11-10T19:26:03Z,UC0hxDsper4Bt3U7Atg5HFWg,avant premi√®re Rhum Express √† paris avec johnny depp et amber heard,"petite intro, puis attente des acteurs... leur arriv√©√© et enfin, le r√™ve devient r√©alit√©!!",https://i.ytimg.com/vi/uGYzlHF1MWU/default.jpg,120,90,https://i.ytimg.com/vi/uGYzlHF1MWU/mqdefault.jpg,320,180,https://i.ytimg.com/vi/uGYzlHF1MWU/hqdefault.jpg,480,360,,,,JeannotMovie,24,none,avant premi√®re Rhum Express √† paris avec johnny depp et amber heard,"petite intro, puis attente des acteurs... leur arriv√©√© et enfin, le r√™ve devient r√©alit√©!!",PT8M49S,2d,sd,false,False,rectangular,processed,public,youtube,True,True,False,3773,0,,,,"['Rhum Express', 'Johnny Depp', 'Amber Heard', 'Paris']",9,3,
youtube#video,eYJIgnw_yfgNEk9ab-PwNq8cm84,uHPDta8fJYc,2019-09-30T17:00:41Z,UC48CqsQVp-G-V3dFQ6LJ0LA,Amber Heard ‚Äì Shopping at the Chanel store in Paris,Amber Heard ‚Äì Shopping at the Chanel store in Paris,https://i.ytimg.com/vi/uHPDta8fJYc/default.jpg,120,90,https://i.ytimg.com/vi/uHPDta8fJYc/mqdefault.jpg,320,180,https://i.ytimg.com/vi/uHPDta8fJYc/hqdefault.jpg,480,360,https://i.ytimg.com/vi/uHPDta8fJYc/sddefault.jpg,640.0,480.0,celebrities,26,none,Amber Heard ‚Äì Shopping at the Chanel store in Paris,Amber Heard ‚Äì Shopping at the Chanel store in Paris,PT1M45S,2d,hd,false,False,rectangular,processed,public,youtube,True,True,False,97,0,https://i.ytimg.com/vi/uHPDta8fJYc/maxresdefault.jpg,1280.0,720.0,,0,1,en
youtube#video,XJkumlSAM9WtbV8dt_5-1z6LLyM,vHJbNGkG4as,2015-10-06T04:41:19Z,UCO0dMRd66S6uDUan73Lg3Mg,WHO‚ÄôS RICHER? - Paris Hilton or Amber Heard? - Net Worth Revealed!,Who‚Äôs worth more? How much money do Paris Hilton and actress Amber Heard have? We reveal their net worth and see who‚Äôs the richest between the two!,https://i.ytimg.com/vi/vHJbNGkG4as/default.jpg,120,90,https://i.ytimg.com/vi/vHJbNGkG4as/mqdefault.jpg,320,180,https://i.ytimg.com/vi/vHJbNGkG4as/hqdefault.jpg,480,360,https://i.ytimg.com/vi/vHJbNGkG4as/sddefault.jpg,640.0,480.0,The Real Hollywood,24,none,WHO‚ÄôS RICHER? - Paris Hilton or Amber Heard? - Net Worth Revealed!,Who‚Äôs worth more? How much money do Paris Hilton and actress Amber Heard have? We reveal their net worth and see who‚Äôs the richest between the two!,PT33S,2d,hd,false,True,rectangular,processed,public,youtube,True,False,False,31,0,https://i.ytimg.com/vi/vHJbNGkG4as/maxresdefault.jpg,1280.0,720.0,"['Net Worth', 'Networth', 'Wealth', 'Rich', 'Facts', 'Factoids', 'Vs', 'Celebrity', 'Money', 'Fortune', 'Paris Hilton', 'Bikini', 'Blue', 'White Shirt', 'Short Hair', 'Blonde', 'Hot', 'Cat Eyes', 'Amber Heard', 'Ripped Shirt', 'Jeans', 'Long Hair', 'Messy Hair']",0,0,
youtube#video,GzaZERxIh1V5vsj2eNYyIBm7nB4,WA7lCaJFIxw,2014-08-26T00:23:24Z,UCOqsxZ0JvatqxXwcGblpR9w,Amber Heard Rhum Express Premiere in Paris,,https://i.ytimg.com/vi/WA7lCaJFIxw/default.jpg,120,90,https://i.ytimg.com/vi/WA7lCaJFIxw/mqdefault.jpg,320,180,https://i.ytimg.com/vi/WA7lCaJFIxw/hqdefault.jpg,480,360,https://i.ytimg.com/vi/WA7lCaJFIxw/sddefault.jpg,640.0,480.0,MsCelebrityy,24,none,Amber Heard Rhum Express Premiere in Paris,,PT1M11S,2d,hd,false,False,rectangular,processed,public,youtube,True,True,False,40,0,https://i.ytimg.com/vi/WA7lCaJFIxw/maxresdefault.jpg,1280.0,720.0,,0,0,
youtube#video,dUHvwmBiSse7CJInM4CG2OFiRHM,_Ii9iJtysqs,2018-07-05T05:03:49Z,UCVBZ7bN9BPx3LkMkWSMQL1g,"Amber Heard, l‚Äôex rivale de Vanessa Paradis est √† Paris","La Fashion Week Haute Couture, qui se tient actuellement √† Paris, attire de nombreuses stars. Tandis que Vanessa Paradis brillait au d√©fil√© Chanel, son ancienne rivale Amber Heard a d√©barqu√© dans la capitale de la mode. L'ex femme de Johnny Depp est √† Paris depuis lundi. 
Source: http://www.gala.fr/l_actu/news_de_stars/photos-amber-heard-lex-rivale-de-vanessa-paradis-est-a-paris_416951 
Subscribe: https://goo.gl/N5Xus5",https://i.ytimg.com/vi/_Ii9iJtysqs/default.jpg,120,90,https://i.ytimg.com/vi/_Ii9iJtysqs/mqdefault.jpg,320,180,https://i.ytimg.com/vi/_Ii9iJtysqs/hqdefault.jpg,480,360,https://i.ytimg.com/vi/_Ii9iJtysqs/sddefault.jpg,640.0,480.0,Celebrity News,24,none,"Amber Heard, l‚Äôex rivale de Vanessa Paradis est √† Paris","La Fashion Week Haute Couture, qui se tient actuellement √† Paris, attire de nombreuses stars. Tandis que Vanessa Paradis brillait au d√©fil√© Chanel, son ancienne rivale Amber Heard a d√©barqu√© dans la capitale de la mode. L'ex femme de Johnny Depp est √† Paris depuis lundi. 
Source: http://www.gala.fr/l_actu/news_de_stars/photos-amber-heard-lex-rivale-de-vanessa-paradis-est-a-paris_416951 
Subscribe: https://goo.gl/N5Xus5",PT3M11S,2d,hd,false,True,rectangular,processed,public,youtube,True,False,False,74,0,https://i.ytimg.com/vi/_Ii9iJtysqs/maxresdefault.jpg,1280.0,720.0,"['Paris', 'Diaporama', 'look', 'looks de stars', 'Amber Heard', 'Johnny Depp', 'Vanessa Paradis']",0,0,fr
youtube#video,T23vlely3sFvTP8VnnFB4NKYjbE,_ljTglQggNc,2021-12-28T13:24:44Z,UCdFlXPpXaptk8zfyfWX_iwg,"Amber Heard conta como prospera durante os momentos de ""afundar ou nadar"" da vida (LEGENDADO PT/BR)","V√≠deo legendado pela equipe do AHBR - http://amberheardbrasil.com/

Confira os v√≠deos legendados da Amber Heard: https://vk.com/amberheardbra",https://i.ytimg.com/vi/_ljTglQggNc/default.jpg,120,90,https://i.ytimg.com/vi/_ljTglQggNc/mqdefault.jpg,320,180,https://i.ytimg.com/vi/_ljTglQggNc/hqdefault.jpg,480,360,https://i.ytimg.com/vi/_ljTglQggNc/sddefault.jpg,640.0,480.0,Amber Heard Brasil,22,none,"Amber Heard conta como prospera durante os momentos de ""afundar ou nadar"" da vida (LEGENDADO PT/BR)","V√≠deo legendado pela equipe do AHBR - http://amberheardbrasil.com/

Confira os v√≠deos legendados da Amber Heard: https://vk.com/amberheardbra",PT3M18S,2d,hd,false,False,rectangular,processed,public,youtube,True,True,False,72,0,https://i.ytimg.com/vi/_ljTglQggNc/maxresdefault.jpg,1280.0,720.0,"['amber heard', 'amber heard legendado', 'amber heard tradu√ß√£o', 'amber heard brasil', 'amber heard interview']",13,1,
youtube#video,9-CE2Z9BPbCbORkVZCnoXv-V3Uw,_s8E7waRGh8,2020-09-08T02:56:11Z,UCuWeBHxVe6C69JTBpiY-Y8Q,WOW: ¬°AMBER HEARD demanda por 100 millones a JOHNNY DEPP y RUBIUS se retira!,"‚ñ∫ josue ‚û• https://tus10seg.com/31209

00:00 Juego Among Us y Doom
01:40 Adios Djokovic
02:56 Anti barbijos
03:39 Bill Gates en problemas
04:56 Esposa de Steve Jobs
05:53 Documental de Paris Hilton
06:34 Windygirk vs Arigameplays
08:06 Rubius se retira
09:20 Ray Fisher vs Warner
12:25 Amber Heard y Johnny Depp

‚ñ∫ TUS 10 SEGUNDOS ‚û• https://tus10segundos.com/products/delcarajotv
‚ñ∫ SE PARTE DEL TEAM DELCARAJO:
‚û• https://youtube.com/channel/UCuWeBHxVe6C69JTBpiY-Y8Q/join

‚ñ∫ TIENDA DELCARAJO ‚û• http://delcarajo.net

‚ñ∫ Sigueme en:
Twitter ‚û• http://twitter.com/juanitosay
Instagram ‚û• http://instagram.com/juanitosayoficial

‚ñ∫ Contacto: say@delcarajo.net


* Hey, Friki Delcarajo... ¬øQue haces tan abajo? El boton de like esta mas arriba ( Õ°¬∞ Õú ñ Õ°¬∞)",https://i.ytimg.com/vi/_s8E7waRGh8/default.jpg,120,90,https://i.ytimg.com/vi/_s8E7waRGh8/mqdefault.jpg,320,180,https://i.ytimg.com/vi/_s8E7waRGh8/hqdefault.jpg,480,360,https://i.ytimg.com/vi/_s8E7waRGh8/sddefault.jpg,640.0,480.0,DELCARAJO TV,24,none,WOW: ¬°AMBER HEARD demanda por 100 millones a JOHNNY DEPP y RUBIUS se retira!,"‚ñ∫ josue ‚û• https://tus10seg.com/31209

00:00 Juego Among Us y Doom
01:40 Adios Djokovic
02:56 Anti barbijos
03:39 Bill Gates en problemas
04:56 Esposa de Steve Jobs
05:53 Documental de Paris Hilton
06:34 Windygirk vs Arigameplays
08:06 Rubius se retira
09:20 Ray Fisher vs Warner
12:25 Amber Heard y Johnny Depp

‚ñ∫ TUS 10 SEGUNDOS ‚û• https://tus10segundos.com/products/delcarajotv
‚ñ∫ SE PARTE DEL TEAM DELCARAJO:
‚û• https://youtube.com/channel/UCuWeBHxVe6C69JTBpiY-Y8Q/join

‚ñ∫ TIENDA DELCARAJO ‚û• http://delcarajo.net

‚ñ∫ Sigueme en:
Twitter ‚û• http://twitter.com/juanitosay
Instagram ‚û• http://instagram.com/juanitosayoficial

‚ñ∫ Contacto: say@delcarajo.net


* Hey, Friki Delcarajo... ¬øQue haces tan abajo? El boton de like esta mas arriba ( Õ°¬∞ Õú ñ Õ°¬∞)",PT15M47S,2d,hd,false,True,rectangular,processed,public,youtube,True,True,False,185703,0,https://i.ytimg.com/vi/_s8E7waRGh8/maxresdefault.jpg,1280.0,720.0,"['juanito say', 'delcarajo', 'delcarajo teve', 'delcarajo tv', 'noticias', 'data suculenta', 'del carajo tv', 'johnny depp amber heard', 'johnny depp', 'jonny depp', 'johnny deep', 'amber heard y johnny depp', 'amber heard', 'juanito say ellen', 'que paso', 'jacobo wong', 'wefere', 'maurg1', 'rubius', 'rubius z', 'rubius among us', 'rubius fall guys']",12432,1259,zxx
