kind,etag,id,snippet.publishedAt,snippet.channelId,snippet.title,snippet.description,snippet.thumbnails.default.url,snippet.thumbnails.default.width,snippet.thumbnails.default.height,snippet.thumbnails.medium.url,snippet.thumbnails.medium.width,snippet.thumbnails.medium.height,snippet.thumbnails.high.url,snippet.thumbnails.high.width,snippet.thumbnails.high.height,snippet.channelTitle,snippet.tags,snippet.categoryId,snippet.liveBroadcastContent,snippet.localized.title,snippet.localized.description,snippet.defaultAudioLanguage,contentDetails.duration,contentDetails.dimension,contentDetails.definition,contentDetails.caption,contentDetails.licensedContent,contentDetails.projection,status.uploadStatus,status.privacyStatus,status.license,status.embeddable,status.publicStatsViewable,status.madeForKids,statistics.viewCount,statistics.likeCount,statistics.favoriteCount,statistics.commentCount,snippet.thumbnails.standard.url,snippet.thumbnails.standard.width,snippet.thumbnails.standard.height,snippet.thumbnails.maxres.url,snippet.thumbnails.maxres.width,snippet.thumbnails.maxres.height,snippet.defaultLanguage,contentDetails.regionRestriction.blocked
youtube#video,TFIL4TdsGuXLhqTNo1rMH8893LI,04rUWT49drc,2021-08-29T10:54:44Z,UC5jO80JvDcPAPaSnTUW-X_Q,Johnny Depp met paparazzi at a film festival,"#JohnnyDepp #Hollywood #AmberHeard
Johnny Depp met paparazzi at a film festival, as well as fans who support him in the situation with his ex-wife Amber Heard, who is trying to sue Johnny Depp for $ 50 million",https://i.ytimg.com/vi/04rUWT49drc/default.jpg,120,90,https://i.ytimg.com/vi/04rUWT49drc/mqdefault.jpg,320,180,https://i.ytimg.com/vi/04rUWT49drc/hqdefault.jpg,480,360,Celebrity Gossip,"['Amber Heard news today', 'Amber Heard news', 'Amber Heard today', 'Amber Heard hollywood', 'Johnny Depp paparazzi', 'johnny depp film festival 2021', 'Johnny Depp hollywood', 'Johnny Depp news today', 'Johnny Depp news', 'Johnny Depp and amber heard', 'hollywood', 'celebrity', 'paparazzi', 'Johnny Depp waves to adoring fans', 'Johnny Depp met paparazzi at a film festival']",22,none,Johnny Depp met paparazzi at a film festival,"#JohnnyDepp #Hollywood #AmberHeard
Johnny Depp met paparazzi at a film festival, as well as fans who support him in the situation with his ex-wife Amber Heard, who is trying to sue Johnny Depp for $ 50 million",en-US,PT1M45S,2d,hd,false,True,rectangular,processed,public,youtube,True,True,False,66,1,0,0,,,,,,,,
youtube#video,J9bxpyXXtJ3eqyrBgPyfk4-RxHE,0x2vssg0bzg,2019-06-10T19:43:33Z,UCAVgFwnRKj2Ny8M2emfYm9w,Amber Heard from Cannes Film Festival 2019,"Media Networks Broacasting Bringing the juiciest gossip straight to your screen, Celebrity Scoop keeps you up to date with all things showbiz, beauty and lifestyle. Each item provides a weekly fix of breaking news and plenty of exciting items about Hollywood's hottest men and women. Find out how to live like a star, how to dress like one and who‚Äôs hot or who's not in movie, music, fashion and TV land. There is also an in-depth celebrity profile in which we dig up all the details about a certain star. Whether it's about their lifestyle, love life, favorite designers or their chosen profession, Celebrity Scoop covers it all.",https://i.ytimg.com/vi/0x2vssg0bzg/default.jpg,120,90,https://i.ytimg.com/vi/0x2vssg0bzg/mqdefault.jpg,320,180,https://i.ytimg.com/vi/0x2vssg0bzg/hqdefault.jpg,480,360,Celebrity Scoop,,24,none,Amber Heard from Cannes Film Festival 2019,"Media Networks Broacasting Bringing the juiciest gossip straight to your screen, Celebrity Scoop keeps you up to date with all things showbiz, beauty and lifestyle. Each item provides a weekly fix of breaking news and plenty of exciting items about Hollywood's hottest men and women. Find out how to live like a star, how to dress like one and who‚Äôs hot or who's not in movie, music, fashion and TV land. There is also an in-depth celebrity profile in which we dig up all the details about a certain star. Whether it's about their lifestyle, love life, favorite designers or their chosen profession, Celebrity Scoop covers it all.",,PT6S,2d,sd,false,True,rectangular,processed,public,youtube,True,False,False,30,,0,0,https://i.ytimg.com/vi/0x2vssg0bzg/sddefault.jpg,640.0,480.0,,,,,
youtube#video,YA7Gbn0KCZVpDlLGyQmUD_qLVrA,2q-pAOlQLxM,2019-07-30T23:32:00Z,UCAVgFwnRKj2Ny8M2emfYm9w,Amber Heard at the 48th Giffoni Film Festival,"Media Networks Broacasting Bringing the juiciest gossip straight to your screen, Celebrity Scoop keeps you up to date with all things showbiz, beauty and lifestyle. Each item provides a weekly fix of breaking news and plenty of exciting items about Hollywood's hottest men and women. Find out how to live like a star, how to dress like one and who‚Äôs hot or who's not in movie, music, fashion and TV land. There is also an in-depth celebrity profile in which we dig up all the details about a certain star. Whether it's about their lifestyle, love life, favorite designers or their chosen profession, Celebrity Scoop covers it all.",https://i.ytimg.com/vi/2q-pAOlQLxM/default.jpg,120,90,https://i.ytimg.com/vi/2q-pAOlQLxM/mqdefault.jpg,320,180,https://i.ytimg.com/vi/2q-pAOlQLxM/hqdefault.jpg,480,360,Celebrity Scoop,,24,none,Amber Heard at the 48th Giffoni Film Festival,"Media Networks Broacasting Bringing the juiciest gossip straight to your screen, Celebrity Scoop keeps you up to date with all things showbiz, beauty and lifestyle. Each item provides a weekly fix of breaking news and plenty of exciting items about Hollywood's hottest men and women. Find out how to live like a star, how to dress like one and who‚Äôs hot or who's not in movie, music, fashion and TV land. There is also an in-depth celebrity profile in which we dig up all the details about a certain star. Whether it's about their lifestyle, love life, favorite designers or their chosen profession, Celebrity Scoop covers it all.",,PT2M47S,2d,sd,false,True,rectangular,processed,public,youtube,True,False,False,102,,0,0,https://i.ytimg.com/vi/2q-pAOlQLxM/sddefault.jpg,640.0,480.0,,,,,
youtube#video,wnhQWom86hioucNtsTZ6c9cQ0_0,3jZvemwfC0I,2019-05-18T14:26:03Z,UC48CqsQVp-G-V3dFQ6LJ0LA,Amber Heard ‚Äì Chopard Party at the 72nd Cannes Film Festival,,https://i.ytimg.com/vi/3jZvemwfC0I/default.jpg,120,90,https://i.ytimg.com/vi/3jZvemwfC0I/mqdefault.jpg,320,180,https://i.ytimg.com/vi/3jZvemwfC0I/hqdefault.jpg,480,360,celebrities,,1,none,Amber Heard ‚Äì Chopard Party at the 72nd Cannes Film Festival,,zh-HK,PT1M6S,2d,sd,false,False,rectangular,processed,public,youtube,True,True,False,47,1,0,0,https://i.ytimg.com/vi/3jZvemwfC0I/sddefault.jpg,640.0,480.0,,,,,
youtube#video,yiXS0f8PlX1KYlrl5Y19VyR8bAI,6-fV7M4HWG0,2020-02-02T17:12:27Z,UCX0ptwLhPXlaX-svxxN_04A,Johnny Depp e Amber Heard √°udios legendados/traduzidos - PARTE 2,"This video belongs to the channel ''INCREDIBLY AVERAGE"", I just did a translation in Portuguese for thoses who don't understand English.",https://i.ytimg.com/vi/6-fV7M4HWG0/default.jpg,120,90,https://i.ytimg.com/vi/6-fV7M4HWG0/mqdefault.jpg,320,180,https://i.ytimg.com/vi/6-fV7M4HWG0/hqdefault.jpg,480,360,Alicia Scamander,,22,none,Johnny Depp e Amber Heard √°udios legendados/traduzidos - PARTE 2,"This video belongs to the channel ''INCREDIBLY AVERAGE"", I just did a translation in Portuguese for thoses who don't understand English.",,PT2M26S,2d,hd,false,False,rectangular,processed,public,youtube,True,True,False,13795,344,0,21,https://i.ytimg.com/vi/6-fV7M4HWG0/sddefault.jpg,640.0,480.0,https://i.ytimg.com/vi/6-fV7M4HWG0/maxresdefault.jpg,1280.0,720.0,,
youtube#video,4oxHuhsBHLllAfMoLBcQJCedYYk,77Ti9qhUf5Y,2019-01-11T20:23:30Z,UCAVgFwnRKj2Ny8M2emfYm9w,#Repost @amberheard with @get repost   „Éª„Éª„Éª   Tonight at the Cannes Film Festival I was proud to stan,"Media Networks Broacasting Bringing the juiciest gossip straight to your screen, Celebrity Scoop keeps you up to date with all things showbiz, beauty and lifestyle. Each item provides a weekly fix of breaking news and plenty of exciting items about Hollywood's hottest men and women. Find out how to live like a star, how to dress like one and who‚Äôs hot or who's not in movie, music, fashion and TV land. There is also an in-depth celebrity profile in which we dig up all the details about a certain star. Whether it's about their lifestyle, love life, favorite designers or their chosen profession, Celebrity Scoop covers it all.",https://i.ytimg.com/vi/77Ti9qhUf5Y/default.jpg,120,90,https://i.ytimg.com/vi/77Ti9qhUf5Y/mqdefault.jpg,320,180,https://i.ytimg.com/vi/77Ti9qhUf5Y/hqdefault.jpg,480,360,Celebrity Scoop,,24,none,#Repost @amberheard with @get repost   „Éª„Éª„Éª   Tonight at the Cannes Film Festival I was proud to stan,"Media Networks Broacasting Bringing the juiciest gossip straight to your screen, Celebrity Scoop keeps you up to date with all things showbiz, beauty and lifestyle. Each item provides a weekly fix of breaking news and plenty of exciting items about Hollywood's hottest men and women. Find out how to live like a star, how to dress like one and who‚Äôs hot or who's not in movie, music, fashion and TV land. There is also an in-depth celebrity profile in which we dig up all the details about a certain star. Whether it's about their lifestyle, love life, favorite designers or their chosen profession, Celebrity Scoop covers it all.",,PT27S,2d,hd,false,True,rectangular,processed,public,youtube,True,False,False,42,,0,0,https://i.ytimg.com/vi/77Ti9qhUf5Y/sddefault.jpg,640.0,480.0,,,,,
youtube#video,_i8a2QmNycUTeE13wVmfrbHQIHk,8VC79j1a1Rg,2019-06-10T20:10:45Z,UCAVgFwnRKj2Ny8M2emfYm9w,Amber Heard from Cannes Film Festival 2019,"Media Networks Broacasting Bringing the juiciest gossip straight to your screen, Celebrity Scoop keeps you up to date with all things showbiz, beauty and lifestyle. Each item provides a weekly fix of breaking news and plenty of exciting items about Hollywood's hottest men and women. Find out how to live like a star, how to dress like one and who‚Äôs hot or who's not in movie, music, fashion and TV land. There is also an in-depth celebrity profile in which we dig up all the details about a certain star. Whether it's about their lifestyle, love life, favorite designers or their chosen profession, Celebrity Scoop covers it all.",https://i.ytimg.com/vi/8VC79j1a1Rg/default.jpg,120,90,https://i.ytimg.com/vi/8VC79j1a1Rg/mqdefault.jpg,320,180,https://i.ytimg.com/vi/8VC79j1a1Rg/hqdefault.jpg,480,360,Celebrity Scoop,,24,none,Amber Heard from Cannes Film Festival 2019,"Media Networks Broacasting Bringing the juiciest gossip straight to your screen, Celebrity Scoop keeps you up to date with all things showbiz, beauty and lifestyle. Each item provides a weekly fix of breaking news and plenty of exciting items about Hollywood's hottest men and women. Find out how to live like a star, how to dress like one and who‚Äôs hot or who's not in movie, music, fashion and TV land. There is also an in-depth celebrity profile in which we dig up all the details about a certain star. Whether it's about their lifestyle, love life, favorite designers or their chosen profession, Celebrity Scoop covers it all.",,PT12S,2d,sd,false,True,rectangular,processed,public,youtube,True,False,False,21,,0,0,https://i.ytimg.com/vi/8VC79j1a1Rg/sddefault.jpg,640.0,480.0,,,,,
youtube#video,nAOiN4-ruO1MNTvfX2er3mY7PIg,9gYZqGSphLo,2018-05-29T22:56:04Z,UCqlixRJs2CwjLGph-a8gQYw,Amber Heard wears knitted vest at Cannes Film Festival  | ABS US  DAILY NEWS,"‚òÖMore ABS NEWS - Entertainment Video‚ñ∫‚ñ∫ https://www.youtube.com/channel/UCqlixRJs2CwjLGph-a8gQYw?sub_confirmation=1

 She was pictured keeping a low profile in a car with Heidi Klum's ex-boyfriend, art dealer, Vito Schnabel, on Tuesday.¬†And Amber Heard, 32, appeared in high spirits as she headed onto a boat in Cannes at the 71st annual Film Festival on Thursday.She wore a knitted white vest top which was low-cut in design as she made her way down the promenade in 22 degree heat.¬†The number was tucked into a pair of high-waisted baggy trousers as she walked along with her hands tucked into her pockets.¬†   Share this article   Share  Her blonde locks were styled into loose curls as she battled a little wind as she neared the water.¬†And she kindly posed for snaps with fans as she made the most of her day in the sunshine.¬†  The night before, Amber wore a sensational gold knitted dress as she headed out in France, less than a day after being seen out with Vito, 31.¬†The Rum Diaries actress, who last dated entrepreneur Elon Musk and was married to Johnny Depp before that was seen in a car with Vito in New York on Tuesday.The duo appeared deep in conversation while traveling somewhere in an SUV and ducked down out of sight after spotting onlookers.¬†  Schnabel dated America's Got Talent star Klum, 44, off and on from 2014 until 2017.¬†Meanwhile, Amber's ex Elon Musk has a new lady in his life.The Tesla founder made things official with musician Grimes as they graced Monday night's Met Gala in NYC.",https://i.ytimg.com/vi/9gYZqGSphLo/default.jpg,120,90,https://i.ytimg.com/vi/9gYZqGSphLo/mqdefault.jpg,320,180,https://i.ytimg.com/vi/9gYZqGSphLo/hqdefault.jpg,480,360,"TIN AN CO., LTD","['abs', 'news', 'US', 'showbiz', 'usa showbiz', 'showbiz news', 'abs showbiz', 'us news', 'usa news', 'abs us', 'abs news', 'abs us news', 'abs us showbiz', 'youtube', 'Amber', 'Heard', 'wears', 'vest', 'high', 'waisted', 'trousers', 'Cannes', 'Film', 'Festival']",22,none,Amber Heard wears knitted vest at Cannes Film Festival  | ABS US  DAILY NEWS,"‚òÖMore ABS NEWS - Entertainment Video‚ñ∫‚ñ∫ https://www.youtube.com/channel/UCqlixRJs2CwjLGph-a8gQYw?sub_confirmation=1

 She was pictured keeping a low profile in a car with Heidi Klum's ex-boyfriend, art dealer, Vito Schnabel, on Tuesday.¬†And Amber Heard, 32, appeared in high spirits as she headed onto a boat in Cannes at the 71st annual Film Festival on Thursday.She wore a knitted white vest top which was low-cut in design as she made her way down the promenade in 22 degree heat.¬†The number was tucked into a pair of high-waisted baggy trousers as she walked along with her hands tucked into her pockets.¬†   Share this article   Share  Her blonde locks were styled into loose curls as she battled a little wind as she neared the water.¬†And she kindly posed for snaps with fans as she made the most of her day in the sunshine.¬†  The night before, Amber wore a sensational gold knitted dress as she headed out in France, less than a day after being seen out with Vito, 31.¬†The Rum Diaries actress, who last dated entrepreneur Elon Musk and was married to Johnny Depp before that was seen in a car with Vito in New York on Tuesday.The duo appeared deep in conversation while traveling somewhere in an SUV and ducked down out of sight after spotting onlookers.¬†  Schnabel dated America's Got Talent star Klum, 44, off and on from 2014 until 2017.¬†Meanwhile, Amber's ex Elon Musk has a new lady in his life.The Tesla founder made things official with musician Grimes as they graced Monday night's Met Gala in NYC.",en,PT2M39S,2d,hd,false,False,rectangular,processed,public,youtube,True,True,False,35,0,0,1,https://i.ytimg.com/vi/9gYZqGSphLo/sddefault.jpg,640.0,480.0,https://i.ytimg.com/vi/9gYZqGSphLo/maxresdefault.jpg,1280.0,720.0,en,
youtube#video,2psHbJoozQL7ihXm65TZrjV5RVM,9y4FXJmZ_6g,2019-06-10T19:45:00Z,UCAVgFwnRKj2Ny8M2emfYm9w,Amber Heard from Cannes Film Festival 2019,"Media Networks Broacasting Bringing the juiciest gossip straight to your screen, Celebrity Scoop keeps you up to date with all things showbiz, beauty and lifestyle. Each item provides a weekly fix of breaking news and plenty of exciting items about Hollywood's hottest men and women. Find out how to live like a star, how to dress like one and who‚Äôs hot or who's not in movie, music, fashion and TV land. There is also an in-depth celebrity profile in which we dig up all the details about a certain star. Whether it's about their lifestyle, love life, favorite designers or their chosen profession, Celebrity Scoop covers it all.",https://i.ytimg.com/vi/9y4FXJmZ_6g/default.jpg,120,90,https://i.ytimg.com/vi/9y4FXJmZ_6g/mqdefault.jpg,320,180,https://i.ytimg.com/vi/9y4FXJmZ_6g/hqdefault.jpg,480,360,Celebrity Scoop,,24,none,Amber Heard from Cannes Film Festival 2019,"Media Networks Broacasting Bringing the juiciest gossip straight to your screen, Celebrity Scoop keeps you up to date with all things showbiz, beauty and lifestyle. Each item provides a weekly fix of breaking news and plenty of exciting items about Hollywood's hottest men and women. Find out how to live like a star, how to dress like one and who‚Äôs hot or who's not in movie, music, fashion and TV land. There is also an in-depth celebrity profile in which we dig up all the details about a certain star. Whether it's about their lifestyle, love life, favorite designers or their chosen profession, Celebrity Scoop covers it all.",,PT16S,2d,sd,false,True,rectangular,processed,public,youtube,True,False,False,7,,0,0,https://i.ytimg.com/vi/9y4FXJmZ_6g/sddefault.jpg,640.0,480.0,,,,,
youtube#video,9MTIBWm1mZVpa-iZVb57Z9Ub5zo,9yNnKE_VyqA,2019-06-10T19:46:20Z,UCAVgFwnRKj2Ny8M2emfYm9w,Amber Heard from Cannes Film Festival 2019,"Media Networks Broacasting Bringing the juiciest gossip straight to your screen, Celebrity Scoop keeps you up to date with all things showbiz, beauty and lifestyle. Each item provides a weekly fix of breaking news and plenty of exciting items about Hollywood's hottest men and women. Find out how to live like a star, how to dress like one and who‚Äôs hot or who's not in movie, music, fashion and TV land. There is also an in-depth celebrity profile in which we dig up all the details about a certain star. Whether it's about their lifestyle, love life, favorite designers or their chosen profession, Celebrity Scoop covers it all.",https://i.ytimg.com/vi/9yNnKE_VyqA/default.jpg,120,90,https://i.ytimg.com/vi/9yNnKE_VyqA/mqdefault.jpg,320,180,https://i.ytimg.com/vi/9yNnKE_VyqA/hqdefault.jpg,480,360,Celebrity Scoop,,24,none,Amber Heard from Cannes Film Festival 2019,"Media Networks Broacasting Bringing the juiciest gossip straight to your screen, Celebrity Scoop keeps you up to date with all things showbiz, beauty and lifestyle. Each item provides a weekly fix of breaking news and plenty of exciting items about Hollywood's hottest men and women. Find out how to live like a star, how to dress like one and who‚Äôs hot or who's not in movie, music, fashion and TV land. There is also an in-depth celebrity profile in which we dig up all the details about a certain star. Whether it's about their lifestyle, love life, favorite designers or their chosen profession, Celebrity Scoop covers it all.",,PT10S,2d,sd,false,True,rectangular,processed,public,youtube,True,False,False,43,,0,0,https://i.ytimg.com/vi/9yNnKE_VyqA/sddefault.jpg,640.0,480.0,,,,,
youtube#video,R5EaTXfkkPOPGrHBiq9TH4J1HSw,aKKAnjLIL1A,2014-05-21T10:36:01Z,UCE-GLhKd7iMzDeR1_Wyt6Nw,"Amber Heard and Fawaz Gruosi photocall at Deux Jours, nuit red carpet 2014 Cannes Film Festival","Amber Heard and Fawaz Gruosi at Deux Jours, une nuit red carpet premiere at 2014 Cannes Film Festival 


Cannes, France, 20th May 2014
 
More amazing celebrity videos : http://www.youtube.com/user/StormShadowCrew





About StormShadow -- Famous Celebrity Breaking News 24/7 

StormShadow is a direct source for all latest celebrity videos of your favorite singers/actors/models/stars. 

StormShadow is one of the top celebrity news agency, providing amazing content for TV shows around the world. Since 2006.

StormShadow has been bringing all the latest celebrity news, interviews, scoops and candid videos to viewers all around the world. 

If you are interested in our content, please contact us by mail: stormshadowvideo@yahoo.fr 

Or you can call us : 

+33177118367
+33670211087",https://i.ytimg.com/vi/aKKAnjLIL1A/default.jpg,120,90,https://i.ytimg.com/vi/aKKAnjLIL1A/mqdefault.jpg,320,180,https://i.ytimg.com/vi/aKKAnjLIL1A/hqdefault.jpg,480,360,StormShadowCrew,"['Famous', 'celebrity', 'paparazzi', 'new', 'top', 'brand new', 'latest', 'interview', 'scoop', 'direct', 'funny', 'crazy', 'amazing', 'awesome', 'tv', 'movie', 'tv show', '24/7', 'HD', '2013', 'StormShadow', 'Amber Heard (TV Actor)', 'Cannes Film Festival (Film Festival)', 'Red Carpet', 'Fawaz Gruosi', 'Premiere (Film Screening Venue)']",24,none,"Amber Heard and Fawaz Gruosi photocall at Deux Jours, nuit red carpet 2014 Cannes Film Festival","Amber Heard and Fawaz Gruosi at Deux Jours, une nuit red carpet premiere at 2014 Cannes Film Festival 


Cannes, France, 20th May 2014
 
More amazing celebrity videos : http://www.youtube.com/user/StormShadowCrew





About StormShadow -- Famous Celebrity Breaking News 24/7 

StormShadow is a direct source for all latest celebrity videos of your favorite singers/actors/models/stars. 

StormShadow is one of the top celebrity news agency, providing amazing content for TV shows around the world. Since 2006.

StormShadow has been bringing all the latest celebrity news, interviews, scoops and candid videos to viewers all around the world. 

If you are interested in our content, please contact us by mail: stormshadowvideo@yahoo.fr 

Or you can call us : 

+33177118367
+33670211087",,PT1M17S,2d,hd,false,True,rectangular,processed,public,youtube,True,True,False,1438,4,0,2,https://i.ytimg.com/vi/aKKAnjLIL1A/sddefault.jpg,640.0,480.0,https://i.ytimg.com/vi/aKKAnjLIL1A/maxresdefault.jpg,1280.0,720.0,,
youtube#video,e5powdd9Lq4uuntn9MIvsG6mtaQ,bHFu6zYyKSI,2015-07-31T19:11:24Z,UCmLIaD7gIkLyZbIGoj46_5A,"Amber Heard, Christian Slater & Pamela Romanowsky discuss 'The Adderall Diaries'","Visit our website for more great entertainment news!
http://www.thedailyquirk.com

Subscribe to The Daily Quirk!
http://www.youtube.com/subscription_c...

Join us on Twitter for all the latest stories!
https://twitter.com/DailyQuirkBlog

Stephen Elliott‚Äôs true crime memoir comes to life in The Adderall Diaries starring James Franco, Amber Heard and Christian Slater, just to name a few. The Daily Quirk caught up with director/screenwriter Pamela Romanowsky along with actors Amber Heard and Christian Slater on the red carpet at the Tribeca Film Festival premiere... Read More: http://www.thedailyquirk.com/?p=52464",https://i.ytimg.com/vi/bHFu6zYyKSI/default.jpg,120,90,https://i.ytimg.com/vi/bHFu6zYyKSI/mqdefault.jpg,320,180,https://i.ytimg.com/vi/bHFu6zYyKSI/hqdefault.jpg,480,360,The Daily Quirk,"['The Adderall Diaries', 'Amber Heard (Celebrity)', 'Pamela Romanowsky', 'Christian Slater (Celebrity)', 'Tribeca Film Festival (Film Festival)', 'Red Carpet', 'Interview', 'The Daily Quirk']",24,none,"Amber Heard, Christian Slater & Pamela Romanowsky discuss 'The Adderall Diaries'","Visit our website for more great entertainment news!
http://www.thedailyquirk.com

Subscribe to The Daily Quirk!
http://www.youtube.com/subscription_c...

Join us on Twitter for all the latest stories!
https://twitter.com/DailyQuirkBlog

Stephen Elliott‚Äôs true crime memoir comes to life in The Adderall Diaries starring James Franco, Amber Heard and Christian Slater, just to name a few. The Daily Quirk caught up with director/screenwriter Pamela Romanowsky along with actors Amber Heard and Christian Slater on the red carpet at the Tribeca Film Festival premiere... Read More: http://www.thedailyquirk.com/?p=52464",en,PT1M52S,2d,hd,false,False,rectangular,processed,public,youtube,True,False,False,370,,0,,https://i.ytimg.com/vi/bHFu6zYyKSI/sddefault.jpg,640.0,480.0,https://i.ytimg.com/vi/bHFu6zYyKSI/maxresdefault.jpg,1280.0,720.0,,
youtube#video,wxkf9UXCyywke0atKoL_z_m-t0k,BlZ4UTj_1Gs,2015-09-18T03:06:32Z,UCujLQSJo-kapcX8ildy1TsA,"Tiff 2015, Danish Girl Premiere, Amber Heard","Amber Heard can be heard at the Princess Of Wales Theatre for "" The Danish Girl"" premiere for Tiff 2015.",https://i.ytimg.com/vi/BlZ4UTj_1Gs/default.jpg,120,90,https://i.ytimg.com/vi/BlZ4UTj_1Gs/mqdefault.jpg,320,180,https://i.ytimg.com/vi/BlZ4UTj_1Gs/hqdefault.jpg,480,360,Tim Katty,,19,none,"Tiff 2015, Danish Girl Premiere, Amber Heard","Amber Heard can be heard at the Princess Of Wales Theatre for "" The Danish Girl"" premiere for Tiff 2015.",,PT40S,2d,hd,false,False,rectangular,processed,public,youtube,True,True,False,70,0,0,0,https://i.ytimg.com/vi/BlZ4UTj_1Gs/sddefault.jpg,640.0,480.0,https://i.ytimg.com/vi/BlZ4UTj_1Gs/maxresdefault.jpg,1280.0,720.0,,
youtube#video,TG5mV09vXdp3fVqdDSTa5wSm36I,DrIrIcWvIB8,2015-09-14T17:49:39Z,UCjlsq3hx6bJOyGFpW8Mopkw,Johnny Depp joins wife Amber Heard at TIFF premiere,"Johnny Depp joined his wife Amber Heard at the Toronto International Film Festival premiere of 'The Danish Girl.' Also in attendance were the stars of the film, Eddie Redmayne and Alicia Vikander.",https://i.ytimg.com/vi/DrIrIcWvIB8/default.jpg,120,90,https://i.ytimg.com/vi/DrIrIcWvIB8/mqdefault.jpg,320,180,https://i.ytimg.com/vi/DrIrIcWvIB8/hqdefault.jpg,480,360,Only News,"['Johnny Depp', 'wife Amber Heard', 'TIFF premiere']",25,none,Johnny Depp joins wife Amber Heard at TIFF premiere,"Johnny Depp joined his wife Amber Heard at the Toronto International Film Festival premiere of 'The Danish Girl.' Also in attendance were the stars of the film, Eddie Redmayne and Alicia Vikander.",,PT1M21S,2d,sd,false,False,rectangular,processed,public,youtube,True,True,False,148,1,0,0,https://i.ytimg.com/vi/DrIrIcWvIB8/sddefault.jpg,640.0,480.0,https://i.ytimg.com/vi/DrIrIcWvIB8/maxresdefault.jpg,1280.0,720.0,,
youtube#video,NyO6ln6lDm7xccAnpx6cdXF0iB8,dstqxFgYVqg,2019-06-10T19:14:04Z,UCAVgFwnRKj2Ny8M2emfYm9w,Amber Heard from Cannes Film Festival 2019,"Media Networks Broacasting Bringing the juiciest gossip straight to your screen, Celebrity Scoop keeps you up to date with all things showbiz, beauty and lifestyle. Each item provides a weekly fix of breaking news and plenty of exciting items about Hollywood's hottest men and women. Find out how to live like a star, how to dress like one and who‚Äôs hot or who's not in movie, music, fashion and TV land. There is also an in-depth celebrity profile in which we dig up all the details about a certain star. Whether it's about their lifestyle, love life, favorite designers or their chosen profession, Celebrity Scoop covers it all.",https://i.ytimg.com/vi/dstqxFgYVqg/default.jpg,120,90,https://i.ytimg.com/vi/dstqxFgYVqg/mqdefault.jpg,320,180,https://i.ytimg.com/vi/dstqxFgYVqg/hqdefault.jpg,480,360,Celebrity Scoop,,24,none,Amber Heard from Cannes Film Festival 2019,"Media Networks Broacasting Bringing the juiciest gossip straight to your screen, Celebrity Scoop keeps you up to date with all things showbiz, beauty and lifestyle. Each item provides a weekly fix of breaking news and plenty of exciting items about Hollywood's hottest men and women. Find out how to live like a star, how to dress like one and who‚Äôs hot or who's not in movie, music, fashion and TV land. There is also an in-depth celebrity profile in which we dig up all the details about a certain star. Whether it's about their lifestyle, love life, favorite designers or their chosen profession, Celebrity Scoop covers it all.",,PT15S,2d,sd,false,True,rectangular,processed,public,youtube,True,False,False,25,,0,0,https://i.ytimg.com/vi/dstqxFgYVqg/sddefault.jpg,640.0,480.0,,,,,
youtube#video,SZ7rqsZLemLvB0w_-rNiCo_avZw,dX0Y3S9DbHs,2019-06-10T19:53:51Z,UCAVgFwnRKj2Ny8M2emfYm9w,Amber Heard from Cannes Film Festival 2019,"Media Networks Broacasting Bringing the juiciest gossip straight to your screen, Celebrity Scoop keeps you up to date with all things showbiz, beauty and lifestyle. Each item provides a weekly fix of breaking news and plenty of exciting items about Hollywood's hottest men and women. Find out how to live like a star, how to dress like one and who‚Äôs hot or who's not in movie, music, fashion and TV land. There is also an in-depth celebrity profile in which we dig up all the details about a certain star. Whether it's about their lifestyle, love life, favorite designers or their chosen profession, Celebrity Scoop covers it all.",https://i.ytimg.com/vi/dX0Y3S9DbHs/default.jpg,120,90,https://i.ytimg.com/vi/dX0Y3S9DbHs/mqdefault.jpg,320,180,https://i.ytimg.com/vi/dX0Y3S9DbHs/hqdefault.jpg,480,360,Celebrity Scoop,,24,none,Amber Heard from Cannes Film Festival 2019,"Media Networks Broacasting Bringing the juiciest gossip straight to your screen, Celebrity Scoop keeps you up to date with all things showbiz, beauty and lifestyle. Each item provides a weekly fix of breaking news and plenty of exciting items about Hollywood's hottest men and women. Find out how to live like a star, how to dress like one and who‚Äôs hot or who's not in movie, music, fashion and TV land. There is also an in-depth celebrity profile in which we dig up all the details about a certain star. Whether it's about their lifestyle, love life, favorite designers or their chosen profession, Celebrity Scoop covers it all.",,PT16S,2d,sd,false,True,rectangular,processed,public,youtube,True,False,False,7,,0,0,https://i.ytimg.com/vi/dX0Y3S9DbHs/sddefault.jpg,640.0,480.0,,,,,
youtube#video,IkleXQQzFcGGHPqvOG77dyjf_S0,EMDDf1Yc174,2019-06-10T19:31:33Z,UCAVgFwnRKj2Ny8M2emfYm9w,Amber Heard from Cannes Film Festival 2019,"Media Networks Broacasting Bringing the juiciest gossip straight to your screen, Celebrity Scoop keeps you up to date with all things showbiz, beauty and lifestyle. Each item provides a weekly fix of breaking news and plenty of exciting items about Hollywood's hottest men and women. Find out how to live like a star, how to dress like one and who‚Äôs hot or who's not in movie, music, fashion and TV land. There is also an in-depth celebrity profile in which we dig up all the details about a certain star. Whether it's about their lifestyle, love life, favorite designers or their chosen profession, Celebrity Scoop covers it all.",https://i.ytimg.com/vi/EMDDf1Yc174/default.jpg,120,90,https://i.ytimg.com/vi/EMDDf1Yc174/mqdefault.jpg,320,180,https://i.ytimg.com/vi/EMDDf1Yc174/hqdefault.jpg,480,360,Celebrity Scoop,,24,none,Amber Heard from Cannes Film Festival 2019,"Media Networks Broacasting Bringing the juiciest gossip straight to your screen, Celebrity Scoop keeps you up to date with all things showbiz, beauty and lifestyle. Each item provides a weekly fix of breaking news and plenty of exciting items about Hollywood's hottest men and women. Find out how to live like a star, how to dress like one and who‚Äôs hot or who's not in movie, music, fashion and TV land. There is also an in-depth celebrity profile in which we dig up all the details about a certain star. Whether it's about their lifestyle, love life, favorite designers or their chosen profession, Celebrity Scoop covers it all.",,PT6S,2d,sd,false,True,rectangular,processed,public,youtube,True,False,False,131,,0,0,https://i.ytimg.com/vi/EMDDf1Yc174/sddefault.jpg,640.0,480.0,,,,,
youtube#video,xxWiIk_d6KeCXoTG_xshFmiIRZk,etFUVtZApNY,2019-06-10T19:41:45Z,UCAVgFwnRKj2Ny8M2emfYm9w,Amber Heard from Cannes Film Festival 2019,"Media Networks Broacasting Bringing the juiciest gossip straight to your screen, Celebrity Scoop keeps you up to date with all things showbiz, beauty and lifestyle. Each item provides a weekly fix of breaking news and plenty of exciting items about Hollywood's hottest men and women. Find out how to live like a star, how to dress like one and who‚Äôs hot or who's not in movie, music, fashion and TV land. There is also an in-depth celebrity profile in which we dig up all the details about a certain star. Whether it's about their lifestyle, love life, favorite designers or their chosen profession, Celebrity Scoop covers it all.",https://i.ytimg.com/vi/etFUVtZApNY/default.jpg,120,90,https://i.ytimg.com/vi/etFUVtZApNY/mqdefault.jpg,320,180,https://i.ytimg.com/vi/etFUVtZApNY/hqdefault.jpg,480,360,Celebrity Scoop,,24,none,Amber Heard from Cannes Film Festival 2019,"Media Networks Broacasting Bringing the juiciest gossip straight to your screen, Celebrity Scoop keeps you up to date with all things showbiz, beauty and lifestyle. Each item provides a weekly fix of breaking news and plenty of exciting items about Hollywood's hottest men and women. Find out how to live like a star, how to dress like one and who‚Äôs hot or who's not in movie, music, fashion and TV land. There is also an in-depth celebrity profile in which we dig up all the details about a certain star. Whether it's about their lifestyle, love life, favorite designers or their chosen profession, Celebrity Scoop covers it all.",,PT13S,2d,sd,false,True,rectangular,processed,public,youtube,True,False,False,15,,0,0,https://i.ytimg.com/vi/etFUVtZApNY/sddefault.jpg,640.0,480.0,,,,,
youtube#video,ohcAnGZN_NZUxOr45pyQKGjCQvQ,fklkgWwuxNg,2021-09-01T03:25:45Z,UC_6Md-zdVplL57Xz_q5oNoA,#AQUAMAN / MERA /#AMBER HEARD /#DC /#SHORTS BY ENTROPY,,https://i.ytimg.com/vi/fklkgWwuxNg/default.jpg,120,90,https://i.ytimg.com/vi/fklkgWwuxNg/mqdefault.jpg,320,180,https://i.ytimg.com/vi/fklkgWwuxNg/hqdefault.jpg,480,360,Time2  X GAMING,,22,none,#AQUAMAN / MERA /#AMBER HEARD /#DC /#SHORTS BY ENTROPY,,,PT1M,2d,hd,false,False,rectangular,processed,public,youtube,True,True,False,1305,69,0,2,,,,,,,,
youtube#video,uMkaTauLUbcs2wTHRHWk2sonykA,FpfO0wX9wEQ,2015-09-15T17:03:14Z,UCUH6g1DPSpKiwnyxvKV-emw,Amber Heard and Johnny Depp couldn't keep their hands off each other as they attended the Toronto In,"They wed in February after three years together, and there's certainly no shortage of passion between Amber Heard and her husband Johnny Depp.
The couple couldn't keep their hands off each other as they attended the Toronto International Film Festival premiere of Black Mass on Monday.
Amber, 29, cosied up to Johnny, planting a tender kiss on her 52-year-old partner's lips as they walked the red carpet together to promote his new film.",https://i.ytimg.com/vi/FpfO0wX9wEQ/default.jpg,120,90,https://i.ytimg.com/vi/FpfO0wX9wEQ/mqdefault.jpg,320,180,https://i.ytimg.com/vi/FpfO0wX9wEQ/hqdefault.jpg,480,360,Holly Gossibz & Health Tips,"['Johnny Depp (Celebrity)', 'Johnny Cash', 'John Cusack (Celebrity)', 'Elvis Presley (Celebrity)', 'Amber Heard (Celebrity)', 'Emma Stone (Celebrity)', 'Andrew Garfield (Celebrity)', 'Brad Pitt (Celebrity)', 'Angelina Jolie (Celebrity)', 'Johnny Depp and Amber Heard marriage', 'Johnny Depp and Amber Heard divorse', 'Johnny Depp and Amber Heard breakup', 'Lily Rose hot', 'Lily Rose clevage', 'Lily Rose boobs', 'Lily Rose boyfriend', 'Lily Rose sex', 'Lily-Rose Melody Depp (Person)']",1,none,Amber Heard and Johnny Depp couldn't keep their hands off each other as they attended the Toronto In,"They wed in February after three years together, and there's certainly no shortage of passion between Amber Heard and her husband Johnny Depp.
The couple couldn't keep their hands off each other as they attended the Toronto International Film Festival premiere of Black Mass on Monday.
Amber, 29, cosied up to Johnny, planting a tender kiss on her 52-year-old partner's lips as they walked the red carpet together to promote his new film.",en,PT2M2S,2d,sd,false,False,rectangular,processed,public,youtube,True,True,False,46,0,0,0,https://i.ytimg.com/vi/FpfO0wX9wEQ/sddefault.jpg,640.0,480.0,https://i.ytimg.com/vi/FpfO0wX9wEQ/maxresdefault.jpg,1280.0,720.0,,
youtube#video,0dpEjrN4dLF6OUJBNo_qMosuo4g,G0Xpji27Ejo,2020-09-22T17:42:10Z,UCVBZ7bN9BPx3LkMkWSMQL1g,‚úÖ  Johnny Depp¬†: cette discr√®te apparition apr√®s son proc√®s contre Amber Heard,"üíñ Please Subscribe: https://www.youtube.com/channel/UCVBZ7bN9BPx3LkMkWSMQL1g?sub_confirmation=1
‚úç Johnny Depp est de retour. Deux mois apr√®s la fin de son m√©diatique et √©prouvant proc√®s contre Amber Heard, dont le verdict devrait √™tre annonc√© d'ici quelques semaines, le com√©dien a fait une discr√®te r√©apparition.  Ce samedi 19 septembre, il est arriv√© dans le sud ouest de l'Espagne pour assister au Festival international du film de Saint-S√©bastien.  Il y est pr√©sent pour pr√©senter en comp√©tition officielle un documentaire qu'il coproduit sur Shane MacGowen, le chanteur de The Pogues.  Install√© √† l'h√¥tel Maria Cristina, comme le note Sud-Ouest, le com√©dien s'est fait relativement discret depuis son arriv√©e.  Apr√®s avoir foul√© le tapis rouge de l'√©v√©nement √† deux reprises, il a √©t√© photographi√©, masqu√©, dans les rues de la ville espagnole.  Le com√©dien avait l'air d√©contract√© et a pris le temps de saluer ses fans venus par dizaines.  .C'est donc un retour sur le devant de la sc√®ne pour l'acteur, qui s'est fait discret depuis la fin de son proc√®s contre son ancienne √©pouse.  Interrog√©  ...
üíñ #AffaireHeardDepp, #Justice, #divorce, #proc√®s, #Hollywood",https://i.ytimg.com/vi/G0Xpji27Ejo/default.jpg,120,90,https://i.ytimg.com/vi/G0Xpji27Ejo/mqdefault.jpg,320,180,https://i.ytimg.com/vi/G0Xpji27Ejo/hqdefault.jpg,480,360,Celebrity News,"['Affaire Heard/Depp', 'Justice', 'divorce', 'proc√®s', 'Hollywood']",22,none,‚úÖ  Johnny Depp¬†: cette discr√®te apparition apr√®s son proc√®s contre Amber Heard,"üíñ Please Subscribe: https://www.youtube.com/channel/UCVBZ7bN9BPx3LkMkWSMQL1g?sub_confirmation=1
‚úç Johnny Depp est de retour. Deux mois apr√®s la fin de son m√©diatique et √©prouvant proc√®s contre Amber Heard, dont le verdict devrait √™tre annonc√© d'ici quelques semaines, le com√©dien a fait une discr√®te r√©apparition.  Ce samedi 19 septembre, il est arriv√© dans le sud ouest de l'Espagne pour assister au Festival international du film de Saint-S√©bastien.  Il y est pr√©sent pour pr√©senter en comp√©tition officielle un documentaire qu'il coproduit sur Shane MacGowen, le chanteur de The Pogues.  Install√© √† l'h√¥tel Maria Cristina, comme le note Sud-Ouest, le com√©dien s'est fait relativement discret depuis son arriv√©e.  Apr√®s avoir foul√© le tapis rouge de l'√©v√©nement √† deux reprises, il a √©t√© photographi√©, masqu√©, dans les rues de la ville espagnole.  Le com√©dien avait l'air d√©contract√© et a pris le temps de saluer ses fans venus par dizaines.  .C'est donc un retour sur le devant de la sc√®ne pour l'acteur, qui s'est fait discret depuis la fin de son proc√®s contre son ancienne √©pouse.  Interrog√©  ...
üíñ #AffaireHeardDepp, #Justice, #divorce, #proc√®s, #Hollywood",fr,PT4M29S,2d,hd,false,False,rectangular,processed,public,youtube,True,False,False,52,0,0,0,https://i.ytimg.com/vi/G0Xpji27Ejo/sddefault.jpg,640.0,480.0,https://i.ytimg.com/vi/G0Xpji27Ejo/maxresdefault.jpg,1280.0,720.0,,
youtube#video,coKgdLMuJzF1T17LuFg5QIPoqxc,Gb7jS-fzJuo,2010-09-14T11:24:14Z,UCCc9iuLaEcMj0tsOxg-yftw,JOHN CARPENTER'S THE WARD (2010) TIFF Q&A with Amber Heard Danielle Panabaker Lyndsay Fonseca,"Post-screening Q&A session with most of the principal cast of JOHN CARPENTER'S THE WARD, given its world premiere at the Toronto International Film Festival on Sept. 13, 2010, as part of the Midnight Madness program.",https://i.ytimg.com/vi/Gb7jS-fzJuo/default.jpg,120,90,https://i.ytimg.com/vi/Gb7jS-fzJuo/mqdefault.jpg,320,180,https://i.ytimg.com/vi/Gb7jS-fzJuo/hqdefault.jpg,480,360,Coolestmovies,"['John Carpenter', 'Amber Heard', 'Danielle Panabaker', 'Mamie Gummer', 'Lyndsy Fonseca', 'Jared Harris', 'Laura-Leigh', 'Mika Boorem', 'D.R. Anderson', 'Horror', 'Babes', 'Women In Prison', 'TIFF']",1,none,JOHN CARPENTER'S THE WARD (2010) TIFF Q&A with Amber Heard Danielle Panabaker Lyndsay Fonseca,"Post-screening Q&A session with most of the principal cast of JOHN CARPENTER'S THE WARD, given its world premiere at the Toronto International Film Festival on Sept. 13, 2010, as part of the Midnight Madness program.",,PT13M5S,2d,sd,false,False,rectangular,processed,public,youtube,True,True,False,6887,24,0,29,,,,,,,,
youtube#video,ZSOnc-YSHJXUWk4mRmGAcNQUAtY,H2xLKTOKy_w,2021-09-26T17:42:54Z,UCJo9TQszIyDlW-CN9w2twHQ,Trotz Amber-Drama: Johnny Depp ist happy bei Filmfestival,"#deutsche
#stars
#helene
‚úÖJetzt kostenlos ABONNIEREN: 
Website : https://wissen-de.com/
#helenefischer
 #Florian 
#silbereisen
 #Floriansilbereisen 
#Helene
 #Fischer
 #royals 
#royalfamily
 #k√∂nigsfamilie
=====================================
Der Inhalt basiert auf den Prinzipien Creative Commons: Attribution 4.0 International (CC BY 4.0): https://creativecommons.org/licenses/by/4.0/deed.de 
===================================== 
* Hinweis: SR 32 : besitzt nicht alle in den Videos verwendeten Materialien.
 Bei Fragen und Beschwerden zum Urheberrecht wenden Sie sich bitte an E-Mail: mmyn112012@gmail.com, um die schnellstm√∂gliche L√∂sung zu finden.
Vielen Dank!!!!
¬© Copyright by LVTmedia - Do not Reup!
===================================== 
‚ñ∫ Please contact us if you have any copyright issues ‚óÑ
    Email: lvt8196@gmail.com",https://i.ytimg.com/vi/H2xLKTOKy_w/default.jpg,120,90,https://i.ytimg.com/vi/H2xLKTOKy_w/mqdefault.jpg,320,180,https://i.ytimg.com/vi/H2xLKTOKy_w/hqdefault.jpg,480,360,Deutsche Stars,"['helene fischer achterbahn', 'helene fischer herzbeben', 'helene fischer mix', 'helene fischer live', 'helene fischer show', 'helene fischer flieger', 'helene fischer florian silbereisen', 'florian silbereisen und thomas anders', 'florian silbereisen schlagerchampions 2021', 'florian silbereisen helene fischer', 'florian silbereisen beatrice egli', 'florian silbereise', 'helene', 'fischer', 'schlag', 'helene fischer', 'schlager']",24,none,Trotz Amber-Drama: Johnny Depp ist happy bei Filmfestival,"#deutsche
#stars
#helene
‚úÖJetzt kostenlos ABONNIEREN: 
Website : https://wissen-de.com/
#helenefischer
 #Florian 
#silbereisen
 #Floriansilbereisen 
#Helene
 #Fischer
 #royals 
#royalfamily
 #k√∂nigsfamilie
=====================================
Der Inhalt basiert auf den Prinzipien Creative Commons: Attribution 4.0 International (CC BY 4.0): https://creativecommons.org/licenses/by/4.0/deed.de 
===================================== 
* Hinweis: SR 32 : besitzt nicht alle in den Videos verwendeten Materialien.
 Bei Fragen und Beschwerden zum Urheberrecht wenden Sie sich bitte an E-Mail: mmyn112012@gmail.com, um die schnellstm√∂gliche L√∂sung zu finden.
Vielen Dank!!!!
¬© Copyright by LVTmedia - Do not Reup!
===================================== 
‚ñ∫ Please contact us if you have any copyright issues ‚óÑ
    Email: lvt8196@gmail.com",de,PT3M15S,2d,hd,false,False,rectangular,processed,public,youtube,True,True,False,5,0,0,0,https://i.ytimg.com/vi/H2xLKTOKy_w/sddefault.jpg,640.0,480.0,https://i.ytimg.com/vi/H2xLKTOKy_w/maxresdefault.jpg,1280.0,720.0,,
youtube#video,SdZV2eTelkZv1pLkNm1ZOmqwqfM,hPyeNtK3qjE,2019-06-10T19:52:18Z,UCAVgFwnRKj2Ny8M2emfYm9w,Amber Heard from Cannes Film Festival 2019,"Media Networks Broacasting Bringing the juiciest gossip straight to your screen, Celebrity Scoop keeps you up to date with all things showbiz, beauty and lifestyle. Each item provides a weekly fix of breaking news and plenty of exciting items about Hollywood's hottest men and women. Find out how to live like a star, how to dress like one and who‚Äôs hot or who's not in movie, music, fashion and TV land. There is also an in-depth celebrity profile in which we dig up all the details about a certain star. Whether it's about their lifestyle, love life, favorite designers or their chosen profession, Celebrity Scoop covers it all.",https://i.ytimg.com/vi/hPyeNtK3qjE/default.jpg,120,90,https://i.ytimg.com/vi/hPyeNtK3qjE/mqdefault.jpg,320,180,https://i.ytimg.com/vi/hPyeNtK3qjE/hqdefault.jpg,480,360,Celebrity Scoop,,24,none,Amber Heard from Cannes Film Festival 2019,"Media Networks Broacasting Bringing the juiciest gossip straight to your screen, Celebrity Scoop keeps you up to date with all things showbiz, beauty and lifestyle. Each item provides a weekly fix of breaking news and plenty of exciting items about Hollywood's hottest men and women. Find out how to live like a star, how to dress like one and who‚Äôs hot or who's not in movie, music, fashion and TV land. There is also an in-depth celebrity profile in which we dig up all the details about a certain star. Whether it's about their lifestyle, love life, favorite designers or their chosen profession, Celebrity Scoop covers it all.",,PT16S,2d,sd,false,True,rectangular,processed,public,youtube,True,False,False,32,,0,0,https://i.ytimg.com/vi/hPyeNtK3qjE/sddefault.jpg,640.0,480.0,,,,,
youtube#video,v2m8ThuZVxz0z3t-miZYddhFoIw,Iszuo_d5z1s,2018-11-07T10:35:56Z,UCRJNKeG_dGauXnLZuHnTjEA,[FR] L'Or√©al Elvive Color Vive ft. Amber Heard (2018),"Thanks to Flor√©al for sharing!
-------------
Connect with Amber Heard Online:
‚Äî Visit the PHOTO GALLERY SOURCE: https://amber-heard.org/photos",https://i.ytimg.com/vi/Iszuo_d5z1s/default.jpg,120,90,https://i.ytimg.com/vi/Iszuo_d5z1s/mqdefault.jpg,320,180,https://i.ytimg.com/vi/Iszuo_d5z1s/hqdefault.jpg,480,360,amber heard online,"['amber heard', ""l'or√©al"", ""l'or√©al paris"", ""l'oreal"", 'pub 2018', ""l'oreal pub 2018""]",22,none,[FR] L'Or√©al Elvive Color Vive ft. Amber Heard (2018),"Thanks to Flor√©al for sharing!
-------------
Connect with Amber Heard Online:
‚Äî Visit the PHOTO GALLERY SOURCE: https://amber-heard.org/photos",en,PT21S,2d,hd,false,False,rectangular,processed,public,youtube,True,True,False,1497,19,0,11,https://i.ytimg.com/vi/Iszuo_d5z1s/sddefault.jpg,640.0,480.0,https://i.ytimg.com/vi/Iszuo_d5z1s/maxresdefault.jpg,1280.0,720.0,,
youtube#video,ZFOuAU6wgMKMdfYA17dmPc72jI0,JtQooHLEVxU,2019-06-10T19:37:26Z,UCAVgFwnRKj2Ny8M2emfYm9w,Amber Heard from Cannes Film Festival 2019,"Media Networks Broacasting Bringing the juiciest gossip straight to your screen, Celebrity Scoop keeps you up to date with all things showbiz, beauty and lifestyle. Each item provides a weekly fix of breaking news and plenty of exciting items about Hollywood's hottest men and women. Find out how to live like a star, how to dress like one and who‚Äôs hot or who's not in movie, music, fashion and TV land. There is also an in-depth celebrity profile in which we dig up all the details about a certain star. Whether it's about their lifestyle, love life, favorite designers or their chosen profession, Celebrity Scoop covers it all.",https://i.ytimg.com/vi/JtQooHLEVxU/default.jpg,120,90,https://i.ytimg.com/vi/JtQooHLEVxU/mqdefault.jpg,320,180,https://i.ytimg.com/vi/JtQooHLEVxU/hqdefault.jpg,480,360,Celebrity Scoop,,24,none,Amber Heard from Cannes Film Festival 2019,"Media Networks Broacasting Bringing the juiciest gossip straight to your screen, Celebrity Scoop keeps you up to date with all things showbiz, beauty and lifestyle. Each item provides a weekly fix of breaking news and plenty of exciting items about Hollywood's hottest men and women. Find out how to live like a star, how to dress like one and who‚Äôs hot or who's not in movie, music, fashion and TV land. There is also an in-depth celebrity profile in which we dig up all the details about a certain star. Whether it's about their lifestyle, love life, favorite designers or their chosen profession, Celebrity Scoop covers it all.",,PT7S,2d,sd,false,True,rectangular,processed,public,youtube,True,False,False,35,,0,0,https://i.ytimg.com/vi/JtQooHLEVxU/sddefault.jpg,640.0,480.0,,,,,
youtube#video,tOWAvIdVWAvazl-dqdhbewyTHgg,KIDTCiy-ufA,2018-05-13T17:31:43Z,UCd4_4MPV20qVj80Rm_cQHOw,Cannes Film Festival:¬†Amber Heard leads departures at Nice airport,"They've been displaying their¬†glamorous sense of style at a number of the star-studded French Riviera events so far.Yet unfortunately it was time to say goodbye to the¬†Cannes Film Festival as¬†Amber Heard led the departures at¬†Nice airport, France, on Sunday.The¬†American actress, 32, joined models Irina Shayk and Jasmine Tookes as they left the French city after a fun-filled few days.Amber cut a stylish figure for the airport visit as she showed off her slender frame in a pair of skinny jeans and a white t-shirt.She teamed the ensemble with an oversized grey blazer for an elegant finish to her look.Trying to keep a low profile, a make-up free Amber added an oversized black hat, heels and handbag as she made her way across the terminals.The Rum Diary actress appeared rushed off her feet as she frantically ran through the airport and ducked under barriers.Yet she still had time to sign some autographs for her loyal fans who flocked to her in the busy building.The model, 32, opted for comfortable footwear as she added a pair of box-fresh white, grey and pink trainers.Irina, who has a one-year-old daughter with Bradley Cooper, tried to keep a low profile as she added a pair of oversized black sunglasses.Adding a glamorous twist to her ensemble, she added a black leather handbag and pendant necklace to her look.Irina styled her brunette locks into a low ponytail as she made her way through the airport and added a slick of make-up.Victoria's Secret Angel, Jasmine, also cut a casual figure to depart the Cannes Film Festival on Sunday.The 27-year-old looked pretty in pink as she showed off her model physique in a pair of grey tracksuit bottoms and a pink jumper.Jasmine looked radiant as she went make-up free and styled her brunette locks into a high bun, which showed off her enviable cheekbones.The model wheeled a Louis Vuitton¬†carry-on case as well as a black¬†duffel bag on her shoulder, she completed her look with silver earrings and black slide on sandals.Jasmine appeared in good spirits as she smiled and beamed at photographers, no doubt after a few fun-filled days in Cannes.Also leaving the French city was talented actor and filmmaker, Spike Lee, 61.Spike cut a very trendy and casual look in a navy blue New York Yankees tracksuit, with a patchwork denim jacket over the top.The producer opted for red accessories as he added red and white Nike trainers, a red backpack and red headphones.He also wore a long gold chain with a pendant on it, clear glasses and a black baseball cap.Spike also joined¬†Czech model, Eva Herzigov√°, 45, as she arrived at the Nice airport.The make-up free actress kept a very low profile as she wore wide-leg black trousers with a white shirt and a dark cape over the top.Eva styled her blonde locks into a pulled back hairdo, as she added oversized dark sunglasses.This year's Cannes Film Festival runs from May 8 to 19 at the French Riviera resort.",https://i.ytimg.com/vi/KIDTCiy-ufA/default.jpg,120,90,https://i.ytimg.com/vi/KIDTCiy-ufA/mqdefault.jpg,320,180,https://i.ytimg.com/vi/KIDTCiy-ufA/hqdefault.jpg,480,360,Dongo NEWS,"['film', 'french', 'white', 'departures', 'model', 'pair', 'leads', 'oversized', 'red', 'black', 'airport', 'added', 'festivalamber', 'heard', 'cannes', 'nice', 'low']",22,none,Cannes Film Festival:¬†Amber Heard leads departures at Nice airport,"They've been displaying their¬†glamorous sense of style at a number of the star-studded French Riviera events so far.Yet unfortunately it was time to say goodbye to the¬†Cannes Film Festival as¬†Amber Heard led the departures at¬†Nice airport, France, on Sunday.The¬†American actress, 32, joined models Irina Shayk and Jasmine Tookes as they left the French city after a fun-filled few days.Amber cut a stylish figure for the airport visit as she showed off her slender frame in a pair of skinny jeans and a white t-shirt.She teamed the ensemble with an oversized grey blazer for an elegant finish to her look.Trying to keep a low profile, a make-up free Amber added an oversized black hat, heels and handbag as she made her way across the terminals.The Rum Diary actress appeared rushed off her feet as she frantically ran through the airport and ducked under barriers.Yet she still had time to sign some autographs for her loyal fans who flocked to her in the busy building.The model, 32, opted for comfortable footwear as she added a pair of box-fresh white, grey and pink trainers.Irina, who has a one-year-old daughter with Bradley Cooper, tried to keep a low profile as she added a pair of oversized black sunglasses.Adding a glamorous twist to her ensemble, she added a black leather handbag and pendant necklace to her look.Irina styled her brunette locks into a low ponytail as she made her way through the airport and added a slick of make-up.Victoria's Secret Angel, Jasmine, also cut a casual figure to depart the Cannes Film Festival on Sunday.The 27-year-old looked pretty in pink as she showed off her model physique in a pair of grey tracksuit bottoms and a pink jumper.Jasmine looked radiant as she went make-up free and styled her brunette locks into a high bun, which showed off her enviable cheekbones.The model wheeled a Louis Vuitton¬†carry-on case as well as a black¬†duffel bag on her shoulder, she completed her look with silver earrings and black slide on sandals.Jasmine appeared in good spirits as she smiled and beamed at photographers, no doubt after a few fun-filled days in Cannes.Also leaving the French city was talented actor and filmmaker, Spike Lee, 61.Spike cut a very trendy and casual look in a navy blue New York Yankees tracksuit, with a patchwork denim jacket over the top.The producer opted for red accessories as he added red and white Nike trainers, a red backpack and red headphones.He also wore a long gold chain with a pendant on it, clear glasses and a black baseball cap.Spike also joined¬†Czech model, Eva Herzigov√°, 45, as she arrived at the Nice airport.The make-up free actress kept a very low profile as she wore wide-leg black trousers with a white shirt and a dark cape over the top.Eva styled her blonde locks into a pulled back hairdo, as she added oversized dark sunglasses.This year's Cannes Film Festival runs from May 8 to 19 at the French Riviera resort.",en,PT5M37S,2d,hd,false,True,rectangular,processed,public,youtube,True,True,False,75,0,0,0,,,,,,,en,
youtube#video,kqzyAkfzGFLFw6bcde0H-UJ_TqI,L2HQ-Ty5pFA,2015-09-16T06:09:03Z,UCl27JBW8mJuic4CIM4Z-n9Q,Danish Girl TIFF 2015 premiere - Eddie Redmayne Alicia Vikander Amber Heard,,https://i.ytimg.com/vi/L2HQ-Ty5pFA/default.jpg,120,90,https://i.ytimg.com/vi/L2HQ-Ty5pFA/mqdefault.jpg,320,180,https://i.ytimg.com/vi/L2HQ-Ty5pFA/hqdefault.jpg,480,360,cybermelli,"['Eddie Redmayne (Film Actor)', 'Amber Heard (Celebrity)', 'Alicia Vikander (Film Actor)', 'The Danish Girl', '2015 Toronto International Film Festival']",24,none,Danish Girl TIFF 2015 premiere - Eddie Redmayne Alicia Vikander Amber Heard,,,PT6M58S,2d,hd,false,False,rectangular,processed,public,youtube,True,True,False,1899,12,0,2,https://i.ytimg.com/vi/L2HQ-Ty5pFA/sddefault.jpg,640.0,480.0,https://i.ytimg.com/vi/L2HQ-Ty5pFA/maxresdefault.jpg,1280.0,720.0,,
youtube#video,jCbb8ODhLpKJC9OOmfl81Pp04uY,l51KPFcWTdg,2019-06-10T19:18:47Z,UCAVgFwnRKj2Ny8M2emfYm9w,Amber Heard from Cannes Film Festival 2019,"Media Networks Broacasting Bringing the juiciest gossip straight to your screen, Celebrity Scoop keeps you up to date with all things showbiz, beauty and lifestyle. Each item provides a weekly fix of breaking news and plenty of exciting items about Hollywood's hottest men and women. Find out how to live like a star, how to dress like one and who‚Äôs hot or who's not in movie, music, fashion and TV land. There is also an in-depth celebrity profile in which we dig up all the details about a certain star. Whether it's about their lifestyle, love life, favorite designers or their chosen profession, Celebrity Scoop covers it all.",https://i.ytimg.com/vi/l51KPFcWTdg/default.jpg,120,90,https://i.ytimg.com/vi/l51KPFcWTdg/mqdefault.jpg,320,180,https://i.ytimg.com/vi/l51KPFcWTdg/hqdefault.jpg,480,360,Celebrity Scoop,,24,none,Amber Heard from Cannes Film Festival 2019,"Media Networks Broacasting Bringing the juiciest gossip straight to your screen, Celebrity Scoop keeps you up to date with all things showbiz, beauty and lifestyle. Each item provides a weekly fix of breaking news and plenty of exciting items about Hollywood's hottest men and women. Find out how to live like a star, how to dress like one and who‚Äôs hot or who's not in movie, music, fashion and TV land. There is also an in-depth celebrity profile in which we dig up all the details about a certain star. Whether it's about their lifestyle, love life, favorite designers or their chosen profession, Celebrity Scoop covers it all.",,PT26S,2d,sd,false,True,rectangular,processed,public,youtube,True,False,False,75,,0,0,https://i.ytimg.com/vi/l51KPFcWTdg/sddefault.jpg,640.0,480.0,,,,,
youtube#video,9pbPIqSVz4rSQYJ2qZNwRNCthyE,lCKSkSQj70w,2019-09-03T12:46:56Z,UCpqiQ8q14kT1sdlZ0gD0bGg,"Amber Heard walking the red carpet at the Giffoni Film Festival (July 25, 2019)","Credit for this video belongs to Pierpaolo Channel, original video: https://www.youtube.com/watch?v=R5_XHOiwP3I

Check out our photo gallery: www.amberhearditalia.com/galleria
_______________________________

FOLLOW US ON OUR SOCIAL!
- Facebook: www.facebook.com/AmberHeardIT
- Instagram: www.instagram.com/amberheardit
- Twitter: www.twitter.com/AmberHeardIT
- Tumblr: www.amberhearditalia.tumblr.com",https://i.ytimg.com/vi/lCKSkSQj70w/default.jpg,120,90,https://i.ytimg.com/vi/lCKSkSQj70w/mqdefault.jpg,320,180,https://i.ytimg.com/vi/lCKSkSQj70w/hqdefault.jpg,480,360,Amber Heard Italia,"['amber heard', 'giffoni', 'giffoni film festival', '2019']",1,none,"Amber Heard walking the red carpet at the Giffoni Film Festival (July 25, 2019)","Credit for this video belongs to Pierpaolo Channel, original video: https://www.youtube.com/watch?v=R5_XHOiwP3I

Check out our photo gallery: www.amberhearditalia.com/galleria
_______________________________

FOLLOW US ON OUR SOCIAL!
- Facebook: www.facebook.com/AmberHeardIT
- Instagram: www.instagram.com/amberheardit
- Twitter: www.twitter.com/AmberHeardIT
- Tumblr: www.amberhearditalia.tumblr.com",,PT47S,2d,hd,false,False,rectangular,processed,public,youtube,True,True,False,158,3,0,0,https://i.ytimg.com/vi/lCKSkSQj70w/sddefault.jpg,640.0,480.0,https://i.ytimg.com/vi/lCKSkSQj70w/maxresdefault.jpg,1280.0,720.0,,
youtube#video,MVUP4OqEU6tBP3AdwBr8_Ny6OPw,LFoR7vQQazE,2019-06-10T19:50:25Z,UCAVgFwnRKj2Ny8M2emfYm9w,Amber Heard from Cannes Film Festival 2019,"Media Networks Broacasting Bringing the juiciest gossip straight to your screen, Celebrity Scoop keeps you up to date with all things showbiz, beauty and lifestyle. Each item provides a weekly fix of breaking news and plenty of exciting items about Hollywood's hottest men and women. Find out how to live like a star, how to dress like one and who‚Äôs hot or who's not in movie, music, fashion and TV land. There is also an in-depth celebrity profile in which we dig up all the details about a certain star. Whether it's about their lifestyle, love life, favorite designers or their chosen profession, Celebrity Scoop covers it all.",https://i.ytimg.com/vi/LFoR7vQQazE/default.jpg,120,90,https://i.ytimg.com/vi/LFoR7vQQazE/mqdefault.jpg,320,180,https://i.ytimg.com/vi/LFoR7vQQazE/hqdefault.jpg,480,360,Celebrity Scoop,,24,none,Amber Heard from Cannes Film Festival 2019,"Media Networks Broacasting Bringing the juiciest gossip straight to your screen, Celebrity Scoop keeps you up to date with all things showbiz, beauty and lifestyle. Each item provides a weekly fix of breaking news and plenty of exciting items about Hollywood's hottest men and women. Find out how to live like a star, how to dress like one and who‚Äôs hot or who's not in movie, music, fashion and TV land. There is also an in-depth celebrity profile in which we dig up all the details about a certain star. Whether it's about their lifestyle, love life, favorite designers or their chosen profession, Celebrity Scoop covers it all.",,PT14S,2d,sd,false,True,rectangular,processed,public,youtube,True,False,False,32,,0,0,https://i.ytimg.com/vi/LFoR7vQQazE/sddefault.jpg,640.0,480.0,,,,,
youtube#video,A8pq4NoFB0iCpeqgjbgbg26dcE8,lfxjiCp0cv0,2015-06-19T22:22:56Z,UCAaHuILoz7rh5KseCC6fMnA,Amber Heard: Arrival at Tribeca Film Festival movie premiere,"Ebay:  Http://stores.shop.ebay.com/e1soeautographs

Facebook: https://www.facebook.com/E1soeautographs

Youtube: http://www.youtube.com/e1soeautographs",https://i.ytimg.com/vi/lfxjiCp0cv0/default.jpg,120,90,https://i.ytimg.com/vi/lfxjiCp0cv0/mqdefault.jpg,320,180,https://i.ytimg.com/vi/lfxjiCp0cv0/hqdefault.jpg,480,360,E1autographs,"['Film Festival (Film Screening Venue)', 'Tribeca Film Festival (Film Festival)', 'Amber Heard (Celebrity)', 'Johnny Depp (Celebrity)', 'Lesbian (Website Category)', 'Christopher Walken (Celebrity)', 'Drive Angry (Film)', 'Zombieland (Film)', 'zombieland 2', 'magic mike xxl', '3 days to kill', 'e1soe', 'e1soeautographs']",1,none,Amber Heard: Arrival at Tribeca Film Festival movie premiere,"Ebay:  Http://stores.shop.ebay.com/e1soeautographs

Facebook: https://www.facebook.com/E1soeautographs

Youtube: http://www.youtube.com/e1soeautographs",,PT36S,2d,hd,false,False,rectangular,processed,public,youtube,True,True,False,541,5,0,0,https://i.ytimg.com/vi/lfxjiCp0cv0/sddefault.jpg,640.0,480.0,https://i.ytimg.com/vi/lfxjiCp0cv0/maxresdefault.jpg,1280.0,720.0,,
youtube#video,_BEL35RvkkNUrl2LUpXpcL8pZjs,M4O_dazMQaA,2019-06-10T19:20:11Z,UCAVgFwnRKj2Ny8M2emfYm9w,Amber Heard from Cannes Film Festival 2019,"Media Networks Broacasting Bringing the juiciest gossip straight to your screen, Celebrity Scoop keeps you up to date with all things showbiz, beauty and lifestyle. Each item provides a weekly fix of breaking news and plenty of exciting items about Hollywood's hottest men and women. Find out how to live like a star, how to dress like one and who‚Äôs hot or who's not in movie, music, fashion and TV land. There is also an in-depth celebrity profile in which we dig up all the details about a certain star. Whether it's about their lifestyle, love life, favorite designers or their chosen profession, Celebrity Scoop covers it all.",https://i.ytimg.com/vi/M4O_dazMQaA/default.jpg,120,90,https://i.ytimg.com/vi/M4O_dazMQaA/mqdefault.jpg,320,180,https://i.ytimg.com/vi/M4O_dazMQaA/hqdefault.jpg,480,360,Celebrity Scoop,,24,none,Amber Heard from Cannes Film Festival 2019,"Media Networks Broacasting Bringing the juiciest gossip straight to your screen, Celebrity Scoop keeps you up to date with all things showbiz, beauty and lifestyle. Each item provides a weekly fix of breaking news and plenty of exciting items about Hollywood's hottest men and women. Find out how to live like a star, how to dress like one and who‚Äôs hot or who's not in movie, music, fashion and TV land. There is also an in-depth celebrity profile in which we dig up all the details about a certain star. Whether it's about their lifestyle, love life, favorite designers or their chosen profession, Celebrity Scoop covers it all.",,PT4S,2d,sd,false,True,rectangular,processed,public,youtube,True,False,False,9,,0,0,https://i.ytimg.com/vi/M4O_dazMQaA/sddefault.jpg,640.0,480.0,,,,,
youtube#video,2I5aQPR-l4PmvmhAMviTlrSjbJc,M5A6_srow9Q,2020-10-23T18:26:59Z,UCVTUoVRlOWnKEkm6qiHcBRg,Amber Heard 72nd Venice film festival at palazzo del cinema.,#amberheard¬†#Queen¬†#lorealparis¬†#redcarpet¬†#festivalvenice¬†#verybeautiful¬†#celebrity¬†#aquaman¬†#jasticleague¬†#mera¬†#justicforAmberHeard,https://i.ytimg.com/vi/M5A6_srow9Q/default.jpg,120,90,https://i.ytimg.com/vi/M5A6_srow9Q/mqdefault.jpg,320,180,https://i.ytimg.com/vi/M5A6_srow9Q/hqdefault.jpg,480,360,ORIGINALSTM,,24,none,Amber Heard 72nd Venice film festival at palazzo del cinema.,#amberheard¬†#Queen¬†#lorealparis¬†#redcarpet¬†#festivalvenice¬†#verybeautiful¬†#celebrity¬†#aquaman¬†#jasticleague¬†#mera¬†#justicforAmberHeard,,PT2M2S,2d,hd,false,False,rectangular,processed,public,youtube,True,True,False,50,4,0,0,https://i.ytimg.com/vi/M5A6_srow9Q/sddefault.jpg,640.0,480.0,https://i.ytimg.com/vi/M5A6_srow9Q/maxresdefault.jpg,1280.0,720.0,,
youtube#video,iMwQcOwIqRSaVa8B1LXXM6EXjY4,MZ0zBEeZNU0,2019-10-26T06:36:24Z,UCboNeu3tUU_kqvqDPPI1erA,Amber heard transformation into zombie | zombieland movie clip Hindi dubbed,"Amber heard transformation into zombie | zombieland movie clip Hindi dubbed

#jesseeisenberg #Amberheard #zombieland


Disclaimer -

video is for entertainment purpose only.Copyright Disclaimer Under Section 107 of the Copyright Act 1976, allowance is made for ""fair use"" for purposes such as criticism, comment, news reporting, teaching, scholarship, and research. Fair use is a use permitted by copyright statute that might otherwise be infringing. Non-profit, educational or personal use tips the balance in favor of fair use.",https://i.ytimg.com/vi/MZ0zBEeZNU0/default.jpg,120,90,https://i.ytimg.com/vi/MZ0zBEeZNU0/mqdefault.jpg,320,180,https://i.ytimg.com/vi/MZ0zBEeZNU0/hqdefault.jpg,480,360,The R K Y,['zombieland Jesse eisenberg Amber heard zombie Emma stone'],1,none,Amber heard transformation into zombie | zombieland movie clip Hindi dubbed,"Amber heard transformation into zombie | zombieland movie clip Hindi dubbed

#jesseeisenberg #Amberheard #zombieland


Disclaimer -

video is for entertainment purpose only.Copyright Disclaimer Under Section 107 of the Copyright Act 1976, allowance is made for ""fair use"" for purposes such as criticism, comment, news reporting, teaching, scholarship, and research. Fair use is a use permitted by copyright statute that might otherwise be infringing. Non-profit, educational or personal use tips the balance in favor of fair use.",,PT4M38S,2d,hd,false,False,rectangular,processed,public,youtube,True,True,False,1302,15,0,2,https://i.ytimg.com/vi/MZ0zBEeZNU0/sddefault.jpg,640.0,480.0,https://i.ytimg.com/vi/MZ0zBEeZNU0/maxresdefault.jpg,1280.0,720.0,,
youtube#video,wxJtKUb84xpVDp83zmE4OhkQjtg,nLh8966p7GA,2015-09-04T18:42:41Z,UCEeDqq_yeadzKIocIxg8a8A,Johnny Depp Black Mass Red Carpet (2015 Venice International Film Festival),"Johnny Depp, Amber Heard, Scott Cooper, Dakota Johnstone, Diane Kruger, Joel Edgerton,  Elizabeth Banks, and Terry Gilliam walk the red carpet at the world premiere of Black Mass at the 2015 Venice International Film Festival.",https://i.ytimg.com/vi/nLh8966p7GA/default.jpg,120,90,https://i.ytimg.com/vi/nLh8966p7GA/mqdefault.jpg,320,180,https://i.ytimg.com/vi/nLh8966p7GA/hqdefault.jpg,480,360,ETV Film Inc.,"['Johnny Depp (Celebrity)', '2015 Venice International Film Festival', 'Black Mass', 'Amber Heard', 'Scott Cooper', 'Dakota Johnstone', 'Diane Kruger', 'Joel Edgerton', 'Terry Gilliam', 'Venice International Film Festival (Film Festival)']",24,none,Johnny Depp Black Mass Red Carpet (2015 Venice International Film Festival),"Johnny Depp, Amber Heard, Scott Cooper, Dakota Johnstone, Diane Kruger, Joel Edgerton,  Elizabeth Banks, and Terry Gilliam walk the red carpet at the world premiere of Black Mass at the 2015 Venice International Film Festival.",,PT1M25S,2d,hd,false,False,rectangular,processed,public,youtube,True,True,False,25829,292,0,27,https://i.ytimg.com/vi/nLh8966p7GA/sddefault.jpg,640.0,480.0,https://i.ytimg.com/vi/nLh8966p7GA/maxresdefault.jpg,1280.0,720.0,,
youtube#video,PiDcIYe423MXsaNanEkxcp6BHYo,nm9QCeDgU7E,2019-05-17T18:31:52Z,UCrwkT0q68hsSghTSvOYKJuA,Amber Heard at Cannes 2019,"Amber Heard at Cannes 2019



.

.

.

Amber Heard at Cannes 2019




Deepika Padukone  Cannes 2019 #Araya Hargate  #Cannes2019
#Cannes | #DeepikaPadukone | #PriyankaChopra | 72nd Festival de Cannes | Cannes France | Bollywood | Nick Jonas | Nickyanka

Priyanka Chopra & Deepika Padukone at Cannes 2019",https://i.ytimg.com/vi/nm9QCeDgU7E/default.jpg,120,90,https://i.ytimg.com/vi/nm9QCeDgU7E/mqdefault.jpg,320,180,https://i.ytimg.com/vi/nm9QCeDgU7E/hqdefault.jpg,480,360,Tere Liye 7,['Amber Heard at Cannes 2019'],22,none,Amber Heard at Cannes 2019,"Amber Heard at Cannes 2019



.

.

.

Amber Heard at Cannes 2019




Deepika Padukone  Cannes 2019 #Araya Hargate  #Cannes2019
#Cannes | #DeepikaPadukone | #PriyankaChopra | 72nd Festival de Cannes | Cannes France | Bollywood | Nick Jonas | Nickyanka

Priyanka Chopra & Deepika Padukone at Cannes 2019",,PT3M17S,2d,hd,false,False,rectangular,processed,public,youtube,True,True,False,1339,8,0,3,https://i.ytimg.com/vi/nm9QCeDgU7E/sddefault.jpg,640.0,480.0,https://i.ytimg.com/vi/nm9QCeDgU7E/maxresdefault.jpg,1280.0,720.0,,
youtube#video,OgflearlxFnn8G1SuEtSvuQec-o,nOMlYxoGl5s,2019-06-10T19:22:59Z,UCAVgFwnRKj2Ny8M2emfYm9w,Amber Heard from Cannes Film Festival 2019,"Media Networks Broacasting Bringing the juiciest gossip straight to your screen, Celebrity Scoop keeps you up to date with all things showbiz, beauty and lifestyle. Each item provides a weekly fix of breaking news and plenty of exciting items about Hollywood's hottest men and women. Find out how to live like a star, how to dress like one and who‚Äôs hot or who's not in movie, music, fashion and TV land. There is also an in-depth celebrity profile in which we dig up all the details about a certain star. Whether it's about their lifestyle, love life, favorite designers or their chosen profession, Celebrity Scoop covers it all.",https://i.ytimg.com/vi/nOMlYxoGl5s/default.jpg,120,90,https://i.ytimg.com/vi/nOMlYxoGl5s/mqdefault.jpg,320,180,https://i.ytimg.com/vi/nOMlYxoGl5s/hqdefault.jpg,480,360,Celebrity Scoop,,24,none,Amber Heard from Cannes Film Festival 2019,"Media Networks Broacasting Bringing the juiciest gossip straight to your screen, Celebrity Scoop keeps you up to date with all things showbiz, beauty and lifestyle. Each item provides a weekly fix of breaking news and plenty of exciting items about Hollywood's hottest men and women. Find out how to live like a star, how to dress like one and who‚Äôs hot or who's not in movie, music, fashion and TV land. There is also an in-depth celebrity profile in which we dig up all the details about a certain star. Whether it's about their lifestyle, love life, favorite designers or their chosen profession, Celebrity Scoop covers it all.",,PT4S,2d,sd,false,True,rectangular,processed,public,youtube,True,False,False,20,,0,0,https://i.ytimg.com/vi/nOMlYxoGl5s/sddefault.jpg,640.0,480.0,,,,,
youtube#video,2f7j5TaIXVpWSTG0OgrEsc7fwjE,O2x12WpWkKc,2019-05-15T18:31:46Z,UC48CqsQVp-G-V3dFQ6LJ0LA,Amber Heard ‚Äì ‚ÄúLes Miserables‚Äù Screening at 72nd Annual Cannes Film Festival,,https://i.ytimg.com/vi/O2x12WpWkKc/default.jpg,120,90,https://i.ytimg.com/vi/O2x12WpWkKc/mqdefault.jpg,320,180,https://i.ytimg.com/vi/O2x12WpWkKc/hqdefault.jpg,480,360,celebrities,,1,none,Amber Heard ‚Äì ‚ÄúLes Miserables‚Äù Screening at 72nd Annual Cannes Film Festival,,zh-HK,PT1M11S,2d,sd,false,False,rectangular,processed,public,youtube,True,True,False,4,0,0,0,,,,,,,,
youtube#video,ggo3Tvu7Hdf-uUVHfUyN6_nJ0GQ,OwxTP-UYTqk,2019-07-30T23:32:01Z,UCAVgFwnRKj2Ny8M2emfYm9w,"Amber Heard at the 48th Giffoni Film Festival, July 25 2019    #Repost @amberheard Stories üíï   #Amb","Media Networks Broacasting Bringing the juiciest gossip straight to your screen, Celebrity Scoop keeps you up to date with all things showbiz, beauty and lifestyle. Each item provides a weekly fix of breaking news and plenty of exciting items about Hollywood's hottest men and women. Find out how to live like a star, how to dress like one and who‚Äôs hot or who's not in movie, music, fashion and TV land. There is also an in-depth celebrity profile in which we dig up all the details about a certain star. Whether it's about their lifestyle, love life, favorite designers or their chosen profession, Celebrity Scoop covers it all.",https://i.ytimg.com/vi/OwxTP-UYTqk/default.jpg,120,90,https://i.ytimg.com/vi/OwxTP-UYTqk/mqdefault.jpg,320,180,https://i.ytimg.com/vi/OwxTP-UYTqk/hqdefault.jpg,480,360,Celebrity Scoop,,24,none,"Amber Heard at the 48th Giffoni Film Festival, July 25 2019    #Repost @amberheard Stories üíï   #Amb","Media Networks Broacasting Bringing the juiciest gossip straight to your screen, Celebrity Scoop keeps you up to date with all things showbiz, beauty and lifestyle. Each item provides a weekly fix of breaking news and plenty of exciting items about Hollywood's hottest men and women. Find out how to live like a star, how to dress like one and who‚Äôs hot or who's not in movie, music, fashion and TV land. There is also an in-depth celebrity profile in which we dig up all the details about a certain star. Whether it's about their lifestyle, love life, favorite designers or their chosen profession, Celebrity Scoop covers it all.",,PT10S,2d,sd,false,True,rectangular,processed,public,youtube,True,False,False,40,,0,0,https://i.ytimg.com/vi/OwxTP-UYTqk/sddefault.jpg,640.0,480.0,,,,,
youtube#video,NlJZzsCASFIv8g5yv9Rmth_Pu8w,pzn4eFeyGVk,2014-05-21T13:02:20Z,UCE-GLhKd7iMzDeR1_Wyt6Nw,Amber Heard at photocall at the De Grisogono party in Cannes,"Amber Heard at photocall at the De Grisogono party in Cannes during the 2014 Cannes Film Festival

Cannes, France, 20th May 2014
 
More amazing celebrity videos : http://www.youtube.com/user/StormShadowCrew





About StormShadow -- Famous Celebrity Breaking News 24/7 

StormShadow is a direct source for all latest celebrity videos of your favorite singers/actors/models/stars. 

StormShadow is one of the top celebrity news agency, providing amazing content for TV shows around the world. Since 2006.

StormShadow has been bringing all the latest celebrity news, interviews, scoops and candid videos to viewers all around the world. 

If you are interested in our content, please contact us by mail: stormshadowvideo@yahoo.fr 

Or you can call us : 

+33177118367
+33670211087",https://i.ytimg.com/vi/pzn4eFeyGVk/default.jpg,120,90,https://i.ytimg.com/vi/pzn4eFeyGVk/mqdefault.jpg,320,180,https://i.ytimg.com/vi/pzn4eFeyGVk/hqdefault.jpg,480,360,StormShadowCrew,"['Famous', 'celebrity', 'paparazzi', 'new', 'top', 'brand new', 'latest', 'interview', 'scoop', 'direct', 'funny', 'crazy', 'amazing', 'awesome', 'tv', 'movie', 'tv show', '24/7', 'HD', '2013', 'StormShadow', 'Cannes Film Festival (Film Festival)', 'Amber Heard (TV Actor)']",24,none,Amber Heard at photocall at the De Grisogono party in Cannes,"Amber Heard at photocall at the De Grisogono party in Cannes during the 2014 Cannes Film Festival

Cannes, France, 20th May 2014
 
More amazing celebrity videos : http://www.youtube.com/user/StormShadowCrew





About StormShadow -- Famous Celebrity Breaking News 24/7 

StormShadow is a direct source for all latest celebrity videos of your favorite singers/actors/models/stars. 

StormShadow is one of the top celebrity news agency, providing amazing content for TV shows around the world. Since 2006.

StormShadow has been bringing all the latest celebrity news, interviews, scoops and candid videos to viewers all around the world. 

If you are interested in our content, please contact us by mail: stormshadowvideo@yahoo.fr 

Or you can call us : 

+33177118367
+33670211087",,PT1M16S,2d,hd,false,True,rectangular,processed,public,youtube,True,True,False,3635,14,0,0,https://i.ytimg.com/vi/pzn4eFeyGVk/sddefault.jpg,640.0,480.0,https://i.ytimg.com/vi/pzn4eFeyGVk/maxresdefault.jpg,1280.0,720.0,,
youtube#video,Ao4G8Mso9hRuwuWclkpzDHJinSY,RTJTT4s-GiQ,2015-10-12T20:12:00Z,UCZ8abf5fgDQvtQ9zcIZSjOQ,"IN BLACK STYLE, Johnny Depp at the BFI Film Festival premiere of Black Mass","Johnny Depp at the BFI Film Festival premiere of Black Mass


Amber Heard stuns in black silk dress as she outshines scruffy husband Johnny Depp at the BFI Film Festival premiere of Black Mass

They tied the knot in February after almost three years together.
And Amber Heard and Johnny Depp put on a rock solid display of affection at the BFI London Film Festival premiere of the A-list actor's mobster movie Black Mass on Sunday evening.
The 29-year-old beauty went hand-in-hand with leading man Johnny as they walked the red carpet in coordinating black ensembles, looking more united and in sync than ever.

Source: Dailymail.co.uk",https://i.ytimg.com/vi/RTJTT4s-GiQ/default.jpg,120,90,https://i.ytimg.com/vi/RTJTT4s-GiQ/mqdefault.jpg,320,180,https://i.ytimg.com/vi/RTJTT4s-GiQ/hqdefault.jpg,480,360,Top Soccer Moment,"['Black Mass', 'Johnny Depp (Celebrity)', 'British Film Institute (Publisher)', 'Premiere (Film Subject)', 'BFI London Film Festival (Film Festival)', 'Film Festival (Film Screening Venue)', 'Film (Film)', 'Pirates', 'Jack', 'Black (Ethnicity)']",22,none,"IN BLACK STYLE, Johnny Depp at the BFI Film Festival premiere of Black Mass","Johnny Depp at the BFI Film Festival premiere of Black Mass


Amber Heard stuns in black silk dress as she outshines scruffy husband Johnny Depp at the BFI Film Festival premiere of Black Mass

They tied the knot in February after almost three years together.
And Amber Heard and Johnny Depp put on a rock solid display of affection at the BFI London Film Festival premiere of the A-list actor's mobster movie Black Mass on Sunday evening.
The 29-year-old beauty went hand-in-hand with leading man Johnny as they walked the red carpet in coordinating black ensembles, looking more united and in sync than ever.

Source: Dailymail.co.uk",,PT2M53S,2d,hd,false,False,rectangular,processed,public,youtube,True,True,False,132,0,0,0,https://i.ytimg.com/vi/RTJTT4s-GiQ/sddefault.jpg,640.0,480.0,https://i.ytimg.com/vi/RTJTT4s-GiQ/maxresdefault.jpg,1280.0,720.0,,
youtube#video,SbUBd5PjMBVAP4wdDdpA29nBKuM,s6H2o8ZAbk4,2018-05-10T22:33:49Z,UCiKGMZZmZXK-RpbKJGXgH3Q,Irina Shayk & Amber Heard Stun In Barely-There Ensembles At The 2018 Cannes Film Festival,"Irina Shayk and Amber Heard took bold fashion risks for the ""Sorry Angel"" premiere on Day 3 of the 2018 Cannes Film Festival. The supermodel left little to the imagination in a racy Versace number, while the ""Justice League"" actress took the plunge in a low-cut Valentino gown. See their sexy red carpet looks!

¬ª SUBSCRIBE: http://bit.ly/AHSub
¬ª Visit Our Website: http://www.AccessHollywood.com/
 
Get More Access:
Facebook: https://www.facebook.com/AccessOnline
Twitter: https://twitter.com/accessonline
Instagram: http://instagram.com/accessonline
Snapchat: OfficialAccess
 
About Access:
""Access"" is a nationally syndicated daily entertainment news show. ""Access"" delivers the most comprehensive coverage of entertainment news and personalities on television, featuring in-depth celebrity interviews and behind-the-scenes accounts of the most important events in Hollywood.
 
Irina Shayk & Amber Heard Stun In Barely-There Ensembles At The 2018 Cannes Film Festival | Access
 
Access 
https://www.youtube.com/AccessOnline",https://i.ytimg.com/vi/s6H2o8ZAbk4/default.jpg,120,90,https://i.ytimg.com/vi/s6H2o8ZAbk4/mqdefault.jpg,320,180,https://i.ytimg.com/vi/s6H2o8ZAbk4/hqdefault.jpg,480,360,Access,"['Access', 'Cannes Film Festival', '2018 Cannes Film Festival', 'Fashion', 'Cannes', 'Red Carpet', 'Irina Shayk', 'Amber Heard', ""Lupita Nyong'o"", 'Sorry Angel', 'Versace', 'Valentino', 'Christian Dior']",24,none,Irina Shayk & Amber Heard Stun In Barely-There Ensembles At The 2018 Cannes Film Festival,"Irina Shayk and Amber Heard took bold fashion risks for the ""Sorry Angel"" premiere on Day 3 of the 2018 Cannes Film Festival. The supermodel left little to the imagination in a racy Versace number, while the ""Justice League"" actress took the plunge in a low-cut Valentino gown. See their sexy red carpet looks!

¬ª SUBSCRIBE: http://bit.ly/AHSub
¬ª Visit Our Website: http://www.AccessHollywood.com/
 
Get More Access:
Facebook: https://www.facebook.com/AccessOnline
Twitter: https://twitter.com/accessonline
Instagram: http://instagram.com/accessonline
Snapchat: OfficialAccess
 
About Access:
""Access"" is a nationally syndicated daily entertainment news show. ""Access"" delivers the most comprehensive coverage of entertainment news and personalities on television, featuring in-depth celebrity interviews and behind-the-scenes accounts of the most important events in Hollywood.
 
Irina Shayk & Amber Heard Stun In Barely-There Ensembles At The 2018 Cannes Film Festival | Access
 
Access 
https://www.youtube.com/AccessOnline",en,PT1M37S,2d,hd,false,True,rectangular,processed,public,youtube,True,False,False,1182,5,0,2,https://i.ytimg.com/vi/s6H2o8ZAbk4/sddefault.jpg,640.0,480.0,https://i.ytimg.com/vi/s6H2o8ZAbk4/maxresdefault.jpg,1280.0,720.0,,
youtube#video,bX1KOKyTJwakFWyZB7hQODuszro,sdv2Gie6Iv0,2015-09-06T18:15:48Z,UCxvM7RUEFQAVe0tbPyzfsfw,Venice Film Festival | The Danish Girl Sizzle Reel,"The cast and crew of 'The Danish Girl', including director Tom Hooper and stars Eddie Redmayne, Amber Heard, Matthias Schoenaerts and Alicia Vikander, visited Venice for Venice Film Festival this week. 
Video courtesy of UPI Media/Universal.",https://i.ytimg.com/vi/sdv2Gie6Iv0/default.jpg,120,90,https://i.ytimg.com/vi/sdv2Gie6Iv0/mqdefault.jpg,320,180,https://i.ytimg.com/vi/sdv2Gie6Iv0/hqdefault.jpg,480,360,The Film Magazine,"['Eddie Redmayne (Film Actor)', 'the danish girl', 'Amber Heard (Celebrity)', 'Matthias Schoenaerts (Film Actor)', 'Alicia Vikander (Film Actor)', 'Ben Whishaw (Film Actor)', 'Venice International Film Festival (Film Festival)', 'footage']",24,none,Venice Film Festival | The Danish Girl Sizzle Reel,"The cast and crew of 'The Danish Girl', including director Tom Hooper and stars Eddie Redmayne, Amber Heard, Matthias Schoenaerts and Alicia Vikander, visited Venice for Venice Film Festival this week. 
Video courtesy of UPI Media/Universal.",en,PT1M39S,2d,hd,false,False,rectangular,processed,public,youtube,True,True,False,234,5,0,3,https://i.ytimg.com/vi/sdv2Gie6Iv0/sddefault.jpg,640.0,480.0,https://i.ytimg.com/vi/sdv2Gie6Iv0/maxresdefault.jpg,1280.0,720.0,,
youtube#video,9-48PGz12sJaYCR8i-Iz-a6E6cU,TJzE5gEfsZQ,2019-06-10T20:00:32Z,UCAVgFwnRKj2Ny8M2emfYm9w,Amber Heard from Cannes Film Festival 2019,"Media Networks Broacasting Bringing the juiciest gossip straight to your screen, Celebrity Scoop keeps you up to date with all things showbiz, beauty and lifestyle. Each item provides a weekly fix of breaking news and plenty of exciting items about Hollywood's hottest men and women. Find out how to live like a star, how to dress like one and who‚Äôs hot or who's not in movie, music, fashion and TV land. There is also an in-depth celebrity profile in which we dig up all the details about a certain star. Whether it's about their lifestyle, love life, favorite designers or their chosen profession, Celebrity Scoop covers it all.",https://i.ytimg.com/vi/TJzE5gEfsZQ/default.jpg,120,90,https://i.ytimg.com/vi/TJzE5gEfsZQ/mqdefault.jpg,320,180,https://i.ytimg.com/vi/TJzE5gEfsZQ/hqdefault.jpg,480,360,Celebrity Scoop,,24,none,Amber Heard from Cannes Film Festival 2019,"Media Networks Broacasting Bringing the juiciest gossip straight to your screen, Celebrity Scoop keeps you up to date with all things showbiz, beauty and lifestyle. Each item provides a weekly fix of breaking news and plenty of exciting items about Hollywood's hottest men and women. Find out how to live like a star, how to dress like one and who‚Äôs hot or who's not in movie, music, fashion and TV land. There is also an in-depth celebrity profile in which we dig up all the details about a certain star. Whether it's about their lifestyle, love life, favorite designers or their chosen profession, Celebrity Scoop covers it all.",,PT16S,2d,sd,false,True,rectangular,processed,public,youtube,True,False,False,32,,0,0,https://i.ytimg.com/vi/TJzE5gEfsZQ/sddefault.jpg,640.0,480.0,,,,,
youtube#video,yj63orRacUQhOvjbp2Cwto3MWuw,TuDO73U3DVE,2015-09-06T06:53:41Z,UCtS28Ky6hx_xf6vJJf3xc-Q,Round Two! Amber Heard and Johnny Depp Pack on the PDA While Walking the Red Carpet for The DanVideo,"Johnny Depp and wife Amber Heard got super affectionate while walking the red carpet together for the premiere of her film The Danish Girl at the 2015 Venice Film Festival on Saturday. 

The pair packed on the PDA as they posed for photographers, and even shared a romantic smooch. 

Heard, 29, and Depp, 52, were the picture of Hollywood glamor in complimentary looks. The actor wore a black tuxedo, while Heard donned a black floral printed, strapless gown. 

Round Two! Amber Heard and Johnny Depp Pack on the PDA While Walking the Red Carpet for The Danish Girl| Couples, Venice Film Festival, Alicia Vikander, Amber Heard, Eddie Redmayne, Johnny Depp
Johnny Depp and Amber Heard at the Venice Film Festival
ELISABETTA A. VILLA / WIREIMAGE
The Danish Girl, which is already picking up rave reviews, tells the story of Lili Elbe, who was born Einar Wegener. Elbe, played by Oscar-winner Eddie Redmayne in the film, became one of the first people to undergo gender reassignment surgery. Heard portrays Oola Paulson, a ballet dancer close to Elbe's wife, played by Alicia Vikander.",https://i.ytimg.com/vi/TuDO73U3DVE/default.jpg,120,90,https://i.ytimg.com/vi/TuDO73U3DVE/mqdefault.jpg,320,180,https://i.ytimg.com/vi/TuDO73U3DVE/hqdefault.jpg,480,360,a to z news,,22,none,Round Two! Amber Heard and Johnny Depp Pack on the PDA While Walking the Red Carpet for The DanVideo,"Johnny Depp and wife Amber Heard got super affectionate while walking the red carpet together for the premiere of her film The Danish Girl at the 2015 Venice Film Festival on Saturday. 

The pair packed on the PDA as they posed for photographers, and even shared a romantic smooch. 

Heard, 29, and Depp, 52, were the picture of Hollywood glamor in complimentary looks. The actor wore a black tuxedo, while Heard donned a black floral printed, strapless gown. 

Round Two! Amber Heard and Johnny Depp Pack on the PDA While Walking the Red Carpet for The Danish Girl| Couples, Venice Film Festival, Alicia Vikander, Amber Heard, Eddie Redmayne, Johnny Depp
Johnny Depp and Amber Heard at the Venice Film Festival
ELISABETTA A. VILLA / WIREIMAGE
The Danish Girl, which is already picking up rave reviews, tells the story of Lili Elbe, who was born Einar Wegener. Elbe, played by Oscar-winner Eddie Redmayne in the film, became one of the first people to undergo gender reassignment surgery. Heard portrays Oola Paulson, a ballet dancer close to Elbe's wife, played by Alicia Vikander.",,PT2M7S,2d,hd,false,False,rectangular,processed,public,youtube,True,True,False,271,0,0,0,https://i.ytimg.com/vi/TuDO73U3DVE/sddefault.jpg,640.0,480.0,https://i.ytimg.com/vi/TuDO73U3DVE/maxresdefault.jpg,1280.0,720.0,,
youtube#video,VVeN8QEHo81khGn_yxBXdlt_D80,TW3vLAjI0jI,2019-07-30T23:32:00Z,UCAVgFwnRKj2Ny8M2emfYm9w,"Amber Heard at the 48th Giffoni Film Festival, July 25 2019    #Repost @giffoni experience Stories","Media Networks Broacasting Bringing the juiciest gossip straight to your screen, Celebrity Scoop keeps you up to date with all things showbiz, beauty and lifestyle. Each item provides a weekly fix of breaking news and plenty of exciting items about Hollywood's hottest men and women. Find out how to live like a star, how to dress like one and who‚Äôs hot or who's not in movie, music, fashion and TV land. There is also an in-depth celebrity profile in which we dig up all the details about a certain star. Whether it's about their lifestyle, love life, favorite designers or their chosen profession, Celebrity Scoop covers it all.",https://i.ytimg.com/vi/TW3vLAjI0jI/default.jpg,120,90,https://i.ytimg.com/vi/TW3vLAjI0jI/mqdefault.jpg,320,180,https://i.ytimg.com/vi/TW3vLAjI0jI/hqdefault.jpg,480,360,Celebrity Scoop,,24,none,"Amber Heard at the 48th Giffoni Film Festival, July 25 2019    #Repost @giffoni experience Stories","Media Networks Broacasting Bringing the juiciest gossip straight to your screen, Celebrity Scoop keeps you up to date with all things showbiz, beauty and lifestyle. Each item provides a weekly fix of breaking news and plenty of exciting items about Hollywood's hottest men and women. Find out how to live like a star, how to dress like one and who‚Äôs hot or who's not in movie, music, fashion and TV land. There is also an in-depth celebrity profile in which we dig up all the details about a certain star. Whether it's about their lifestyle, love life, favorite designers or their chosen profession, Celebrity Scoop covers it all.",,PT1M,2d,sd,false,True,rectangular,processed,public,youtube,True,False,False,144,,0,0,https://i.ytimg.com/vi/TW3vLAjI0jI/sddefault.jpg,640.0,480.0,,,,,
youtube#video,SukH3a1p8Tpu1Lqi3aXyw-0G-Vo,WVrKZtVmWLo,2015-09-23T12:05:01Z,UCf0l2Qw-UWwOBXWuN8VixLQ,Amber Heard Arrives at The Danish Girl press conference - Venice,,https://i.ytimg.com/vi/WVrKZtVmWLo/default.jpg,120,90,https://i.ytimg.com/vi/WVrKZtVmWLo/mqdefault.jpg,320,180,https://i.ytimg.com/vi/WVrKZtVmWLo/hqdefault.jpg,480,360,FeDeRiCa19493,"['Venice (Italian Comune)', 'The Danish Girl', 'Amber Heard (Celebrity)', 'Biographical Film (Film Genre)', 'Conference', 'johnny depp', 'festival di venezia', 'Venice International Film Festival (Film Festival)', 'Venice Biennale (Recurring Event)', 'Actresses (Film)']",19,none,Amber Heard Arrives at The Danish Girl press conference - Venice,,,PT31S,2d,hd,false,False,rectangular,processed,public,youtube,True,True,False,963,12,0,0,https://i.ytimg.com/vi/WVrKZtVmWLo/sddefault.jpg,640.0,480.0,https://i.ytimg.com/vi/WVrKZtVmWLo/maxresdefault.jpg,1280.0,720.0,,
youtube#video,x-K5D7x7DuuunuwR262xxqKQCaY,YM71sUXDcV8,2018-01-03T17:56:57Z,UCRJNKeG_dGauXnLZuHnTjEA,'The Danish Girl' cast signed autographs during the 72nd Venice Film Festival (September 2015),"-------------
Connect with Amber Heard Online:
‚Äî Visit the PHOTO GALLERY SOURCE: https://amber-heard.org/photos",https://i.ytimg.com/vi/YM71sUXDcV8/default.jpg,120,90,https://i.ytimg.com/vi/YM71sUXDcV8/mqdefault.jpg,320,180,https://i.ytimg.com/vi/YM71sUXDcV8/hqdefault.jpg,480,360,amber heard online,"['amber heard', 'alicia vikander', 'eddie redmayne', 'matthias schoenaerts']",22,none,'The Danish Girl' cast signed autographs during the 72nd Venice Film Festival (September 2015),"-------------
Connect with Amber Heard Online:
‚Äî Visit the PHOTO GALLERY SOURCE: https://amber-heard.org/photos",fr,PT2M,2d,hd,false,False,rectangular,processed,public,youtube,True,True,False,541,6,0,11,https://i.ytimg.com/vi/YM71sUXDcV8/sddefault.jpg,640.0,480.0,https://i.ytimg.com/vi/YM71sUXDcV8/maxresdefault.jpg,1280.0,720.0,,
youtube#video,dVyAuPjq33Eo5ECsyFIvIR_xqVI,ySKlZoxnEIc,2019-06-10T19:54:46Z,UCAVgFwnRKj2Ny8M2emfYm9w,Amber Heard from Cannes Film Festival 2019,"Media Networks Broacasting Bringing the juiciest gossip straight to your screen, Celebrity Scoop keeps you up to date with all things showbiz, beauty and lifestyle. Each item provides a weekly fix of breaking news and plenty of exciting items about Hollywood's hottest men and women. Find out how to live like a star, how to dress like one and who‚Äôs hot or who's not in movie, music, fashion and TV land. There is also an in-depth celebrity profile in which we dig up all the details about a certain star. Whether it's about their lifestyle, love life, favorite designers or their chosen profession, Celebrity Scoop covers it all.",https://i.ytimg.com/vi/ySKlZoxnEIc/default.jpg,120,90,https://i.ytimg.com/vi/ySKlZoxnEIc/mqdefault.jpg,320,180,https://i.ytimg.com/vi/ySKlZoxnEIc/hqdefault.jpg,480,360,Celebrity Scoop,,24,none,Amber Heard from Cannes Film Festival 2019,"Media Networks Broacasting Bringing the juiciest gossip straight to your screen, Celebrity Scoop keeps you up to date with all things showbiz, beauty and lifestyle. Each item provides a weekly fix of breaking news and plenty of exciting items about Hollywood's hottest men and women. Find out how to live like a star, how to dress like one and who‚Äôs hot or who's not in movie, music, fashion and TV land. There is also an in-depth celebrity profile in which we dig up all the details about a certain star. Whether it's about their lifestyle, love life, favorite designers or their chosen profession, Celebrity Scoop covers it all.",,PT16S,2d,sd,false,True,rectangular,processed,public,youtube,True,False,False,101,,0,0,https://i.ytimg.com/vi/ySKlZoxnEIc/sddefault.jpg,640.0,480.0,,,,,
youtube#video,V5O70syjDZl1VcuJNekOIG62fWg,yUqwbz2OCkU,2015-09-13T17:39:49Z,UCgoTOEhL2EWsmPzvc5ROSJw,Extrait VOSTFR de LONDON FIELDS avec Amber Heard,"D√©couvrez un extrait de London Fields avec Amber Heard dans une robe tr√®s sexy. Le film est pr√©sent√© en avant premi√®re lors du Festival du film de Toronto le 18 septembre 2015. 

Plus d'infos sur le film ici http://cinema-series-tv.fr
http://CSTV.fr 
http://cinema-series-tv.fr/amber-heard-dans-le-premier-extrait-de-london-fields",https://i.ytimg.com/vi/yUqwbz2OCkU/default.jpg,120,90,https://i.ytimg.com/vi/yUqwbz2OCkU/mqdefault.jpg,320,180,https://i.ytimg.com/vi/yUqwbz2OCkU/hqdefault.jpg,480,360,Tony Chaslas,"['London Fields', 'Amber Heard', 'extrait du film']",1,none,Extrait VOSTFR de LONDON FIELDS avec Amber Heard,"D√©couvrez un extrait de London Fields avec Amber Heard dans une robe tr√®s sexy. Le film est pr√©sent√© en avant premi√®re lors du Festival du film de Toronto le 18 septembre 2015. 

Plus d'infos sur le film ici http://cinema-series-tv.fr
http://CSTV.fr 
http://cinema-series-tv.fr/amber-heard-dans-le-premier-extrait-de-london-fields",,PT1M28S,2d,hd,false,False,rectangular,processed,public,youtube,True,True,False,3138,3,0,0,https://i.ytimg.com/vi/yUqwbz2OCkU/sddefault.jpg,640.0,480.0,https://i.ytimg.com/vi/yUqwbz2OCkU/maxresdefault.jpg,1280.0,720.0,,['WF']
youtube#video,uN9FGjIItjuRsv4QE1uW_PTiU10,Z0V8h-_TTWE,2015-10-12T19:45:05Z,UCwTWfy4tylCSANd8qotg_iQ,Johnny Depp at the BFI Film Festival premiere of Black Mass,"Johnny Depp at the BFI Film Festival premiere of Black Mass


Amber Heard stuns in black silk dress as she outshines scruffy husband Johnny Depp at the BFI Film Festival premiere of Black Mass

They tied the knot in February after almost three years together.
And Amber Heard and Johnny Depp put on a rock solid display of affection at the BFI London Film Festival premiere of the A-list actor's mobster movie Black Mass on Sunday evening.
The 29-year-old beauty went hand-in-hand with leading man Johnny as they walked the red carpet in coordinating black ensembles, looking more united and in sync than ever.

Source: Dailymail.co.uk",https://i.ytimg.com/vi/Z0V8h-_TTWE/default.jpg,120,90,https://i.ytimg.com/vi/Z0V8h-_TTWE/mqdefault.jpg,320,180,https://i.ytimg.com/vi/Z0V8h-_TTWE/hqdefault.jpg,480,360,Review ++,"['Johnny Depp (Celebrity)', 'British Film Institute (Publisher)', 'Premiere (Film Subject)', 'Black Mass', 'BFI London Film Festival (Film Festival)', 'After', 'Film Festival (Film Screening Venue)', 'Effects', 'Jack', 'Pirates', 'BFI', 'BFI Film Festival']",22,none,Johnny Depp at the BFI Film Festival premiere of Black Mass,"Johnny Depp at the BFI Film Festival premiere of Black Mass


Amber Heard stuns in black silk dress as she outshines scruffy husband Johnny Depp at the BFI Film Festival premiere of Black Mass

They tied the knot in February after almost three years together.
And Amber Heard and Johnny Depp put on a rock solid display of affection at the BFI London Film Festival premiere of the A-list actor's mobster movie Black Mass on Sunday evening.
The 29-year-old beauty went hand-in-hand with leading man Johnny as they walked the red carpet in coordinating black ensembles, looking more united and in sync than ever.

Source: Dailymail.co.uk",,PT7M11S,2d,sd,false,True,rectangular,processed,public,youtube,True,True,False,2518,10,0,5,,,,,,,,
youtube#video,KKqWE2a-09G50ZgL-daUQafMujM,zCjVwsba2v4,2020-09-03T18:45:01Z,UCXrhM5_Z11LvlvICp7T7_Dw,Amber Heard Tonight at the Cannes Film Festival I was proud to stand in solidarity with my sisters,"#HollywoodMonstersAmberHeard #AmberHeard


Amber Heard Tonight at the Cannes #Film Festival I was proud to stand in solidarity with my sisters in support of
Amber Heard Tonight at the Cannes Film Festival I was proud to stand in solidarity with my sisters in support of














































































""Copyright Disclaimer under Section 107 of the copyright act 1976, allowance is made for fair use for purposes such as criticism, comment, news reporting, scholarship, and research. Fair use is a use permitted by copyright statute that might otherwise be infringing.",https://i.ytimg.com/vi/zCjVwsba2v4/default.jpg,120,90,https://i.ytimg.com/vi/zCjVwsba2v4/mqdefault.jpg,320,180,https://i.ytimg.com/vi/zCjVwsba2v4/hqdefault.jpg,480,360,Hollywood Monsters,,22,none,Amber Heard Tonight at the Cannes Film Festival I was proud to stand in solidarity with my sisters,"#HollywoodMonstersAmberHeard #AmberHeard


Amber Heard Tonight at the Cannes #Film Festival I was proud to stand in solidarity with my sisters in support of
Amber Heard Tonight at the Cannes Film Festival I was proud to stand in solidarity with my sisters in support of














































































""Copyright Disclaimer under Section 107 of the copyright act 1976, allowance is made for fair use for purposes such as criticism, comment, news reporting, scholarship, and research. Fair use is a use permitted by copyright statute that might otherwise be infringing.",en,PT27S,2d,hd,false,False,rectangular,processed,public,youtube,True,True,False,683,4,0,23,https://i.ytimg.com/vi/zCjVwsba2v4/sddefault.jpg,640.0,480.0,https://i.ytimg.com/vi/zCjVwsba2v4/maxresdefault.jpg,1280.0,720.0,,
