kind,etag,id,snippet.publishedAt,snippet.channelId,snippet.title,snippet.description,snippet.thumbnails.default.url,snippet.thumbnails.default.width,snippet.thumbnails.default.height,snippet.thumbnails.medium.url,snippet.thumbnails.medium.width,snippet.thumbnails.medium.height,snippet.thumbnails.high.url,snippet.thumbnails.high.width,snippet.thumbnails.high.height,snippet.thumbnails.standard.url,snippet.thumbnails.standard.width,snippet.thumbnails.standard.height,snippet.channelTitle,snippet.tags,snippet.categoryId,snippet.liveBroadcastContent,snippet.localized.title,snippet.localized.description,contentDetails.duration,contentDetails.dimension,contentDetails.definition,contentDetails.caption,contentDetails.licensedContent,contentDetails.projection,status.uploadStatus,status.privacyStatus,status.license,status.embeddable,status.publicStatsViewable,status.madeForKids,statistics.viewCount,statistics.likeCount,statistics.favoriteCount,statistics.commentCount,snippet.thumbnails.maxres.url,snippet.thumbnails.maxres.width,snippet.thumbnails.maxres.height,snippet.defaultAudioLanguage,snippet.defaultLanguage
youtube#video,wtsBLjD-6fjgFRLVbQXNJ-oRsd8,-Zu2wUxQ6Qs,2021-06-08T04:35:12Z,UClEGyxHi_1EKogpG8QFuWmw,"Aquaman Queen Mera, version of Amber Heard Elon Musk face swap girl, lips sync with Reface and Wombo","Aquaman Queen Mera, version of Amber Heard Elon Musk face swap girl, lips sync with Reface and Wombo.

Intro Music 
Music: Possible
Musician: Jeff Kaale

Apps used for face swap and lips sync:
FaceApp
Reface
Wombo",https://i.ytimg.com/vi/-Zu2wUxQ6Qs/default.jpg,120,90,https://i.ytimg.com/vi/-Zu2wUxQ6Qs/mqdefault.jpg,320,180,https://i.ytimg.com/vi/-Zu2wUxQ6Qs/hqdefault.jpg,480,360,https://i.ytimg.com/vi/-Zu2wUxQ6Qs/sddefault.jpg,640.0,480.0,Virtual Hot Girls,"['Amber Heard', 'Elon Musk', 'Amber Heard Elon Musk', 'Queen Mera', 'Aquaman', 'Amber Heard and Elon Musk', 'Face Swap', 'face swap girls', 'celebrity face swap', 'Aquaman Queen Mera']",24,none,"Aquaman Queen Mera, version of Amber Heard Elon Musk face swap girl, lips sync with Reface and Wombo","Aquaman Queen Mera, version of Amber Heard Elon Musk face swap girl, lips sync with Reface and Wombo.

Intro Music 
Music: Possible
Musician: Jeff Kaale

Apps used for face swap and lips sync:
FaceApp
Reface
Wombo",PT2M15S,2d,hd,false,False,rectangular,processed,public,youtube,True,True,False,13,0,0,0,,,,,
youtube#video,0PpPp9_EWRmV_ab1cp9EFxORnyk,0tBPjwUi1Fk,2021-07-17T16:38:09Z,UCI7TU9y9XVec6QEhmaptO-w,Aquaman & Amber Heard | movie clip | #shorts,,https://i.ytimg.com/vi/0tBPjwUi1Fk/default.jpg,120,90,https://i.ytimg.com/vi/0tBPjwUi1Fk/mqdefault.jpg,320,180,https://i.ytimg.com/vi/0tBPjwUi1Fk/hqdefault.jpg,480,360,https://i.ytimg.com/vi/0tBPjwUi1Fk/sddefault.jpg,640.0,480.0,The love world,,22,none,Aquaman & Amber Heard | movie clip | #shorts,,PT44S,2d,hd,false,False,rectangular,processed,public,youtube,True,True,False,936,65,0,2,https://i.ytimg.com/vi/0tBPjwUi1Fk/maxresdefault.jpg,1280.0,720.0,,
youtube#video,gTztXFfZ1VcDJ1bKKDFzFex_S9Y,1Gvn7SyZ8Mk,2021-09-23T04:13:23Z,UC6NWRWhce18AZSe01HHr2NA,"Amber Heard, best of Aquaman, Best ever, Short video||#Short",,https://i.ytimg.com/vi/1Gvn7SyZ8Mk/default.jpg,120,90,https://i.ytimg.com/vi/1Gvn7SyZ8Mk/mqdefault.jpg,320,180,https://i.ytimg.com/vi/1Gvn7SyZ8Mk/hqdefault.jpg,480,360,,,,Frozen Beats,,22,none,"Amber Heard, best of Aquaman, Best ever, Short video||#Short",,PT24S,2d,hd,false,False,rectangular,processed,public,youtube,True,True,False,15,9,0,0,,,,,
youtube#video,ZLKvQmK8RX8uVbGsuCQV94jfI5I,23-ym3tYC68,2018-08-15T08:55:29Z,UCCgOH5_C5HBjtxRDRKQ0LGw,Dc's Aquaman || official trailer|| Jason momoa Amber heard..,No disc.üôÑ,https://i.ytimg.com/vi/23-ym3tYC68/default.jpg,120,90,https://i.ytimg.com/vi/23-ym3tYC68/mqdefault.jpg,320,180,https://i.ytimg.com/vi/23-ym3tYC68/hqdefault.jpg,480,360,https://i.ytimg.com/vi/23-ym3tYC68/sddefault.jpg,640.0,480.0,ITS entertainment,,22,none,Dc's Aquaman || official trailer|| Jason momoa Amber heard..,No disc.üôÑ,PT2M26S,2d,hd,false,False,rectangular,processed,public,youtube,True,True,False,27,5,0,0,https://i.ytimg.com/vi/23-ym3tYC68/maxresdefault.jpg,1280.0,720.0,,
youtube#video,gkTlsuuhBmJtQ_9pmXZMi5ZUy0Q,2lRxdSLGljY,2018-10-02T11:40:23Z,UC-2ipffAUZXJXnrvuAAI7wg,LONDON FIELDS Official Trailer 2018 Amber Heard Thriller Mystery Movie,,https://i.ytimg.com/vi/2lRxdSLGljY/default.jpg,120,90,https://i.ytimg.com/vi/2lRxdSLGljY/mqdefault.jpg,320,180,https://i.ytimg.com/vi/2lRxdSLGljY/hqdefault.jpg,480,360,https://i.ytimg.com/vi/2lRxdSLGljY/sddefault.jpg,640.0,480.0,hbt trailars &teasers,,22,none,LONDON FIELDS Official Trailer 2018 Amber Heard Thriller Mystery Movie,,PT2M12S,2d,hd,false,False,rectangular,processed,public,youtube,True,True,False,24,0,0,0,https://i.ytimg.com/vi/2lRxdSLGljY/maxresdefault.jpg,1280.0,720.0,,
youtube#video,-vbMiY6u4-2ImyYUHi23FdHJIvs,3lk_CWAaZ6o,2020-06-01T16:49:50Z,UCYYDIWSUonjJGLLprz6tttg,Ocean Science in the Classroom Session 8 -  Hydrothermal Vents - Amber Cobley,"This is session 8 of Bring Ocean Science to the Classroom! A fun, interactive session for primary ages kids to learn about the oceans and the people who work on it!

This week, I am giving our guest speakers a break and presenting myself again! 1330BST Friday 22nd May, aimed for primary but all welcome.

The first session I shared with you was about the deep sea, NOW, I am going to talk to you about one of my favourite parts of the deep sea I work on - hydrothermal vents. They are giant chimneys kilometres below the ocean surface that spew out water that is even hotter than boiling!

Surprisingly, there are many amazing animals that live at these chimneys, that can survive without sunlight! I will tell you the cool story of how...

If you want to join us live next time, here is the link to our Facebook event:

https://www.facebook.com/groups/650534399066969/",https://i.ytimg.com/vi/3lk_CWAaZ6o/default.jpg,120,90,https://i.ytimg.com/vi/3lk_CWAaZ6o/mqdefault.jpg,320,180,https://i.ytimg.com/vi/3lk_CWAaZ6o/hqdefault.jpg,480,360,https://i.ytimg.com/vi/3lk_CWAaZ6o/sddefault.jpg,640.0,480.0,rovREX,,1,none,Ocean Science in the Classroom Session 8 -  Hydrothermal Vents - Amber Cobley,"This is session 8 of Bring Ocean Science to the Classroom! A fun, interactive session for primary ages kids to learn about the oceans and the people who work on it!

This week, I am giving our guest speakers a break and presenting myself again! 1330BST Friday 22nd May, aimed for primary but all welcome.

The first session I shared with you was about the deep sea, NOW, I am going to talk to you about one of my favourite parts of the deep sea I work on - hydrothermal vents. They are giant chimneys kilometres below the ocean surface that spew out water that is even hotter than boiling!

Surprisingly, there are many amazing animals that live at these chimneys, that can survive without sunlight! I will tell you the cool story of how...

If you want to join us live next time, here is the link to our Facebook event:

https://www.facebook.com/groups/650534399066969/",PT45M9S,2d,hd,false,False,rectangular,processed,public,youtube,True,True,True,29,0,0,0,https://i.ytimg.com/vi/3lk_CWAaZ6o/maxresdefault.jpg,1280.0,720.0,,
youtube#video,UBQJq-GpsBDZGEpfbnjHG7BdBiI,4AsGBKgBZXE,2018-11-27T12:53:36Z,UCRJNKeG_dGauXnLZuHnTjEA,"'AQUAMAN' UK World premiere with Jason Momoa, Amber Heard & more (November 26, 2018)","Jason Momoa and Amber Heard walk the red carpet in London for the world premiere of Aquaman, DC Comics‚Äô new superhero movie.
------------
Connect with Amber Heard Online:
‚Äî Visit the PHOTO GALLERY SOURCE: https://amber-heard.com/photos",https://i.ytimg.com/vi/4AsGBKgBZXE/default.jpg,120,90,https://i.ytimg.com/vi/4AsGBKgBZXE/mqdefault.jpg,320,180,https://i.ytimg.com/vi/4AsGBKgBZXE/hqdefault.jpg,480,360,https://i.ytimg.com/vi/4AsGBKgBZXE/sddefault.jpg,640.0,480.0,amber heard online,"['amber heard', 'jason momoa', 'aquaman', 'james wan']",22,none,"'AQUAMAN' UK World premiere with Jason Momoa, Amber Heard & more (November 26, 2018)","Jason Momoa and Amber Heard walk the red carpet in London for the world premiere of Aquaman, DC Comics‚Äô new superhero movie.
------------
Connect with Amber Heard Online:
‚Äî Visit the PHOTO GALLERY SOURCE: https://amber-heard.com/photos",PT2M28S,2d,hd,false,False,rectangular,processed,public,youtube,True,True,False,435,9,0,2,https://i.ytimg.com/vi/4AsGBKgBZXE/maxresdefault.jpg,1280.0,720.0,en,
youtube#video,9Ugw07pgIWhPMcvvgqLzU0rCBew,4bQS10xYJFk,2021-08-08T04:06:08Z,UCsGvxkvbMltOyV9BBu7-H3w,Aquaman/Amber Heardü•∞üòòüòòüíØ/Meraü•∞ü•∞#youtubeshortsfeature,,https://i.ytimg.com/vi/4bQS10xYJFk/default.jpg,120,90,https://i.ytimg.com/vi/4bQS10xYJFk/mqdefault.jpg,320,180,https://i.ytimg.com/vi/4bQS10xYJFk/hqdefault.jpg,480,360,,,,Hollywood Clips 2M,,22,none,Aquaman/Amber Heardü•∞üòòüòòüíØ/Meraü•∞ü•∞#youtubeshortsfeature,,PT26S,2d,hd,false,False,rectangular,processed,public,youtube,True,True,False,308,29,0,0,,,,,
youtube#video,w7E1deV-AuWsPO4GhkngNULNkwY,4spTLkhRqfE,2021-09-20T16:30:04Z,UCxpUytMgsm3dHujUkbIOGkA,Amber heard | Aquaman | Whatsapp status üî•‚ù§Ô∏è #shorts,,https://i.ytimg.com/vi/4spTLkhRqfE/default.jpg,120,90,https://i.ytimg.com/vi/4spTLkhRqfE/mqdefault.jpg,320,180,https://i.ytimg.com/vi/4spTLkhRqfE/hqdefault.jpg,480,360,,,,AsylumX,,22,none,Amber heard | Aquaman | Whatsapp status üî•‚ù§Ô∏è #shorts,,PT15S,2d,sd,false,False,rectangular,processed,public,youtube,True,True,False,5,1,0,0,,,,,
youtube#video,FCLB-3gin8UTwwXsY8_LjURKAaE,78hlebBaUOM,2021-04-06T22:19:26Z,UCaFhPje-_jfvLywSdL1MOCg,Amber's Movie Out-earned all of Johnny Depp's Movies!!  (Amber Heard Playlist!!),,https://i.ytimg.com/vi/78hlebBaUOM/default.jpg,120,90,https://i.ytimg.com/vi/78hlebBaUOM/mqdefault.jpg,320,180,https://i.ytimg.com/vi/78hlebBaUOM/hqdefault.jpg,480,360,https://i.ytimg.com/vi/78hlebBaUOM/sddefault.jpg,640.0,480.0,#JOHNNYDEPPBEATSWOMEN Johnny Depp es racista,,22,none,Amber's Movie Out-earned all of Johnny Depp's Movies!!  (Amber Heard Playlist!!),,PT3M33S,2d,hd,false,False,rectangular,processed,public,youtube,True,True,False,16,1,0,,,,,en-US,en-US
youtube#video,W4uTTEW2iApW6L--V7r8wUQSqwI,7aTpqCOlAhg,2021-01-31T06:44:25Z,UC-Kcerz7sjcH6tSCsNsq4Hw,Drop a LIKE if you AGREE Amber Heard is a Piece of üí©,"DARTH: 1 YEAR AGO...

#DarthNews #AmberHeard #BarnWitch #JusticeForJohnny #Mera #Aquaman2",https://i.ytimg.com/vi/7aTpqCOlAhg/default.jpg,120,90,https://i.ytimg.com/vi/7aTpqCOlAhg/mqdefault.jpg,320,180,https://i.ytimg.com/vi/7aTpqCOlAhg/hqdefault.jpg,480,360,https://i.ytimg.com/vi/7aTpqCOlAhg/sddefault.jpg,640.0,480.0,DarthTV,,24,none,Drop a LIKE if you AGREE Amber Heard is a Piece of üí©,"DARTH: 1 YEAR AGO...

#DarthNews #AmberHeard #BarnWitch #JusticeForJohnny #Mera #Aquaman2",PT9S,2d,hd,false,False,rectangular,processed,public,youtube,True,True,False,372,177,0,37,https://i.ytimg.com/vi/7aTpqCOlAhg/maxresdefault.jpg,1280.0,720.0,,
youtube#video,ssRJLMjAOvrSDP1o-eON-Zp1rm0,8NTzmRswymg,2021-10-01T13:45:11Z,UCaUJClOfpKBQKz8Rw6gNyxQ,"Aquaman movie"" || Amber Heard üòçüòçüòò best scene FOREVER",,https://i.ytimg.com/vi/8NTzmRswymg/default.jpg,120,90,https://i.ytimg.com/vi/8NTzmRswymg/mqdefault.jpg,320,180,https://i.ytimg.com/vi/8NTzmRswymg/hqdefault.jpg,480,360,https://i.ytimg.com/vi/8NTzmRswymg/sddefault.jpg,640.0,480.0,ShortClip,,1,none,"Aquaman movie"" || Amber Heard üòçüòçüòò best scene FOREVER",,PT30S,2d,hd,false,False,rectangular,processed,public,youtube,True,True,False,47,7,0,0,https://i.ytimg.com/vi/8NTzmRswymg/maxresdefault.jpg,1280.0,720.0,,
youtube#video,XdUUKiiDCdZgF1-0fQHQoNsI6qw,95v61MRHt-s,2021-09-06T16:00:04Z,UCjdrJVm6Q8RZAGSJ8u9YJIw,Amber Heard's BEST and FUNNIEST Moments! (Part 1),"Today we're looking at Amber Heard's BEST and FUNNIEST Moments! (Part 1)

Make sure if you enjoyed the video to leave a like and subscribe to the channel! 
Turn your post notifications on as well so you NEVER miss a video from us!!

Comment down below any videos you would like to see us do in the future!

#2021 #viral #celebfactor #tiktok",https://i.ytimg.com/vi/95v61MRHt-s/default.jpg,120,90,https://i.ytimg.com/vi/95v61MRHt-s/mqdefault.jpg,320,180,https://i.ytimg.com/vi/95v61MRHt-s/hqdefault.jpg,480,360,https://i.ytimg.com/vi/95v61MRHt-s/sddefault.jpg,640.0,480.0,Celeb Factor,"['amber heard', 'johnny depp and amber heard', 'amber heard and johnny depp', 'amber heard johnny depp', 'johnny depp amber heard', 'johnny depp amber heard court', 'amber heard aquaman', 'amber heard aquaman 2', 'johnny depp amber heard audio', 'amber heard funny moments', 'jason momoa and amber heard', 'amber heard and jason momoa interview', 'amber heard funniest moments', 'amber heard funny moments 2020', 'amber heard funny moments 2019', 'amber heard funny moments 2018']",22,none,Amber Heard's BEST and FUNNIEST Moments! (Part 1),"Today we're looking at Amber Heard's BEST and FUNNIEST Moments! (Part 1)

Make sure if you enjoyed the video to leave a like and subscribe to the channel! 
Turn your post notifications on as well so you NEVER miss a video from us!!

Comment down below any videos you would like to see us do in the future!

#2021 #viral #celebfactor #tiktok",PT4M51S,2d,hd,false,False,rectangular,processed,public,youtube,True,True,False,16,0,0,1,https://i.ytimg.com/vi/95v61MRHt-s/maxresdefault.jpg,1280.0,720.0,en,en
youtube#video,EsaE9agiMwxBE7xX__zghk4PkA0,9tFFuWdPy7g,2021-08-15T03:11:55Z,UC6NWRWhce18AZSe01HHr2NA,"Amber Heard, best of Aquaman, Best ever, Short video||#Short",,https://i.ytimg.com/vi/9tFFuWdPy7g/default.jpg,120,90,https://i.ytimg.com/vi/9tFFuWdPy7g/mqdefault.jpg,320,180,https://i.ytimg.com/vi/9tFFuWdPy7g/hqdefault.jpg,480,360,,,,Frozen Beats,,22,none,"Amber Heard, best of Aquaman, Best ever, Short video||#Short",,PT31S,2d,hd,false,False,rectangular,processed,public,youtube,True,True,False,348,18,0,2,,,,,
youtube#video,PhTZRTa98NoLqr5mSKc93ubWgOw,9UEdv5lV7KQ,2021-09-24T17:37:27Z,UCYVzvoFTe6-MaFX4f7A-lPg,Aquaman üíôüòç || Amber heard üî• | SKF status,,https://i.ytimg.com/vi/9UEdv5lV7KQ/default.jpg,120,90,https://i.ytimg.com/vi/9UEdv5lV7KQ/mqdefault.jpg,320,180,https://i.ytimg.com/vi/9UEdv5lV7KQ/hqdefault.jpg,480,360,,,,SKF status,,22,none,Aquaman üíôüòç || Amber heard üî• | SKF status,,PT52S,2d,hd,false,False,rectangular,processed,public,youtube,True,True,False,3,0,0,0,,,,,
youtube#video,kauPstmKC8_akFUML4YF4KDmBN0,aM-l3K5lgDA,2020-06-13T16:27:08Z,UCiEBi9dKMZMQSUQeJpobIVA,Arthur Challenges Orm Scene - Aquaman (2018) 4K #Aquaman #Jasonmomoa #AmberHeard,,https://i.ytimg.com/vi/aM-l3K5lgDA/default.jpg,120,90,https://i.ytimg.com/vi/aM-l3K5lgDA/mqdefault.jpg,320,180,https://i.ytimg.com/vi/aM-l3K5lgDA/hqdefault.jpg,480,360,https://i.ytimg.com/vi/aM-l3K5lgDA/sddefault.jpg,640.0,480.0,American Failure,,22,none,Arthur Challenges Orm Scene - Aquaman (2018) 4K #Aquaman #Jasonmomoa #AmberHeard,,PT3M27S,2d,hd,false,False,rectangular,processed,public,youtube,True,True,False,18,1,0,0,https://i.ytimg.com/vi/aM-l3K5lgDA/maxresdefault.jpg,1280.0,720.0,,
youtube#video,ue4PBPKOS9QgSbCF0JJV9kAupmI,BGOW6E6YD1s,2020-05-28T17:26:55Z,UC-yB2JyAwTzCuVVZFUpUklg,Amber Heard | MEERA Scene | Aquaman | 2018,Meera shows up to rescue Aquaman's friend out of the storm scene.,https://i.ytimg.com/vi/BGOW6E6YD1s/default.jpg,120,90,https://i.ytimg.com/vi/BGOW6E6YD1s/mqdefault.jpg,320,180,https://i.ytimg.com/vi/BGOW6E6YD1s/hqdefault.jpg,480,360,https://i.ytimg.com/vi/BGOW6E6YD1s/sddefault.jpg,640.0,480.0,FilmyJamClips,,22,none,Amber Heard | MEERA Scene | Aquaman | 2018,Meera shows up to rescue Aquaman's friend out of the storm scene.,PT3M34S,2d,hd,false,False,rectangular,processed,public,youtube,True,True,False,7,0,0,0,https://i.ytimg.com/vi/BGOW6E6YD1s/maxresdefault.jpg,1280.0,720.0,,
youtube#video,JJ0d3kOZg3tQl10kn5_VZVWTiKA,Bk2pLmFZ2PM,2017-10-09T01:57:11Z,UCQ04mNEOS69kmAL0gbDj_SA,"Aquaman Movie 2018 Teaser Trailer   Jason Momoa, Amber Heard Fan trailer   YouTube",,https://i.ytimg.com/vi/Bk2pLmFZ2PM/default.jpg,120,90,https://i.ytimg.com/vi/Bk2pLmFZ2PM/mqdefault.jpg,320,180,https://i.ytimg.com/vi/Bk2pLmFZ2PM/hqdefault.jpg,480,360,https://i.ytimg.com/vi/Bk2pLmFZ2PM/sddefault.jpg,640.0,480.0,Movie Trailer,,22,none,"Aquaman Movie 2018 Teaser Trailer   Jason Momoa, Amber Heard Fan trailer   YouTube",,PT2M21S,2d,hd,false,False,rectangular,processed,public,youtube,True,True,False,21,0,0,0,https://i.ytimg.com/vi/Bk2pLmFZ2PM/maxresdefault.jpg,1280.0,720.0,,
youtube#video,welC_uLIxnJ9w3jx7jiWvFJxqvY,c1cQ_i9_1gI,2018-03-05T10:27:11Z,UCngGDQjN__ktu0D9EfiGCTA,Aquaman Movie 2018 Teaser Trailer   Jason Momoa   Amber Heard   Fan Trailer,Aquaman Movie 2018   Jason Momoa   Amber Heard   Fan Trailer  HD,https://i.ytimg.com/vi/c1cQ_i9_1gI/default.jpg,120,90,https://i.ytimg.com/vi/c1cQ_i9_1gI/mqdefault.jpg,320,180,https://i.ytimg.com/vi/c1cQ_i9_1gI/hqdefault.jpg,480,360,https://i.ytimg.com/vi/c1cQ_i9_1gI/sddefault.jpg,640.0,480.0,Trailers and songs masti,"['Aquaman', 'Movie 2018', 'Jason Momoa', 'Amber Heard', 'Trailer']",22,none,Aquaman Movie 2018 Teaser Trailer   Jason Momoa   Amber Heard   Fan Trailer,Aquaman Movie 2018   Jason Momoa   Amber Heard   Fan Trailer  HD,PT2M1S,2d,hd,false,False,rectangular,processed,public,youtube,True,True,False,62,0,0,0,,,,,
youtube#video,K_sL7jNnUhLeq5V-Q-fMZES-i00,cVFi5l9HVEI,2018-08-10T21:16:59Z,UCzIONFKYoTzClUlbZr-sOJg,"AQUAMAN  Arthur & Mera  Trailer NEW, 2018 Jason Momoa, Amber Heard Superhero Movie HD","AQUAMAN  Arthur & Mera  Trailer NEW, 2018 Jason Momoa | Amber Heard Superhero Movie HD. #Aquaman#Trailer#DC
¬© 2018 -WB

Get more awesome trailer and many more subscribe us here https://www.youtube.com/channel/UCzIONFKYoTzClUlbZr-sOJg?sub_confirmation=1

Subscribe now to catch the best movie trailers 2017 and the latest official movie trailer, Clips, interview in english and hini language.
You can watch anime trailer also.",https://i.ytimg.com/vi/cVFi5l9HVEI/default.jpg,120,90,https://i.ytimg.com/vi/cVFi5l9HVEI/mqdefault.jpg,320,180,https://i.ytimg.com/vi/cVFi5l9HVEI/hqdefault.jpg,480,360,https://i.ytimg.com/vi/cVFi5l9HVEI/sddefault.jpg,640.0,480.0,Movie Trailers Media,"['AQUAMAN Arthur & Mera Trailer NEW | 2018 Jason Momoa | Amber Heard Superhero Movie HD.', 'Aquaman new trailer', 'Official Aquaman trailer', 'DC movie trailer', 'Trailer 2018', 'Official trailer']",24,none,"AQUAMAN  Arthur & Mera  Trailer NEW, 2018 Jason Momoa, Amber Heard Superhero Movie HD","AQUAMAN  Arthur & Mera  Trailer NEW, 2018 Jason Momoa | Amber Heard Superhero Movie HD. #Aquaman#Trailer#DC
¬© 2018 -WB

Get more awesome trailer and many more subscribe us here https://www.youtube.com/channel/UCzIONFKYoTzClUlbZr-sOJg?sub_confirmation=1

Subscribe now to catch the best movie trailers 2017 and the latest official movie trailer, Clips, interview in english and hini language.
You can watch anime trailer also.",PT59S,2d,hd,false,False,rectangular,processed,public,youtube,True,True,False,5,0,0,0,https://i.ytimg.com/vi/cVFi5l9HVEI/maxresdefault.jpg,1280.0,720.0,en-GB,en-GB
youtube#video,9t9-krD9zxlfrmda6ABuVSWpz38,Das2WS7BaxY,2018-10-31T16:20:02Z,UCH6zZhTsevpyPy-xb_JLFvQ,"'Aquaman' Official Extended Trailer (2018) Jason Momoa, amber Heard","All Hollywood updated know more 
Subscribe ,share , support ....",https://i.ytimg.com/vi/Das2WS7BaxY/default.jpg,120,90,https://i.ytimg.com/vi/Das2WS7BaxY/mqdefault.jpg,320,180,https://i.ytimg.com/vi/Das2WS7BaxY/hqdefault.jpg,480,360,https://i.ytimg.com/vi/Das2WS7BaxY/sddefault.jpg,640.0,480.0,MLM India,"['aquaman cast', 'aquaman movie', 'aquaman release date', 'aquaman 2017', 'aquaman 2018', 'aquaman movie 2013', 'aquaman full movie', 'aquaman trailer', 'utman', 'Spider man', 'Hollywood hindi dubed movie', ""'Aquaman'hindi""]",22,none,"'Aquaman' Official Extended Trailer (2018) Jason Momoa, amber Heard","All Hollywood updated know more 
Subscribe ,share , support ....",PT6M1S,2d,sd,false,False,rectangular,processed,public,youtube,True,True,False,47,1,0,0,,,,,
youtube#video,7T4QzG5nn85SiHZlqu27dXkW-tk,drdsf7mSh4k,2021-10-11T19:11:47Z,UCOWutDtCaJU803LGi00Az5Q,Amber Heard _ Aquaman _ Whatsapp Status - Wharan Full Screen _fire,,https://i.ytimg.com/vi/drdsf7mSh4k/default.jpg,120,90,https://i.ytimg.com/vi/drdsf7mSh4k/mqdefault.jpg,320,180,https://i.ytimg.com/vi/drdsf7mSh4k/hqdefault.jpg,480,360,https://i.ytimg.com/vi/drdsf7mSh4k/sddefault.jpg,640.0,480.0,RJMALLIK,,22,none,Amber Heard _ Aquaman _ Whatsapp Status - Wharan Full Screen _fire,,PT34S,2d,hd,false,False,rectangular,processed,public,youtube,True,True,False,11,1,0,0,https://i.ytimg.com/vi/drdsf7mSh4k/maxresdefault.jpg,1280.0,720.0,,
youtube#video,m--Jkd4loHg7P9hlN2aKH98nMl0,eFoAyKUYb_8,2021-08-11T15:48:38Z,UCY5OynygNQaPe2XDXP4LtLg,Amber Heard Aquaman   Whatsapp Status #Amber_Heard #Aquman #Whatsapp_Status,"Subscribe My Channel
Like
Comment
Share

#Amber_Heard
#Aquman

#VM_Geek

MY CHANNEL LINK
https://www.youtube.com/channel/UCY5OynygNQaPe2XDXP4LtLg",https://i.ytimg.com/vi/eFoAyKUYb_8/default.jpg,120,90,https://i.ytimg.com/vi/eFoAyKUYb_8/mqdefault.jpg,320,180,https://i.ytimg.com/vi/eFoAyKUYb_8/hqdefault.jpg,480,360,https://i.ytimg.com/vi/eFoAyKUYb_8/sddefault.jpg,640.0,480.0,VM Geek,,22,none,Amber Heard Aquaman   Whatsapp Status #Amber_Heard #Aquman #Whatsapp_Status,"Subscribe My Channel
Like
Comment
Share

#Amber_Heard
#Aquman

#VM_Geek

MY CHANNEL LINK
https://www.youtube.com/channel/UCY5OynygNQaPe2XDXP4LtLg",PT34S,2d,hd,false,False,rectangular,processed,public,youtube,True,True,False,14,0,0,0,https://i.ytimg.com/vi/eFoAyKUYb_8/maxresdefault.jpg,1280.0,720.0,si,
youtube#video,AEqYR6JHrW5LQJGjutwKWxgOQ40,EJ5EsDKgeko,2021-09-12T05:13:36Z,UCdIo84qF7atHu7LWtRmMYuA,Amber Heard Awesome Full screen whatsapp status|Aquaman movie princess|#aquaman#Amberheard,#shorts#Beauty#princess#‚ù§#üí´#copines,https://i.ytimg.com/vi/EJ5EsDKgeko/default.jpg,120,90,https://i.ytimg.com/vi/EJ5EsDKgeko/mqdefault.jpg,320,180,https://i.ytimg.com/vi/EJ5EsDKgeko/hqdefault.jpg,480,360,,,,_INTERSTELLAR_,,22,none,Amber Heard Awesome Full screen whatsapp status|Aquaman movie princess|#aquaman#Amberheard,#shorts#Beauty#princess#‚ù§#üí´#copines,PT40S,2d,hd,false,False,rectangular,processed,public,youtube,True,True,False,29,3,0,0,,,,,
youtube#video,Aq20FoLxdcgvlLuK26ewt_tgeVI,EkUzHAvA37U,2019-12-08T12:32:32Z,UCTZ7G6bQqKHyiO-sW1oDULg,#AQUAMAN# JASON MOMOA # AMBER HEARD #.....,"Half-human, half-Atlantean Arthur is born with the ability to communicate with marine creatures. His motive is to retrieve the legendary Trident of Atlan and protect the water world.

Arthur Curry, the human-born heir to the underwater kingdom of Atlantis, goes on a quest to prevent a war between the worlds of ocean and land.

If you like the video please hit the LIKE button and SUBSCRIBE to the channel for more latest updates and new videos....


BY= INSPIRE DARK.....",https://i.ytimg.com/vi/EkUzHAvA37U/default.jpg,120,90,https://i.ytimg.com/vi/EkUzHAvA37U/mqdefault.jpg,320,180,https://i.ytimg.com/vi/EkUzHAvA37U/hqdefault.jpg,480,360,https://i.ytimg.com/vi/EkUzHAvA37U/sddefault.jpg,640.0,480.0,Vinay Katiyar,,24,none,#AQUAMAN# JASON MOMOA # AMBER HEARD #.....,"Half-human, half-Atlantean Arthur is born with the ability to communicate with marine creatures. His motive is to retrieve the legendary Trident of Atlan and protect the water world.

Arthur Curry, the human-born heir to the underwater kingdom of Atlantis, goes on a quest to prevent a war between the worlds of ocean and land.

If you like the video please hit the LIKE button and SUBSCRIBE to the channel for more latest updates and new videos....


BY= INSPIRE DARK.....",PT4M2S,2d,hd,false,False,rectangular,processed,public,youtube,True,True,False,23,8,0,2,https://i.ytimg.com/vi/EkUzHAvA37U/maxresdefault.jpg,1280.0,720.0,en-GB,
youtube#video,0DTGfOJ1x-6H3wNwnECtCnK_UR0,eLD5j8u1msE,2021-12-01T15:13:57Z,UC0g7DKjqk9yBh1AN2YEBq8w,Amber Heard Aquaman Mera Whatsapp Status full screen #shorts,,https://i.ytimg.com/vi/eLD5j8u1msE/default.jpg,120,90,https://i.ytimg.com/vi/eLD5j8u1msE/mqdefault.jpg,320,180,https://i.ytimg.com/vi/eLD5j8u1msE/hqdefault.jpg,480,360,https://i.ytimg.com/vi/eLD5j8u1msE/sddefault.jpg,640.0,480.0,F + SHORTS,,22,none,Amber Heard Aquaman Mera Whatsapp Status full screen #shorts,,PT13S,2d,hd,false,False,rectangular,processed,public,youtube,True,True,False,110,1,0,0,https://i.ytimg.com/vi/eLD5j8u1msE/maxresdefault.jpg,1280.0,720.0,,
youtube#video,2ynTtTO4VZszwwVKa5XH_XCwxT8,eyt9p4EEcH0,2021-06-13T16:40:34Z,UC256qSqu8q_nONrwkznRT3Q,Amber heard,,https://i.ytimg.com/vi/eyt9p4EEcH0/default.jpg,120,90,https://i.ytimg.com/vi/eyt9p4EEcH0/mqdefault.jpg,320,180,https://i.ytimg.com/vi/eyt9p4EEcH0/hqdefault.jpg,480,360,https://i.ytimg.com/vi/eyt9p4EEcH0/sddefault.jpg,640.0,480.0,Albatross Albatross,,22,none,Amber heard,,PT37S,2d,hd,false,False,rectangular,processed,public,youtube,True,True,False,4,1,0,0,https://i.ytimg.com/vi/eyt9p4EEcH0/maxresdefault.jpg,1280.0,720.0,,
youtube#video,p-LINVKctqbUkC-oVAdhi6xSMwk,FD4LZji5w58,2021-09-09T16:39:50Z,UCgXQMib0h4SMpw73fD-ajpQ,AQUAMAN #AMBER HEARD # DC ‚ö°,,https://i.ytimg.com/vi/FD4LZji5w58/default.jpg,120,90,https://i.ytimg.com/vi/FD4LZji5w58/mqdefault.jpg,320,180,https://i.ytimg.com/vi/FD4LZji5w58/hqdefault.jpg,480,360,,,,T J S  OFFICIAL ‚ú®- 17,,22,none,AQUAMAN #AMBER HEARD # DC ‚ö°,,PT28S,2d,hd,false,False,rectangular,processed,public,youtube,True,True,False,2,1,0,0,,,,,
youtube#video,XEvbSTGo4_Tjr-HNd3KMobvdMvY,fEdQWb6Lc7M,2021-08-10T13:14:17Z,UCuj1aoFHm5d2eSSy47FP6kw,AQUAMAN _ OLA LA _ JASON MOMOA _ AMBER HEARD _ HD WHATSAPP STATUS _ FULL SCREEN _ 4K,,https://i.ytimg.com/vi/fEdQWb6Lc7M/default.jpg,120,90,https://i.ytimg.com/vi/fEdQWb6Lc7M/mqdefault.jpg,320,180,https://i.ytimg.com/vi/fEdQWb6Lc7M/hqdefault.jpg,480,360,,,,Short videos,,22,none,AQUAMAN _ OLA LA _ JASON MOMOA _ AMBER HEARD _ HD WHATSAPP STATUS _ FULL SCREEN _ 4K,,PT20S,2d,hd,false,False,rectangular,processed,public,youtube,True,True,False,1,0,0,0,,,,,
youtube#video,0piLh4ZGkfiWBTd7XDihHcZezLI,frWt5RftV3Y,2021-09-09T10:30:07Z,UCmwgrwguwElu8RB3Saxs78Q,Amber Heard and Aquaman #shorts,,https://i.ytimg.com/vi/frWt5RftV3Y/default.jpg,120,90,https://i.ytimg.com/vi/frWt5RftV3Y/mqdefault.jpg,320,180,https://i.ytimg.com/vi/frWt5RftV3Y/hqdefault.jpg,480,360,,,,Music,,20,none,Amber Heard and Aquaman #shorts,,PT1M,2d,sd,false,False,rectangular,processed,public,youtube,True,True,False,193,5,0,0,,,,en-IN,
youtube#video,xicUlb-vG5bQBZouAi7un7midi4,FVDHqFG1Tfo,2021-11-26T06:55:12Z,UCvnupEHWfPihtHVLwogUGvA,"Amber Heard Aquaman | watsapp status HD | KM,s CreatioN @youtube",,https://i.ytimg.com/vi/FVDHqFG1Tfo/default.jpg,120,90,https://i.ytimg.com/vi/FVDHqFG1Tfo/mqdefault.jpg,320,180,https://i.ytimg.com/vi/FVDHqFG1Tfo/hqdefault.jpg,480,360,,,,"KM,s CreatioN",,22,none,"Amber Heard Aquaman | watsapp status HD | KM,s CreatioN @youtube",,PT13S,2d,hd,false,False,rectangular,processed,public,youtube,True,True,False,9,2,0,0,,,,,
youtube#video,i9og7XEuetc08DBEFZN2IzQpfzo,gCcMCgxRzz0,2021-08-17T04:36:53Z,UCCSGv7oSgV4Srzq-tTfCFgg,Aquaman and Amber Heard üòç-full screen Attitude WhatsApp Status #shorts#killer#trending#popular#insta,,https://i.ytimg.com/vi/gCcMCgxRzz0/default.jpg,120,90,https://i.ytimg.com/vi/gCcMCgxRzz0/mqdefault.jpg,320,180,https://i.ytimg.com/vi/gCcMCgxRzz0/hqdefault.jpg,480,360,,,,The Predator Vibes,,24,none,Aquaman and Amber Heard üòç-full screen Attitude WhatsApp Status #shorts#killer#trending#popular#insta,,PT38S,2d,hd,false,False,rectangular,processed,public,youtube,True,True,False,9,,0,0,,,,,
youtube#video,UpywbDFNBHmlAF-f8rC2nhoxtCI,hdTzMdUj-5A,2018-01-07T14:33:06Z,UC1SB_TyRooHPwJQ5xiT8SIw,Aquaman 2018 Trailer - Amber Heard - Sci-Fi HD Movie,,https://i.ytimg.com/vi/hdTzMdUj-5A/default.jpg,120,90,https://i.ytimg.com/vi/hdTzMdUj-5A/mqdefault.jpg,320,180,https://i.ytimg.com/vi/hdTzMdUj-5A/hqdefault.jpg,480,360,https://i.ytimg.com/vi/hdTzMdUj-5A/sddefault.jpg,640.0,480.0,Movie TRAILERS,"['Aquaman 2018 Trailer Amber Heard - Sci-Fi HD Movie', 'Aquaman 2018 Trailer', 'Aquaman 2018']",22,none,Aquaman 2018 Trailer - Amber Heard - Sci-Fi HD Movie,,PT1M22S,2d,hd,false,False,rectangular,processed,public,youtube,True,True,False,146,0,0,0,https://i.ytimg.com/vi/hdTzMdUj-5A/maxresdefault.jpg,1280.0,720.0,,
youtube#video,9MJapxjOvc40DoF1FmlwY4_0PkU,hQTYOVhXYgk,2021-08-03T01:13:05Z,UC0oHNiQYUFY5dbUcyc3Ctbw,Amber Heard is still in Aquaman,"We all really hate Amber Heard

https://twitter.com/NerdMediaCast",https://i.ytimg.com/vi/hQTYOVhXYgk/default.jpg,120,90,https://i.ytimg.com/vi/hQTYOVhXYgk/mqdefault.jpg,320,180,https://i.ytimg.com/vi/hQTYOVhXYgk/hqdefault.jpg,480,360,,,,Galactic Nerd Media Podcast,,22,none,Amber Heard is still in Aquaman,"We all really hate Amber Heard

https://twitter.com/NerdMediaCast",PT14M19S,2d,hd,false,False,rectangular,processed,public,youtube,True,True,False,4,0,0,0,,,,en,
youtube#video,bp_V5e-0_SJoAHkWheOrXiKkzXs,HyJyCWg8qBw,2018-12-14T07:00:49Z,UC-3S5Kc7AOvZ9r5P8Hqa4Mg,"AQUAMAN: PC With James Wan, Jason Momoa & Amber Heard at Manila","Follow Instagram: @budiey 
http://youtube.com/budiey27 - Click to Subscribe!
http://budiey.com - Visit My Blog!
http://facebook.com/BudieyDotCom - Become a Fan!
http://twitter.com/budiey - Follow Me!",https://i.ytimg.com/vi/HyJyCWg8qBw/default.jpg,120,90,https://i.ytimg.com/vi/HyJyCWg8qBw/mqdefault.jpg,320,180,https://i.ytimg.com/vi/HyJyCWg8qBw/hqdefault.jpg,480,360,https://i.ytimg.com/vi/HyJyCWg8qBw/sddefault.jpg,640.0,480.0,Budiey Channel,"['Budiey', 'Sensasi', 'Selebriti', 'Malaysia', 'Blog', 'Video', 'Kuala', 'Lumpur', 'Hiburan', 'Konsert', 'Teater', 'Temubual', 'Eksklusif', 'Amber Heard', 'AQUAMAN', 'James Wan', 'Jason Momoa']",24,none,"AQUAMAN: PC With James Wan, Jason Momoa & Amber Heard at Manila","Follow Instagram: @budiey 
http://youtube.com/budiey27 - Click to Subscribe!
http://budiey.com - Visit My Blog!
http://facebook.com/BudieyDotCom - Become a Fan!
http://twitter.com/budiey - Follow Me!",PT26M56S,2d,hd,false,False,rectangular,processed,public,youtube,True,True,False,1152,21,0,0,https://i.ytimg.com/vi/HyJyCWg8qBw/maxresdefault.jpg,1280.0,720.0,ms,
youtube#video,BUXL4h3B4N7w0QPP3Dx5ezHmbHw,i4H79g7KQYM,2021-10-27T15:23:03Z,UCmgo8TUIH1eKK1oVuCXRyGA,Aquaman and the Lost Kingdom: Could Amber Heard Affect Potential Box Office Sales,,https://i.ytimg.com/vi/i4H79g7KQYM/default.jpg,120,90,https://i.ytimg.com/vi/i4H79g7KQYM/mqdefault.jpg,320,180,https://i.ytimg.com/vi/i4H79g7KQYM/hqdefault.jpg,480,360,https://i.ytimg.com/vi/i4H79g7KQYM/sddefault.jpg,640.0,480.0,The Amazing Podcast,,24,none,Aquaman and the Lost Kingdom: Could Amber Heard Affect Potential Box Office Sales,,PT3M57S,2d,hd,false,False,rectangular,processed,public,youtube,True,True,False,14,2,0,0,https://i.ytimg.com/vi/i4H79g7KQYM/maxresdefault.jpg,1280.0,720.0,,
youtube#video,uzoWwZMWlsKmZWCgEIhwcKHSP_c,iySRiTdPcNY,2021-10-17T01:26:34Z,UCmIaztc4t_eMF3AqjkgF3HA,"AQUAMAN 2 Trailer Making Of (2022) Amber Heard, Jason Momoa Movie","Please subscribe my channel and like the video



#Monnsterzone



https://youtube.com/channel/UCmIaztc4t_eMF3AqjkgF3HA",https://i.ytimg.com/vi/iySRiTdPcNY/default.jpg,120,90,https://i.ytimg.com/vi/iySRiTdPcNY/mqdefault.jpg,320,180,https://i.ytimg.com/vi/iySRiTdPcNY/hqdefault.jpg,480,360,https://i.ytimg.com/vi/iySRiTdPcNY/sddefault.jpg,640.0,480.0,Monnster zone,,1,none,"AQUAMAN 2 Trailer Making Of (2022) Amber Heard, Jason Momoa Movie","Please subscribe my channel and like the video



#Monnsterzone



https://youtube.com/channel/UCmIaztc4t_eMF3AqjkgF3HA",PT2M50S,2d,hd,false,False,rectangular,processed,public,youtube,True,True,False,12,0,0,0,https://i.ytimg.com/vi/iySRiTdPcNY/maxresdefault.jpg,1280.0,720.0,en-GB,
youtube#video,1zwa-Df1Cbdp6pabiMZfCUK5v2k,K6YaLfUrUvI,2019-03-26T13:33:15Z,UCiWnFXbAEhYiS4X_vgchLTQ,"Aquaman Bloopers, B-Roll, & Behind the Scenes - Jason Momoa & Amber Heard","Aquaman #Bloopers, B-Roll, & Behind the Scenes - #Jason Momoa & #Amber Heard",https://i.ytimg.com/vi/K6YaLfUrUvI/default.jpg,120,90,https://i.ytimg.com/vi/K6YaLfUrUvI/mqdefault.jpg,320,180,https://i.ytimg.com/vi/K6YaLfUrUvI/hqdefault.jpg,480,360,https://i.ytimg.com/vi/K6YaLfUrUvI/sddefault.jpg,640.0,480.0,Secret Bloopers,,22,none,"Aquaman Bloopers, B-Roll, & Behind the Scenes - Jason Momoa & Amber Heard","Aquaman #Bloopers, B-Roll, & Behind the Scenes - #Jason Momoa & #Amber Heard",PT7M42S,2d,hd,false,False,rectangular,processed,public,youtube,True,True,False,12,0,0,0,https://i.ytimg.com/vi/K6YaLfUrUvI/maxresdefault.jpg,1280.0,720.0,,
youtube#video,tOOU3lmgDQC93FYWuji1C28Re4w,KHCeRfeMUF8,2019-01-07T15:22:05Z,UCY72YvbCxBlC1qQrGp7AcAw,Amber Heard,"Amber Heard joins to play a round of 'Fishing for Answers.' She talks about joining the cast of 'Aquaman,' Nicole Kidman, and more.",https://i.ytimg.com/vi/KHCeRfeMUF8/default.jpg,120,90,https://i.ytimg.com/vi/KHCeRfeMUF8/mqdefault.jpg,320,180,https://i.ytimg.com/vi/KHCeRfeMUF8/hqdefault.jpg,480,360,https://i.ytimg.com/vi/KHCeRfeMUF8/sddefault.jpg,640.0,480.0,Miss you TV,,22,none,Amber Heard,"Amber Heard joins to play a round of 'Fishing for Answers.' She talks about joining the cast of 'Aquaman,' Nicole Kidman, and more.",PT3M1S,2d,hd,false,False,rectangular,processed,public,youtube,True,True,False,12,0,0,0,https://i.ytimg.com/vi/KHCeRfeMUF8/maxresdefault.jpg,1280.0,720.0,,
youtube#video,nv-P3NR-G3nVxck6TSNusJ-4-ik,m6Pp4jgWRn0,2021-09-20T14:00:44Z,UCxpUytMgsm3dHujUkbIOGkA,Amber heard | Aquaman | Whatsapp status üî•‚ù§Ô∏è #shorts,#aquaman #shorts,https://i.ytimg.com/vi/m6Pp4jgWRn0/default.jpg,120,90,https://i.ytimg.com/vi/m6Pp4jgWRn0/mqdefault.jpg,320,180,https://i.ytimg.com/vi/m6Pp4jgWRn0/hqdefault.jpg,480,360,https://i.ytimg.com/vi/m6Pp4jgWRn0/sddefault.jpg,640.0,480.0,AsylumX,,22,none,Amber heard | Aquaman | Whatsapp status üî•‚ù§Ô∏è #shorts,#aquaman #shorts,PT20S,2d,hd,false,False,rectangular,processed,public,youtube,True,True,False,4,1,0,0,https://i.ytimg.com/vi/m6Pp4jgWRn0/maxresdefault.jpg,1280.0,720.0,,
youtube#video,hhqGymAS2TavBHVeDSc-1xFXQ3g,nHzhX_XELxs,2018-11-30T20:46:47Z,UCDESfULxt4svxYG4mLKHUig,"Aquaman   Official Final Trailer 2019   Jason Momoa, Amber Heard Movie",,https://i.ytimg.com/vi/nHzhX_XELxs/default.jpg,120,90,https://i.ytimg.com/vi/nHzhX_XELxs/mqdefault.jpg,320,180,https://i.ytimg.com/vi/nHzhX_XELxs/hqdefault.jpg,480,360,https://i.ytimg.com/vi/nHzhX_XELxs/sddefault.jpg,640.0,480.0,Mr. ALI,,22,none,"Aquaman   Official Final Trailer 2019   Jason Momoa, Amber Heard Movie",,PT2M42S,2d,hd,false,False,rectangular,processed,public,youtube,True,True,False,3,0,0,0,https://i.ytimg.com/vi/nHzhX_XELxs/maxresdefault.jpg,1280.0,720.0,,
youtube#video,DDPpdzzGgxzjhlHHk-j1AlE3vO0,Nr_htzoM7G0,2021-04-28T08:29:14Z,UCeg5cWfqQSMjXDyaNaQjHuw,"AQUAMAN 2 [2022] Teaser Trailer JASON MOMOA, AMBER HEARD [ Fan made ]","Directed by:
 James Wan
Starring:
 Jason Momoa, Amber Heard, Patrick Wilson, Yahya Abdul-Mateen II, Temuera Morrison
Opening on:
 December 16, 2022

James Wan returns to the director‚Äôs chair for another go at the world of Atlantis and the DC superhero Aquaman (Jason Momoa), who will be joined by Amber Heard (Mera), Patrick Wilson (Ocean Master), and Yahya Abdul-Mateen II (Black Manta). No other details about the film are available as of yet.

Pls support my YouTube channel
For more epic movie trailer.
And don't forget to click notification üîî for more.",https://i.ytimg.com/vi/Nr_htzoM7G0/default.jpg,120,90,https://i.ytimg.com/vi/Nr_htzoM7G0/mqdefault.jpg,320,180,https://i.ytimg.com/vi/Nr_htzoM7G0/hqdefault.jpg,480,360,https://i.ytimg.com/vi/Nr_htzoM7G0/sddefault.jpg,640.0,480.0,ONEmedia,,22,none,"AQUAMAN 2 [2022] Teaser Trailer JASON MOMOA, AMBER HEARD [ Fan made ]","Directed by:
 James Wan
Starring:
 Jason Momoa, Amber Heard, Patrick Wilson, Yahya Abdul-Mateen II, Temuera Morrison
Opening on:
 December 16, 2022

James Wan returns to the director‚Äôs chair for another go at the world of Atlantis and the DC superhero Aquaman (Jason Momoa), who will be joined by Amber Heard (Mera), Patrick Wilson (Ocean Master), and Yahya Abdul-Mateen II (Black Manta). No other details about the film are available as of yet.

Pls support my YouTube channel
For more epic movie trailer.
And don't forget to click notification üîî for more.",PT2M6S,2d,hd,false,False,rectangular,processed,public,youtube,True,True,False,11,1,0,1,https://i.ytimg.com/vi/Nr_htzoM7G0/maxresdefault.jpg,1280.0,720.0,,
youtube#video,HtWtyNLnbFLK4sTZd8z7MDJ6pMc,o-JDjF7PMtc,2021-11-14T19:16:44Z,UCp8uge5V52x-D3NfTJu5w7g,"Amber Heard fan, Please like and subscribe üíóüíóüíó","Hello guys if you are Amber Heard fans don't forget to like subscribe and share, Thank you üíó‚ù§Ô∏è",https://i.ytimg.com/vi/o-JDjF7PMtc/default.jpg,120,90,https://i.ytimg.com/vi/o-JDjF7PMtc/mqdefault.jpg,320,180,https://i.ytimg.com/vi/o-JDjF7PMtc/hqdefault.jpg,480,360,https://i.ytimg.com/vi/o-JDjF7PMtc/sddefault.jpg,640.0,480.0,AMBER HEARD FANSS üíó,,22,none,"Amber Heard fan, Please like and subscribe üíóüíóüíó","Hello guys if you are Amber Heard fans don't forget to like subscribe and share, Thank you üíó‚ù§Ô∏è",PT2M57S,2d,hd,false,False,rectangular,processed,public,youtube,True,True,True,17,8,0,0,https://i.ytimg.com/vi/o-JDjF7PMtc/maxresdefault.jpg,1280.0,720.0,,
youtube#video,lrYhackybzVm55z6kFy_mGZpfpo,O4Nh95-H2vg,2021-04-28T17:12:50Z,UCH-hUrU9M-cBROd6CvskhkQ,"Aquaman 2 - Trailer (Official), New Movie 2022(HD) - Jason Mamoa, Amber Heard","Subscribe Our YouTube Channel For More Videos....

#Newmovie  #officialtrailer  #2022






Dubai City Tour - UAEüá¶üá™4K - Best Visit Places

https://youtu.be/XYRW0BWKTpg

------------------
[IMORTANT NOTICE] : 
These All Things Are Copyrighted. We Just Edited And Published To Audience For Entertainment Purpose Only..
------------------


Share , Like , Follow And Don't Forget To Subscribeüëç

Click The Bell Icon For Latest Videosüîî",https://i.ytimg.com/vi/O4Nh95-H2vg/default.jpg,120,90,https://i.ytimg.com/vi/O4Nh95-H2vg/mqdefault.jpg,320,180,https://i.ytimg.com/vi/O4Nh95-H2vg/hqdefault.jpg,480,360,https://i.ytimg.com/vi/O4Nh95-H2vg/sddefault.jpg,640.0,480.0,Ss Records,"['Newmovie', 'officialtrailer', '2022']",10,none,"Aquaman 2 - Trailer (Official), New Movie 2022(HD) - Jason Mamoa, Amber Heard","Subscribe Our YouTube Channel For More Videos....

#Newmovie  #officialtrailer  #2022






Dubai City Tour - UAEüá¶üá™4K - Best Visit Places

https://youtu.be/XYRW0BWKTpg

------------------
[IMORTANT NOTICE] : 
These All Things Are Copyrighted. We Just Edited And Published To Audience For Entertainment Purpose Only..
------------------


Share , Like , Follow And Don't Forget To Subscribeüëç

Click The Bell Icon For Latest Videosüîî",PT1M59S,2d,hd,false,False,rectangular,processed,public,creativeCommon,True,True,False,41,2,0,2,https://i.ytimg.com/vi/O4Nh95-H2vg/maxresdefault.jpg,1280.0,720.0,,
youtube#video,WBl72jaSk3qSF24KptTHofsE-Kg,Oh38BNiOG8o,2021-09-18T04:43:13Z,UCuG6DuAlxiwin8Tsn6S6aNA,Amber Heard status || #aquaman #shorts #amberheard,#best #short #amazing #cute #youtubeshort #shorts #amber #amberheard #aquaman #dc #hollywood #hollywoodmovies #tom #trending #viral #badgirl #cutegirl #girlstatus #girl #awesome,https://i.ytimg.com/vi/Oh38BNiOG8o/default.jpg,120,90,https://i.ytimg.com/vi/Oh38BNiOG8o/mqdefault.jpg,320,180,https://i.ytimg.com/vi/Oh38BNiOG8o/hqdefault.jpg,480,360,,,,random world,"['YouTube short', 'best', 'amazing', 'shorts', 'amber Heard status', 'aquaman', 'best of amber Heard', 'best of aquaman', 'trending', 'viral']",22,none,Amber Heard status || #aquaman #shorts #amberheard,#best #short #amazing #cute #youtubeshort #shorts #amber #amberheard #aquaman #dc #hollywood #hollywoodmovies #tom #trending #viral #badgirl #cutegirl #girlstatus #girl #awesome,PT1M,2d,hd,false,False,rectangular,processed,public,youtube,True,True,False,19,4,0,1,,,,,
youtube#video,6PpuVXniSP-A1EfFE_dLu5J9smY,OubpnuMCX78,2018-12-02T14:48:48Z,UCJjAVv-S985wjrYd-DOXP-g,"AQUAMAN Trailer 2018 Jason Momoa, Amber Heard and Nikole Kidman","AQUAMAN Trailer 2018 Jason Momoa, Amber Heard and Nikole Kidman",https://i.ytimg.com/vi/OubpnuMCX78/default.jpg,120,90,https://i.ytimg.com/vi/OubpnuMCX78/mqdefault.jpg,320,180,https://i.ytimg.com/vi/OubpnuMCX78/hqdefault.jpg,480,360,,,,Cinema Trailer4U,"['aquaman cast', 'aquaman movie', 'aquaman 2018', 'aquaman 2017', 'aquaman release date', 'aquaman trailer', 'aquaman full movie', 'aquaman movie 2018', 'DC Comics', 'DC Extended Universe']",22,none,"AQUAMAN Trailer 2018 Jason Momoa, Amber Heard and Nikole Kidman","AQUAMAN Trailer 2018 Jason Momoa, Amber Heard and Nikole Kidman",PT2M24S,2d,hd,false,False,rectangular,processed,public,youtube,True,True,False,7,0,0,0,,,,,
youtube#video,AG4b4pXjDbBkmkolmefNWjAq7rs,p1zRPwGD5r0,2021-09-07T13:25:00Z,UCgVD8e0e3NZVCiuZ62wPWYA,Hollywood üòçCrush ü•∞Amber Heardü•∞ Whatsapp status #hollywood #shorts #DC #Aquaman,,https://i.ytimg.com/vi/p1zRPwGD5r0/default.jpg,120,90,https://i.ytimg.com/vi/p1zRPwGD5r0/mqdefault.jpg,320,180,https://i.ytimg.com/vi/p1zRPwGD5r0/hqdefault.jpg,480,360,https://i.ytimg.com/vi/p1zRPwGD5r0/sddefault.jpg,640.0,480.0,TN57 Editz,,1,none,Hollywood üòçCrush ü•∞Amber Heardü•∞ Whatsapp status #hollywood #shorts #DC #Aquaman,,PT32S,2d,hd,false,False,rectangular,processed,public,youtube,True,True,False,15,9,0,0,,,,en-IN,
youtube#video,nEnw5lcKoOCPLPhXc3df9YSOLI0,QLNYBCFIRQE,2021-12-24T10:10:38Z,UC2ygnnaaFpKZ9LbNUgO_LYw,Amber Heard ‚ù§Ô∏è 4K HD Full Screen 60FPS WhatsApp Status || Mera || Aquaman || üòä#Shorts,,https://i.ytimg.com/vi/QLNYBCFIRQE/default.jpg,120,90,https://i.ytimg.com/vi/QLNYBCFIRQE/mqdefault.jpg,320,180,https://i.ytimg.com/vi/QLNYBCFIRQE/hqdefault.jpg,480,360,https://i.ytimg.com/vi/QLNYBCFIRQE/sddefault.jpg,640.0,480.0,Pok√©mon Gamer,,22,none,Amber Heard ‚ù§Ô∏è 4K HD Full Screen 60FPS WhatsApp Status || Mera || Aquaman || üòä#Shorts,,PT1M,2d,hd,false,False,rectangular,processed,public,youtube,True,True,False,11,1,0,0,https://i.ytimg.com/vi/QLNYBCFIRQE/maxresdefault.jpg,1280.0,720.0,,
youtube#video,fZ7BOg56BJRuOW4kCJpnTs2cQ4E,qzcEEjaVo7Y,2021-10-05T01:52:09Z,UCC39OYpZXcy3tLB9gC4Obcg,Mera | Aquaman | Amber Heard | DC | status | #shorts,Thanks for watching,https://i.ytimg.com/vi/qzcEEjaVo7Y/default.jpg,120,90,https://i.ytimg.com/vi/qzcEEjaVo7Y/mqdefault.jpg,320,180,https://i.ytimg.com/vi/qzcEEjaVo7Y/hqdefault.jpg,480,360,https://i.ytimg.com/vi/qzcEEjaVo7Y/sddefault.jpg,640.0,480.0,Ajay Joy,"['Mera', 'Aquaman', 'DC', 'Status', 'Whatsappstatus', 'shorts']",24,none,Mera | Aquaman | Amber Heard | DC | status | #shorts,Thanks for watching,PT40S,2d,hd,false,False,rectangular,processed,public,youtube,True,True,False,14,4,0,0,https://i.ytimg.com/vi/qzcEEjaVo7Y/maxresdefault.jpg,1280.0,720.0,en,
youtube#video,kAra1k762L6gAqdZhYsZSnjeL38,RKTaOh1sLco,2021-10-11T09:04:53Z,UCJaKYZj4t4GhwO5_ZTt98Fg,Aquaman | Mera | Amber Heard best Cute Moments | Short Video 4k 60fps #Shorts,,https://i.ytimg.com/vi/RKTaOh1sLco/default.jpg,120,90,https://i.ytimg.com/vi/RKTaOh1sLco/mqdefault.jpg,320,180,https://i.ytimg.com/vi/RKTaOh1sLco/hqdefault.jpg,480,360,,,,MKB STATUS,,22,none,Aquaman | Mera | Amber Heard best Cute Moments | Short Video 4k 60fps #Shorts,,PT29S,2d,hd,false,False,rectangular,processed,public,youtube,True,True,False,11,3,0,0,,,,,
youtube#video,3ZL4hYUy30NvVXL9pihSUKHKAVA,so6olWEItvE,2021-10-30T12:28:11Z,UCIBuqZztmYUxmft2K8ZqrYA,Amber Heard whatsapp status,,https://i.ytimg.com/vi/so6olWEItvE/default.jpg,120,90,https://i.ytimg.com/vi/so6olWEItvE/mqdefault.jpg,320,180,https://i.ytimg.com/vi/so6olWEItvE/hqdefault.jpg,480,360,https://i.ytimg.com/vi/so6olWEItvE/sddefault.jpg,640.0,480.0,ShortVerse,,22,none,Amber Heard whatsapp status,,PT38S,2d,hd,false,False,rectangular,processed,public,youtube,True,True,False,55,9,0,0,https://i.ytimg.com/vi/so6olWEItvE/maxresdefault.jpg,1280.0,720.0,,
youtube#video,YGJRLxgh_CuGN7x_u-v_oB39CWI,S_xS6TIWJxg,2021-11-03T03:47:45Z,UCHmVCLxkxQFtibcn43BlzRg,Aquaman [Amber Heard]#shorts #aquamen #justice,,https://i.ytimg.com/vi/S_xS6TIWJxg/default.jpg,120,90,https://i.ytimg.com/vi/S_xS6TIWJxg/mqdefault.jpg,320,180,https://i.ytimg.com/vi/S_xS6TIWJxg/hqdefault.jpg,480,360,,,,Dream Official21,,1,none,Aquaman [Amber Heard]#shorts #aquamen #justice,,PT1M,2d,hd,false,False,rectangular,processed,public,youtube,True,True,False,38,3,0,0,,,,,
youtube#video,xoVEHcxdWW-Aux30G00E4CNKdgo,U1DGy5Q2DbY,2021-08-06T21:30:01Z,UCfqHCCQyZ_ERkS_MNXtNvHA,Amber Heard ‚ù§Ô∏è‚ù§Ô∏èAquaman üî•üî•mera vertical WhatsApp status video #Shorts,,https://i.ytimg.com/vi/U1DGy5Q2DbY/default.jpg,120,90,https://i.ytimg.com/vi/U1DGy5Q2DbY/mqdefault.jpg,320,180,https://i.ytimg.com/vi/U1DGy5Q2DbY/hqdefault.jpg,480,360,https://i.ytimg.com/vi/U1DGy5Q2DbY/sddefault.jpg,640.0,480.0,Back 2 Back,,22,none,Amber Heard ‚ù§Ô∏è‚ù§Ô∏èAquaman üî•üî•mera vertical WhatsApp status video #Shorts,,PT26S,2d,hd,false,False,rectangular,processed,public,youtube,True,True,False,11,2,0,0,https://i.ytimg.com/vi/U1DGy5Q2DbY/maxresdefault.jpg,1280.0,720.0,,
youtube#video,PRLCNOrqzWOE1owTCj_Q57DxzhI,v29CzRD3FDo,2021-08-08T00:09:33Z,UC0jTw1uPnJ7SMFXbQ5nAoIw,Aquaman VM | Hawayein #amberheard #jasonmomoa #aquaman #hawayein,,https://i.ytimg.com/vi/v29CzRD3FDo/default.jpg,120,90,https://i.ytimg.com/vi/v29CzRD3FDo/mqdefault.jpg,320,180,https://i.ytimg.com/vi/v29CzRD3FDo/hqdefault.jpg,480,360,https://i.ytimg.com/vi/v29CzRD3FDo/sddefault.jpg,640.0,480.0,Lost in Caption,,22,none,Aquaman VM | Hawayein #amberheard #jasonmomoa #aquaman #hawayein,,PT44S,2d,hd,false,False,rectangular,processed,public,youtube,True,True,True,9,0,0,0,,,,,
youtube#video,MKMFCMinIFiINeW9YWVo727hXdg,wC6WjeikUjg,2020-04-11T11:45:27Z,UCM25JxE5Zhw2HIK0TsaTPmA,#aquaman #amberheard#lastfight. Movie :- Aquaman 2018 ; Last Fight Scene.,"Half-human, half-Atlantean Arthur is born with the ability to communicate with marine creatures. He goes on a quest to retrieve the legendary Trident of Atlan and protect the water world.

APP LINK :- 

Play games and earn Paytm cash!

üî•Install MiniJoy + upto ‚Çπ51üî•
üí∞Per invite + ‚Çπ39 üí∞
üòçGrab ‚Çπ500 dailyüòç
üíµMin withdrawal: ‚Çπ1üíµüí∂üí∂üí∂üí∂üí∂üí∑üí∑üí∑üí∑üí∑üí∑üí∑üí∑üíµüíµüíµüíµüíµüíµüíµüíµüíµüíµüíµüíµüíµüíµüíµ

The sooner you join, the more you earnÔºÅüí∞
üëáüëáüëáüëáüëá

https://minijoy.page.link/hcRCd
My invite code: XQ8JP9

Please subscribe this channel and press the notification bell for more interesting videos. 

Like and share this video more and more. Thanks for watching.",https://i.ytimg.com/vi/wC6WjeikUjg/default.jpg,120,90,https://i.ytimg.com/vi/wC6WjeikUjg/mqdefault.jpg,320,180,https://i.ytimg.com/vi/wC6WjeikUjg/hqdefault.jpg,480,360,,,,IronClips 4K,,1,none,#aquaman #amberheard#lastfight. Movie :- Aquaman 2018 ; Last Fight Scene.,"Half-human, half-Atlantean Arthur is born with the ability to communicate with marine creatures. He goes on a quest to retrieve the legendary Trident of Atlan and protect the water world.

APP LINK :- 

Play games and earn Paytm cash!

üî•Install MiniJoy + upto ‚Çπ51üî•
üí∞Per invite + ‚Çπ39 üí∞
üòçGrab ‚Çπ500 dailyüòç
üíµMin withdrawal: ‚Çπ1üíµüí∂üí∂üí∂üí∂üí∂üí∑üí∑üí∑üí∑üí∑üí∑üí∑üí∑üíµüíµüíµüíµüíµüíµüíµüíµüíµüíµüíµüíµüíµüíµüíµ

The sooner you join, the more you earnÔºÅüí∞
üëáüëáüëáüëáüëá

https://minijoy.page.link/hcRCd
My invite code: XQ8JP9

Please subscribe this channel and press the notification bell for more interesting videos. 

Like and share this video more and more. Thanks for watching.",PT1M23S,2d,sd,false,False,rectangular,processed,public,youtube,True,True,False,7,1,0,0,,,,,
youtube#video,ITDGlYlQwSe3Mep29lqaAmDRknc,WWK5pmXF2e0,2020-12-20T06:55:52Z,UCk5ekEB71-yUMrbnxjKexjA,Aquaman | Amber heard,"PLEASE READ

I don't own the audio and picture. The credits go to the respective owners This video is purely fan-made and will not be used for profit or illegal sharing.

Copyright disclaimer:

""Copyright Disclaimer Under Section 107 of the Copyright Act 1976. allowance is made for ""fair use for purposes such as criticism, comment news reporting, eaching, scholarship and research. Fair use is a use permitted by copyright staute that might otherwise be iniringing.""",https://i.ytimg.com/vi/WWK5pmXF2e0/default.jpg,120,90,https://i.ytimg.com/vi/WWK5pmXF2e0/mqdefault.jpg,320,180,https://i.ytimg.com/vi/WWK5pmXF2e0/hqdefault.jpg,480,360,https://i.ytimg.com/vi/WWK5pmXF2e0/sddefault.jpg,640.0,480.0,Chandru's Wonder World,,22,none,Aquaman | Amber heard,"PLEASE READ

I don't own the audio and picture. The credits go to the respective owners This video is purely fan-made and will not be used for profit or illegal sharing.

Copyright disclaimer:

""Copyright Disclaimer Under Section 107 of the Copyright Act 1976. allowance is made for ""fair use for purposes such as criticism, comment news reporting, eaching, scholarship and research. Fair use is a use permitted by copyright staute that might otherwise be iniringing.""",PT37S,2d,hd,false,False,rectangular,processed,public,youtube,True,True,False,27,4,0,0,https://i.ytimg.com/vi/WWK5pmXF2e0/maxresdefault.jpg,1280.0,720.0,,
youtube#video,qwhDtERTONigmHOnzQuconVdjpY,ZD8bA5tV9XA,2021-11-07T11:38:50Z,UCi_VIBeJEybUGetsmTFn3lg,‚ù§Ô∏èone of the favourite kissing scene üòªüòç‚ù§Ô∏è#aquaman #dc #dccomics #aquaman #amberheard #shorts #status,,https://i.ytimg.com/vi/ZD8bA5tV9XA/default.jpg,120,90,https://i.ytimg.com/vi/ZD8bA5tV9XA/mqdefault.jpg,320,180,https://i.ytimg.com/vi/ZD8bA5tV9XA/hqdefault.jpg,480,360,https://i.ytimg.com/vi/ZD8bA5tV9XA/sddefault.jpg,640.0,480.0,Neha Prajapati,,22,none,‚ù§Ô∏èone of the favourite kissing scene üòªüòç‚ù§Ô∏è#aquaman #dc #dccomics #aquaman #amberheard #shorts #status,,PT2M56S,2d,hd,false,False,rectangular,processed,public,youtube,True,True,False,23,3,0,0,https://i.ytimg.com/vi/ZD8bA5tV9XA/maxresdefault.jpg,1280.0,720.0,,
youtube#video,EyE-3z1YdCby8q_FS-dGm3CCEKk,zqKmZTWRG2I,2021-10-04T10:46:47Z,UCDx94U8zVhzXNIrtDpY7vkg,Aquaman and Ambar Heard #amberheard #aquaman #status  #shorts,#aquaman #amberheard #status #fullscreen #shorts #shortvideo,https://i.ytimg.com/vi/zqKmZTWRG2I/default.jpg,120,90,https://i.ytimg.com/vi/zqKmZTWRG2I/mqdefault.jpg,320,180,https://i.ytimg.com/vi/zqKmZTWRG2I/hqdefault.jpg,480,360,https://i.ytimg.com/vi/zqKmZTWRG2I/sddefault.jpg,640.0,480.0,My Joke,,1,none,Aquaman and Ambar Heard #amberheard #aquaman #status  #shorts,#aquaman #amberheard #status #fullscreen #shorts #shortvideo,PT30S,2d,hd,false,False,rectangular,processed,public,youtube,True,True,False,197,12,0,0,https://i.ytimg.com/vi/zqKmZTWRG2I/maxresdefault.jpg,1280.0,720.0,zxx,
youtube#video,KSPlnhb3rM-tnsTqGxlsiQFj7qA,ZYWEtgQyDjA,2021-08-23T23:32:22Z,UCFskFTx2sFppVxsP0Dh2s8w,#16 Johnny Depp Justice & Amber Heard being allegedly fired from Aquaman 2,"This is episode is sponsored by Anchor.fm.

Anchor: http://bit.ly/37kdpN8
Apple Podcast: http://apple.co/3gSfS4S
Breaker: https://www.breaker.audio/bourey-weird-podcast-1
Deezer: http://bit.ly/3oVaz7u
Castbox: http://bit.ly/3qXRK5c
Google Podcast: http://bit.ly/3gPKOm5
Instagram: https://bit.ly/3mkQ0jc
Pocketcasts: https://pca.st/evc2qe3s
RadioPublic: https://radiopublic.com/bourey-weird-podcast-60yANN
Spotify: http://spoti.fi/3adrvSA

Please subscribe to this channel for more episodes of the Bourey Weird Podcast

*Disclaimer:
It is prohibited to reuse or replicate the podcast video clips without permission. Therefore you have no permission to reuse or replicate the podcast video clips of this channel.",https://i.ytimg.com/vi/ZYWEtgQyDjA/default.jpg,120,90,https://i.ytimg.com/vi/ZYWEtgQyDjA/mqdefault.jpg,320,180,https://i.ytimg.com/vi/ZYWEtgQyDjA/hqdefault.jpg,480,360,https://i.ytimg.com/vi/ZYWEtgQyDjA/sddefault.jpg,640.0,480.0,Bourey Weird Podcast,"['podcast', 'podcaster', 'podcast now', 'podcast spotify', 'spotify podcast', 'apple podcast', 'podcast on apple', 'podcast on spotify', 'amber heard johnny depp', 'amber heard apology video', 'amber heard johnny', 'johnny depp amber heard', 'johnny depp amber', 'johnny depp amber heard fight', 'johnny depp amber fight', 'justice for johnny depp', 'justice johnny depp', 'amber heard aquaman', 'amber heard court', 'amber heard court case', 'nelk boys podcast', 'the full send podcast', 'ouvir podcast']",23,none,#16 Johnny Depp Justice & Amber Heard being allegedly fired from Aquaman 2,"This is episode is sponsored by Anchor.fm.

Anchor: http://bit.ly/37kdpN8
Apple Podcast: http://apple.co/3gSfS4S
Breaker: https://www.breaker.audio/bourey-weird-podcast-1
Deezer: http://bit.ly/3oVaz7u
Castbox: http://bit.ly/3qXRK5c
Google Podcast: http://bit.ly/3gPKOm5
Instagram: https://bit.ly/3mkQ0jc
Pocketcasts: https://pca.st/evc2qe3s
RadioPublic: https://radiopublic.com/bourey-weird-podcast-60yANN
Spotify: http://spoti.fi/3adrvSA

Please subscribe to this channel for more episodes of the Bourey Weird Podcast

*Disclaimer:
It is prohibited to reuse or replicate the podcast video clips without permission. Therefore you have no permission to reuse or replicate the podcast video clips of this channel.",PT1H26M27S,2d,hd,false,False,rectangular,processed,public,youtube,True,True,False,9,1,0,2,https://i.ytimg.com/vi/ZYWEtgQyDjA/maxresdefault.jpg,1280.0,720.0,en-US,en-US
