kind,etag,id,snippet.publishedAt,snippet.channelId,snippet.title,snippet.description,snippet.thumbnails.default.url,snippet.thumbnails.default.width,snippet.thumbnails.default.height,snippet.thumbnails.medium.url,snippet.thumbnails.medium.width,snippet.thumbnails.medium.height,snippet.thumbnails.high.url,snippet.thumbnails.high.width,snippet.thumbnails.high.height,snippet.thumbnails.standard.url,snippet.thumbnails.standard.width,snippet.thumbnails.standard.height,snippet.channelTitle,snippet.categoryId,snippet.liveBroadcastContent,snippet.localized.title,snippet.localized.description,contentDetails.duration,contentDetails.dimension,contentDetails.definition,contentDetails.caption,contentDetails.licensedContent,contentDetails.projection,status.uploadStatus,status.privacyStatus,status.license,status.embeddable,status.publicStatsViewable,status.madeForKids,statistics.viewCount,statistics.likeCount,statistics.favoriteCount,statistics.commentCount,snippet.tags,snippet.defaultAudioLanguage,snippet.thumbnails.maxres.url,snippet.thumbnails.maxres.width,snippet.thumbnails.maxres.height,snippet.defaultLanguage
youtube#video,5dl_IlpYF3xj3dgsLxvqKUyUtR0,4HoprY8a6gQ,2021-07-12T11:24:37Z,UCGjLfsN2Zpyy4z8ESMgMdWA,Amber Heard's Head Bashed,"There are a lot of reasons for me to like Jesse Eisenberg. However, the most important reason is that once upon Zombieland he bashed Amber Heard's head repeatedly. Using a toilet lid.

Too bad it's only a movie. Needless to say, anyone who could do that in real life would be my hero.


#JusticeForJohnnyDepp
#AmberHeardLies
#AmberHeardDies
#Zombieland",https://i.ytimg.com/vi/4HoprY8a6gQ/default.jpg,120,90,https://i.ytimg.com/vi/4HoprY8a6gQ/mqdefault.jpg,320,180,https://i.ytimg.com/vi/4HoprY8a6gQ/hqdefault.jpg,480,360,https://i.ytimg.com/vi/4HoprY8a6gQ/sddefault.jpg,640.0,480.0,Edwin Hendra Kusuma,19,none,Amber Heard's Head Bashed,"There are a lot of reasons for me to like Jesse Eisenberg. However, the most important reason is that once upon Zombieland he bashed Amber Heard's head repeatedly. Using a toilet lid.

Too bad it's only a movie. Needless to say, anyone who could do that in real life would be my hero.


#JusticeForJohnnyDepp
#AmberHeardLies
#AmberHeardDies
#Zombieland",PT2M35S,2d,hd,false,False,rectangular,processed,public,youtube,True,True,False,41,2,0,1,,,,,,
youtube#video,DwqN3E7wPKHbvJm1R59HdeOIxy0,4TikDNTmEto,2021-09-16T05:08:38Z,UCynYhBbW-yTxYp5wkvifeHg,AQUAMAN - AMBER HEARD MASHUP âœ¨ 1080P FOR BEST EXPERIENCE âœ¨ WHITEMOUSE âœ¨ EMMAWATSON âœ¨,"SUBSCRIBE TO OUR CHANNEL âœ¨
LIKE OUR VIDEOS âœ¨
SHARE OUR VIDEOS âœ¨
SAVE TREES ğŸŒ² SAVE NATURE âœ¨
STAY HOME âœ¨ STAY SAFE âœ¨",https://i.ytimg.com/vi/4TikDNTmEto/default.jpg,120,90,https://i.ytimg.com/vi/4TikDNTmEto/mqdefault.jpg,320,180,https://i.ytimg.com/vi/4TikDNTmEto/hqdefault.jpg,480,360,https://i.ytimg.com/vi/4TikDNTmEto/sddefault.jpg,640.0,480.0,WHITEMOUSE,24,none,AQUAMAN - AMBER HEARD MASHUP âœ¨ 1080P FOR BEST EXPERIENCE âœ¨ WHITEMOUSE âœ¨ EMMAWATSON âœ¨,"SUBSCRIBE TO OUR CHANNEL âœ¨
LIKE OUR VIDEOS âœ¨
SHARE OUR VIDEOS âœ¨
SAVE TREES ğŸŒ² SAVE NATURE âœ¨
STAY HOME âœ¨ STAY SAFE âœ¨",PT21S,2d,hd,false,False,rectangular,processed,public,youtube,True,True,False,7,2,0,0,"['AMBER HEARD', 'AQUAMAN', 'AUTHOR', 'MEERA', 'SILICY', 'HERO', 'WATER', 'FISH', 'WATERFISH', 'COUN', 'LOVE', 'RED HAIR', 'COLOURING', 'STYLE', 'ROSE', 'EMMAWATSON', 'WHITEMOUSE', 'NARESHKUMAR', 'AKASH', 'EMMACHARLOTTEDUERREWATSON', 'ENGLISH SONGS', ""BEST QUALITY WHAT'S APP STATUS"", ""BEST WHAT'S APP STATUS"", 'MASHUP', 'BEST MASHUP', '1080P VIDEO', ""1080P WHAT'S APP STATUS"", '4K VIDEO', ""4K WHAT'S APP STATUS"", 'BHM', ""WHAT'S APP STATUS"", 'STATUS', 'THUMBNAIL', 'NO COPYRIGHT', 'APPLE IPHONE', 'MR DOCTOR', 'SONGS', 'I LOVE YOU CHRISTLIN SIMYRNA', 'I LOVE YOU DEEPIKA SQUARE']",en-IN,,,,
youtube#video,EH9EHraKg6GoEmOzk_MM8kiCNsE,8D7UcazxZGA,2018-11-06T15:23:21Z,UCKpsOpJG_8uoAS2gusco1Lg,"#AquamanÂ #JasonMomoaÂ #AmberHeard
Aquaman TV Spot - Attitude (2018) |Â Trailer Bug","US Release Date: December 21, 2018 Starring: Jason Momoa, Amber Heard, Nicole Kidman Directed By: James Wan Synopsis: Arthur Curry learns that he is the heir to the underwater kingdom of Atlantis, and must step forward to lead his people and to be a hero to the world.",https://i.ytimg.com/vi/8D7UcazxZGA/default.jpg,120,90,https://i.ytimg.com/vi/8D7UcazxZGA/mqdefault.jpg,320,180,https://i.ytimg.com/vi/8D7UcazxZGA/hqdefault.jpg,480,360,https://i.ytimg.com/vi/8D7UcazxZGA/sddefault.jpg,640.0,480.0,Trailer Bug,1,none,"#AquamanÂ #JasonMomoaÂ #AmberHeard
Aquaman TV Spot - Attitude (2018) |Â Trailer Bug","US Release Date: December 21, 2018 Starring: Jason Momoa, Amber Heard, Nicole Kidman Directed By: James Wan Synopsis: Arthur Curry learns that he is the heir to the underwater kingdom of Atlantis, and must step forward to lead his people and to be a hero to the world.",PT30S,2d,hd,false,False,rectangular,processed,public,youtube,True,True,True,37,7,0,0,,,https://i.ytimg.com/vi/8D7UcazxZGA/maxresdefault.jpg,1280.0,720.0,
youtube#video,5skgW27FbWSTQkS2VOi5M2wl2Kg,B4vuzg66Bl4,2021-03-19T18:52:16Z,UCcIkrQpRJmSEB3eI5CUuSkw,Amber Heard birthday whatsapp status | Amber Heard | Movie Weapons,"#amberheard #Amberheardstatus #Amberheardbirthdaystatus #amber #amberheardbirthdaywhatsappstatus
#actress #actresslife #actressğŸ¬ #actresshot #heroines #hero #actor #actorslife 
#comedy #comedyvideos #comedymemes #comedyclub  #comedyvideo #comedyshow     #jokerquotes  #jokesğŸ˜‚ #telugucomedy #telugumemes #romantic #romanticstatus #love #romance #status #whatsappstatus
#telugufunnymemes 
 #malayalamcinema #tamilcomedy #tamiljokes   #tamilcomedymemes
@comedytelugutom
@comedycentral @_tamil_comedy_videos @tamilcimematopic @malayalamcomedytimes @_kannada_jokes_ @comedy.jokesofficial @funnyvtae @telugu_jokes_zone @telugucomedytrolls @telugu_comedy_videos @telugu_comedy_trolls @telugu.comedy",https://i.ytimg.com/vi/B4vuzg66Bl4/default.jpg,120,90,https://i.ytimg.com/vi/B4vuzg66Bl4/mqdefault.jpg,320,180,https://i.ytimg.com/vi/B4vuzg66Bl4/hqdefault.jpg,480,360,https://i.ytimg.com/vi/B4vuzg66Bl4/sddefault.jpg,640.0,480.0,MOVIE WEAPONS,1,none,Amber Heard birthday whatsapp status | Amber Heard | Movie Weapons,"#amberheard #Amberheardstatus #Amberheardbirthdaystatus #amber #amberheardbirthdaywhatsappstatus
#actress #actresslife #actressğŸ¬ #actresshot #heroines #hero #actor #actorslife 
#comedy #comedyvideos #comedymemes #comedyclub  #comedyvideo #comedyshow     #jokerquotes  #jokesğŸ˜‚ #telugucomedy #telugumemes #romantic #romanticstatus #love #romance #status #whatsappstatus
#telugufunnymemes 
 #malayalamcinema #tamilcomedy #tamiljokes   #tamilcomedymemes
@comedytelugutom
@comedycentral @_tamil_comedy_videos @tamilcimematopic @malayalamcomedytimes @_kannada_jokes_ @comedy.jokesofficial @funnyvtae @telugu_jokes_zone @telugucomedytrolls @telugu_comedy_videos @telugu_comedy_trolls @telugu.comedy",PT28S,2d,hd,false,False,rectangular,processed,public,youtube,True,True,False,185,4,0,0,"['Amber', 'Amber Heard', 'Amber birthday status', 'Amber Heard birthday status']",,https://i.ytimg.com/vi/B4vuzg66Bl4/maxresdefault.jpg,1280.0,720.0,
youtube#video,dprKyJExzkrc_UcXc56cTsu0ZZs,cCXoHBL9FhY,2015-03-20T17:25:02Z,UCfCwGfh8NxqNqtLEU2uhLgQ,8. Heart of a Hero - Amber Thompson & Friends,From Amber Thompson & Friends Album,https://i.ytimg.com/vi/cCXoHBL9FhY/default.jpg,120,90,https://i.ytimg.com/vi/cCXoHBL9FhY/mqdefault.jpg,320,180,https://i.ytimg.com/vi/cCXoHBL9FhY/hqdefault.jpg,480,360,https://i.ytimg.com/vi/cCXoHBL9FhY/sddefault.jpg,640.0,480.0,MÃºsica Para El Alma,10,none,8. Heart of a Hero - Amber Thompson & Friends,From Amber Thompson & Friends Album,PT3M15S,2d,hd,false,False,rectangular,processed,public,youtube,True,True,False,550,2,0,0,,,https://i.ytimg.com/vi/cCXoHBL9FhY/maxresdefault.jpg,1280.0,720.0,
youtube#video,XozpvxCgMcCdOKG_mvJDeRERqP0,dfNHorHjeJU,2020-11-04T17:46:25Z,UCJC50viKXjQTODJX7YLUGvw,"RESOLVED! HERE, WHO WILL REPLACE AMBER HEARD IN AQUAMAN 2","Amber Heard's involvement in Aquaman 2 is still unknown. 
But Warner Bros. studio is already looking for room for maneuver. 
Therefore, now we know who can replace Amber Heard in Aquaman 2.
Hey, everybody! You are on the FatRussianCat channel where we regularly talk about the most interesting, mysterious and amazing things related to the movie world. So now an interesting video will not pass by you, because you can see all the novelties of epic films on our channel. After all, we collect information about all new products and share it with you, make reviews, tops and much more, as regards the world movie and the television community. We invite you to join our big company of friends to have fun and informative time, or just learn about some new super hero film that may be is conquering the world of cinema right now. We grow and develop to make our content better exactly for you. So all those who love comics, Star Wars or just epic movies, join in!",https://i.ytimg.com/vi/dfNHorHjeJU/default.jpg,120,90,https://i.ytimg.com/vi/dfNHorHjeJU/mqdefault.jpg,320,180,https://i.ytimg.com/vi/dfNHorHjeJU/hqdefault.jpg,480,360,https://i.ytimg.com/vi/dfNHorHjeJU/sddefault.jpg,640.0,480.0,FatRussianCat,22,none,"RESOLVED! HERE, WHO WILL REPLACE AMBER HEARD IN AQUAMAN 2","Amber Heard's involvement in Aquaman 2 is still unknown. 
But Warner Bros. studio is already looking for room for maneuver. 
Therefore, now we know who can replace Amber Heard in Aquaman 2.
Hey, everybody! You are on the FatRussianCat channel where we regularly talk about the most interesting, mysterious and amazing things related to the movie world. So now an interesting video will not pass by you, because you can see all the novelties of epic films on our channel. After all, we collect information about all new products and share it with you, make reviews, tops and much more, as regards the world movie and the television community. We invite you to join our big company of friends to have fun and informative time, or just learn about some new super hero film that may be is conquering the world of cinema right now. We grow and develop to make our content better exactly for you. So all those who love comics, Star Wars or just epic movies, join in!",PT3M58S,2d,hd,false,False,rectangular,processed,public,youtube,True,True,False,13,5,0,4,"['johnny depp', 'johnny depp 2020', 'amber heard johnny depp', 'amber heard', 'amber heard interview', 'amber heard aquaman', 'aquaman trailer', 'aquaman 2', 'marvel', 'dc', 'dc fandome', 'dc movies', 'movie', 'film', 'new dc films', 'best dc movies', 'what to watch', 'dc cinematic universe', 'comics', 'comics marvel', 'dc trailer', 'what to watch 2020', 'spider-man', 'hulk', 'iron man', 'tony stark', 'wonder woman', 'batman', 'aquaman', 'joker', 'new movies', 'best movies', 'hollywood', 'captain america', 'shazam', 'best movies 2020', 'netflix']",,https://i.ytimg.com/vi/dfNHorHjeJU/maxresdefault.jpg,1280.0,720.0,
youtube#video,aY39tUcLv-Yy1_70XRxc9mcfSPw,GRMNi9Li1GY,2022-01-05T14:22:11Z,UChlvpkKzkI7UYJdd-tW8ewg,Amber Heard Allegedly Split From Girlfriend Bianca Butti #Amber_Heard #Bianca_Butti,"Title - Amber Heard Allegedly Split From Girlfriend Bianca Butti Because Johnny Depp Court Battle Took A Toll On Her

Video link - https://youtu.be/GRMNi9Li1GY

**************************************************
Amber Heard is allegedly feeling stressed because of her upcoming court hearing with Johnny Depp in April.
In its Jan. 10 issue, National Enquirer claimed that Heardâ€™s ongoing battle with her ex-husband has taken a toll on her relationship with Bianca Butti. As such, Heard decided to call it quits with the cinematographer.

â€œAmber isnâ€™t going to back down when it comes to Johnny. Sheâ€™s consumed with this battle. But between that and all her other responsibilities, itâ€™s really taking a toll,â€ the source said.

The insider also claimed that Heard has been very busy filming for Aquaman 2 in England thatâ€™s why she has not seen Butti for quite some time. This, plus the arrival of her new baby made it impossible for the couple to spend quality time together.

â€œAmberâ€™s been stretched to the limit with all the demands on her. Sheâ€™s working extremely long hours and doesnâ€™t like to rely on nannies if she can help it. But sheâ€™s running on empty â€“ especially since sheâ€™s living out of a suitcase half the time,â€ the source said.

The insider said that thereâ€™s no doubt that Heard and Butti loved each other deeply. However, now is just not the right time for the actress to be in a committed relationship. After all, there are just too many things going on in her life right now.

â€œAmber is going through so much with the court battle. It was really hard for her to be totally available to Bianca. Itâ€™s a sad and stressful time for Amber right now, especially with legal bills hitting her hard and knowing her ex has made it his lifeâ€™s mission to destroy her with everything heâ€™s got,â€ the source said.

Earlier this month, multiple publications revealed that Heard and Butti already called it quits. And most of them said that the exesâ€™ busy schedule and the fact that they were on different continents was one of the reasons why their love fizzled out, according to Daily Mail.

**************************************************
Email ğŸ”»
For general contact - three.thinker03@gmail.com
**************************************************
ğŸ¸ Related Tags: 
updated news,news 24,USA news,today news,all update news,lastest news,american news,update live news usa,today latest news,Hot news,news today,latest news,breakingnews,breaking news,Amber Heard,Bianca Butti,amber heard,johnny depp amber heard,amber heard johnny depp,johnny depp and amber heard,johnny depp,amber heard and girlfriend bianca butti,bianca butti,Amber Heard Allegedly Split From Girlfriend Bianca Butti
*************************************************
ğŸ‘‰Disclaimer : 
This video was created with the aim to educate and inspire its audience. 'USA Top News' does not own the video clips or the music, i.e. all rights are reserved to their respective owners. If the owner/s would like to get the music or video clips removed, I have no problem in doing so. Please contact me via e-mail [three.thinker03@gmail.com] and we will solve this accordingly.

(There is no negative impact on the original content) 

ğŸ‘‰Copyright Policy :

Copyright Disclaimer Under Section 107 of the Copyright Act 1976, allowance is made for ""fair use"" for purposes such as criticism, comment, news reporting, teaching, scholarship, and research. Fair use is a use permitted by copyright statute that might otherwise be infringing. Non-profit, educational or personal use tips the balance in favor of fair use.
***********************************************
Thank You ğŸ™ƒğŸ™ƒ",https://i.ytimg.com/vi/GRMNi9Li1GY/default.jpg,120,90,https://i.ytimg.com/vi/GRMNi9Li1GY/mqdefault.jpg,320,180,https://i.ytimg.com/vi/GRMNi9Li1GY/hqdefault.jpg,480,360,https://i.ytimg.com/vi/GRMNi9Li1GY/sddefault.jpg,640.0,480.0,USA Top News,25,none,Amber Heard Allegedly Split From Girlfriend Bianca Butti #Amber_Heard #Bianca_Butti,"Title - Amber Heard Allegedly Split From Girlfriend Bianca Butti Because Johnny Depp Court Battle Took A Toll On Her

Video link - https://youtu.be/GRMNi9Li1GY

**************************************************
Amber Heard is allegedly feeling stressed because of her upcoming court hearing with Johnny Depp in April.
In its Jan. 10 issue, National Enquirer claimed that Heardâ€™s ongoing battle with her ex-husband has taken a toll on her relationship with Bianca Butti. As such, Heard decided to call it quits with the cinematographer.

â€œAmber isnâ€™t going to back down when it comes to Johnny. Sheâ€™s consumed with this battle. But between that and all her other responsibilities, itâ€™s really taking a toll,â€ the source said.

The insider also claimed that Heard has been very busy filming for Aquaman 2 in England thatâ€™s why she has not seen Butti for quite some time. This, plus the arrival of her new baby made it impossible for the couple to spend quality time together.

â€œAmberâ€™s been stretched to the limit with all the demands on her. Sheâ€™s working extremely long hours and doesnâ€™t like to rely on nannies if she can help it. But sheâ€™s running on empty â€“ especially since sheâ€™s living out of a suitcase half the time,â€ the source said.

The insider said that thereâ€™s no doubt that Heard and Butti loved each other deeply. However, now is just not the right time for the actress to be in a committed relationship. After all, there are just too many things going on in her life right now.

â€œAmber is going through so much with the court battle. It was really hard for her to be totally available to Bianca. Itâ€™s a sad and stressful time for Amber right now, especially with legal bills hitting her hard and knowing her ex has made it his lifeâ€™s mission to destroy her with everything heâ€™s got,â€ the source said.

Earlier this month, multiple publications revealed that Heard and Butti already called it quits. And most of them said that the exesâ€™ busy schedule and the fact that they were on different continents was one of the reasons why their love fizzled out, according to Daily Mail.

**************************************************
Email ğŸ”»
For general contact - three.thinker03@gmail.com
**************************************************
ğŸ¸ Related Tags: 
updated news,news 24,USA news,today news,all update news,lastest news,american news,update live news usa,today latest news,Hot news,news today,latest news,breakingnews,breaking news,Amber Heard,Bianca Butti,amber heard,johnny depp amber heard,amber heard johnny depp,johnny depp and amber heard,johnny depp,amber heard and girlfriend bianca butti,bianca butti,Amber Heard Allegedly Split From Girlfriend Bianca Butti
*************************************************
ğŸ‘‰Disclaimer : 
This video was created with the aim to educate and inspire its audience. 'USA Top News' does not own the video clips or the music, i.e. all rights are reserved to their respective owners. If the owner/s would like to get the music or video clips removed, I have no problem in doing so. Please contact me via e-mail [three.thinker03@gmail.com] and we will solve this accordingly.

(There is no negative impact on the original content) 

ğŸ‘‰Copyright Policy :

Copyright Disclaimer Under Section 107 of the Copyright Act 1976, allowance is made for ""fair use"" for purposes such as criticism, comment, news reporting, teaching, scholarship, and research. Fair use is a use permitted by copyright statute that might otherwise be infringing. Non-profit, educational or personal use tips the balance in favor of fair use.
***********************************************
Thank You ğŸ™ƒğŸ™ƒ",PT2M40S,2d,hd,false,True,rectangular,processed,public,youtube,True,True,False,398,3,0,9,"['updated news', 'news 24', 'USA news', 'today news', 'all update news', 'lastest news', 'american news', 'update live news usa', 'today latest news', 'Hot news', 'news today', 'latest news', 'breakingnews', 'breaking news', 'Amber Heard', 'Bianca Butti', 'amber heard', 'johnny depp amber heard', 'amber heard johnny depp', 'johnny depp and amber heard', 'johnny depp', 'amber heard and girlfriend bianca butti', 'bianca butti', 'Amber Heard Allegedly Split From Girlfriend Bianca Butti']",en-US,https://i.ytimg.com/vi/GRMNi9Li1GY/maxresdefault.jpg,1280.0,720.0,en-US
youtube#video,CVNQzS1jVtlhKodY2VlAjMm79Ug,HivUhe_8uK8,2022-01-06T02:32:48Z,UCQkPkXWnd1-SB1lqSp1BrJA,2021 Anime Year in Review (Part 3),"Here is my review of year 2021 in terms of anime. Jalen, Amber, and I talk about the anime we loved, hated, missed and look ahead to the anime that have caught our eye in 2022. I hope you all had a great holiday season and I can't wait to see what 2022 has in store for all of us. Plus some updates on the future of my videos and this channel. This will be last part of a multipart video series. The full video will be coming soon. 

Hey guys, sorry I've been away for so long, but this monster of a video took a minute to put together. I really tried to finish these videos by Christmas, but you know what they say about the best laid plans... In fact these videos took so long that I needed some help to get it done and it turned out better than I thought. Thank you to Jalen and Amber for their help, I could't have done this without them. 

All music heard on this channel is courtesy of Audio Library. 
Audio Library is a channel dedicated to search, catalog, sort and publish No Copyright Music, Vlog Music and Royalty Free Music for content creators. If you are a content creator of any kind, I STRONGLY suggest that you look into them for all of your music needs.  

Music: 
Charlie Brown by Smith The Mister https://smiththemister.bandcamp.com 
Smith The Mister https://bit.ly/Smith-The-Mister-YT 
Free Download / Stream: https://bit.ly/al-charlie-brown
Music promoted by Audio Library https://youtu.be/haVfevSZ1jc
â€“â€“â€“â€“â€“â€“â€“â€“â€“â€“â€“â€“â€“â€“â€“â€“â€“â€“â€“â€“â€“â€“â€“â€“â€“â€“â€“â€“â€“â€“
Riviera by Smith The Mister https://smiththemister.bandcamp.com 
Smith The Mister https://bit.ly/Smith-The-Mister-YT 
Free Download / Stream: https://bit.ly/al-riviera
Music promoted by Audio Library https://youtu.be/qonPqql2sP0
â€“â€“â€“â€“â€“â€“â€“â€“â€“â€“â€“â€“â€“â€“â€“â€“â€“â€“â€“â€“â€“â€“â€“â€“â€“â€“â€“â€“â€“â€“
Wonder Egg Priority OP: https://www.youtube.com/watch?v=eOB_Ecwg5MA
â€“â€“â€“â€“â€“â€“â€“â€“â€“â€“â€“â€“â€“â€“â€“â€“â€“â€“â€“â€“â€“â€“â€“â€“â€“â€“â€“â€“â€“â€“
Redo of a Healer: https://www.youtube.com/watch?v=rbXAjYNr6Ac&t=11s
â€“â€“â€“â€“â€“â€“â€“â€“â€“â€“â€“â€“â€“â€“â€“â€“â€“â€“â€“â€“â€“â€“â€“â€“â€“â€“â€“â€“â€“â€“
Fena: Pirate Princess: https://www.youtube.com/watch?v=Zhwzq_KXnC8&t=3s
â€“â€“â€“â€“â€“â€“â€“â€“â€“â€“â€“â€“â€“â€“â€“â€“â€“â€“â€“â€“â€“â€“â€“â€“â€“â€“â€“â€“â€“â€“
The Honor at Magic High School OP: https://www.youtube.com/watch?v=ZzY6vKIZZTI
â€“â€“â€“â€“â€“â€“â€“â€“â€“â€“â€“â€“â€“â€“â€“â€“â€“â€“â€“â€“â€“â€“â€“â€“â€“â€“â€“â€“â€“â€“
ODD Taxi OP: https://www.youtube.com/watch?v=zI_cLtW3PnA&t=24s
â€“â€“â€“â€“â€“â€“â€“â€“â€“â€“â€“â€“â€“â€“â€“â€“â€“â€“â€“â€“â€“â€“â€“â€“â€“â€“â€“â€“â€“â€“
The Ranking of Kings OP: https://www.youtube.com/watch?v=s5SSAXK6bQE
â€“â€“â€“â€“â€“â€“â€“â€“â€“â€“â€“â€“â€“â€“â€“â€“â€“â€“â€“â€“â€“â€“â€“â€“â€“â€“â€“â€“â€“â€“
Attack on Titan Final Season OP: https://www.youtube.com/watch?v=VNGhR5O-or0&t=31s
â€“â€“â€“â€“â€“â€“â€“â€“â€“â€“â€“â€“â€“â€“â€“â€“â€“â€“â€“â€“â€“â€“â€“â€“â€“â€“â€“â€“â€“â€“
Kaguya-sama: Love is War Season 2 OP: https://www.youtube.com/watch?v=DbEvXjZ0bmA
â€“â€“â€“â€“â€“â€“â€“â€“â€“â€“â€“â€“â€“â€“â€“â€“â€“â€“â€“â€“â€“â€“â€“â€“â€“â€“â€“â€“â€“â€“
Tiger & Bunny OP: https://www.youtube.com/watch?v=z5nuyr4mhLY
â€“â€“â€“â€“â€“â€“â€“â€“â€“â€“â€“â€“â€“â€“â€“â€“â€“â€“â€“â€“â€“â€“â€“â€“â€“â€“â€“â€“â€“â€“
The Rising of the Shield Hero Version 2 OP: https://www.youtube.com/watch?v=Plo0RvICDDI&t=1s
â€“â€“â€“â€“â€“â€“â€“â€“â€“â€“â€“â€“â€“â€“â€“â€“â€“â€“â€“â€“â€“â€“â€“â€“â€“â€“â€“â€“â€“â€“
Teasing Master Takagi-san OP: https://www.youtube.com/watch?v=IEvQJ4mUkoY
â€“â€“â€“â€“â€“â€“â€“â€“â€“â€“â€“â€“â€“â€“â€“â€“â€“â€“â€“â€“â€“â€“â€“â€“â€“â€“â€“â€“â€“â€“
Links:
YouTube Channel: https://www.youtube.com/channel/UCht8qITGkBvXKsR1Byln-wA
Website: https://www.audiolibrary.com.co",https://i.ytimg.com/vi/HivUhe_8uK8/default.jpg,120,90,https://i.ytimg.com/vi/HivUhe_8uK8/mqdefault.jpg,320,180,https://i.ytimg.com/vi/HivUhe_8uK8/hqdefault.jpg,480,360,,,,The Random Things I Think About...,24,none,2021 Anime Year in Review (Part 3),"Here is my review of year 2021 in terms of anime. Jalen, Amber, and I talk about the anime we loved, hated, missed and look ahead to the anime that have caught our eye in 2022. I hope you all had a great holiday season and I can't wait to see what 2022 has in store for all of us. Plus some updates on the future of my videos and this channel. This will be last part of a multipart video series. The full video will be coming soon. 

Hey guys, sorry I've been away for so long, but this monster of a video took a minute to put together. I really tried to finish these videos by Christmas, but you know what they say about the best laid plans... In fact these videos took so long that I needed some help to get it done and it turned out better than I thought. Thank you to Jalen and Amber for their help, I could't have done this without them. 

All music heard on this channel is courtesy of Audio Library. 
Audio Library is a channel dedicated to search, catalog, sort and publish No Copyright Music, Vlog Music and Royalty Free Music for content creators. If you are a content creator of any kind, I STRONGLY suggest that you look into them for all of your music needs.  

Music: 
Charlie Brown by Smith The Mister https://smiththemister.bandcamp.com 
Smith The Mister https://bit.ly/Smith-The-Mister-YT 
Free Download / Stream: https://bit.ly/al-charlie-brown
Music promoted by Audio Library https://youtu.be/haVfevSZ1jc
â€“â€“â€“â€“â€“â€“â€“â€“â€“â€“â€“â€“â€“â€“â€“â€“â€“â€“â€“â€“â€“â€“â€“â€“â€“â€“â€“â€“â€“â€“
Riviera by Smith The Mister https://smiththemister.bandcamp.com 
Smith The Mister https://bit.ly/Smith-The-Mister-YT 
Free Download / Stream: https://bit.ly/al-riviera
Music promoted by Audio Library https://youtu.be/qonPqql2sP0
â€“â€“â€“â€“â€“â€“â€“â€“â€“â€“â€“â€“â€“â€“â€“â€“â€“â€“â€“â€“â€“â€“â€“â€“â€“â€“â€“â€“â€“â€“
Wonder Egg Priority OP: https://www.youtube.com/watch?v=eOB_Ecwg5MA
â€“â€“â€“â€“â€“â€“â€“â€“â€“â€“â€“â€“â€“â€“â€“â€“â€“â€“â€“â€“â€“â€“â€“â€“â€“â€“â€“â€“â€“â€“
Redo of a Healer: https://www.youtube.com/watch?v=rbXAjYNr6Ac&t=11s
â€“â€“â€“â€“â€“â€“â€“â€“â€“â€“â€“â€“â€“â€“â€“â€“â€“â€“â€“â€“â€“â€“â€“â€“â€“â€“â€“â€“â€“â€“
Fena: Pirate Princess: https://www.youtube.com/watch?v=Zhwzq_KXnC8&t=3s
â€“â€“â€“â€“â€“â€“â€“â€“â€“â€“â€“â€“â€“â€“â€“â€“â€“â€“â€“â€“â€“â€“â€“â€“â€“â€“â€“â€“â€“â€“
The Honor at Magic High School OP: https://www.youtube.com/watch?v=ZzY6vKIZZTI
â€“â€“â€“â€“â€“â€“â€“â€“â€“â€“â€“â€“â€“â€“â€“â€“â€“â€“â€“â€“â€“â€“â€“â€“â€“â€“â€“â€“â€“â€“
ODD Taxi OP: https://www.youtube.com/watch?v=zI_cLtW3PnA&t=24s
â€“â€“â€“â€“â€“â€“â€“â€“â€“â€“â€“â€“â€“â€“â€“â€“â€“â€“â€“â€“â€“â€“â€“â€“â€“â€“â€“â€“â€“â€“
The Ranking of Kings OP: https://www.youtube.com/watch?v=s5SSAXK6bQE
â€“â€“â€“â€“â€“â€“â€“â€“â€“â€“â€“â€“â€“â€“â€“â€“â€“â€“â€“â€“â€“â€“â€“â€“â€“â€“â€“â€“â€“â€“
Attack on Titan Final Season OP: https://www.youtube.com/watch?v=VNGhR5O-or0&t=31s
â€“â€“â€“â€“â€“â€“â€“â€“â€“â€“â€“â€“â€“â€“â€“â€“â€“â€“â€“â€“â€“â€“â€“â€“â€“â€“â€“â€“â€“â€“
Kaguya-sama: Love is War Season 2 OP: https://www.youtube.com/watch?v=DbEvXjZ0bmA
â€“â€“â€“â€“â€“â€“â€“â€“â€“â€“â€“â€“â€“â€“â€“â€“â€“â€“â€“â€“â€“â€“â€“â€“â€“â€“â€“â€“â€“â€“
Tiger & Bunny OP: https://www.youtube.com/watch?v=z5nuyr4mhLY
â€“â€“â€“â€“â€“â€“â€“â€“â€“â€“â€“â€“â€“â€“â€“â€“â€“â€“â€“â€“â€“â€“â€“â€“â€“â€“â€“â€“â€“â€“
The Rising of the Shield Hero Version 2 OP: https://www.youtube.com/watch?v=Plo0RvICDDI&t=1s
â€“â€“â€“â€“â€“â€“â€“â€“â€“â€“â€“â€“â€“â€“â€“â€“â€“â€“â€“â€“â€“â€“â€“â€“â€“â€“â€“â€“â€“â€“
Teasing Master Takagi-san OP: https://www.youtube.com/watch?v=IEvQJ4mUkoY
â€“â€“â€“â€“â€“â€“â€“â€“â€“â€“â€“â€“â€“â€“â€“â€“â€“â€“â€“â€“â€“â€“â€“â€“â€“â€“â€“â€“â€“â€“
Links:
YouTube Channel: https://www.youtube.com/channel/UCht8qITGkBvXKsR1Byln-wA
Website: https://www.audiolibrary.com.co",PT23M12S,2d,hd,false,False,rectangular,processed,public,youtube,True,True,False,4,0,0,1,"['Anime', '2021', '2021 Anime Year in Review', ""Don't Toy With Me Miss Nagatoro"", 'Wonder Egg Priority', 'How Not To Summon A Demon Lord', 'The Rising of the Shield Hero', 'Teasing Master Takagi-san', 'Tiger & Bunny', 'Kaguya-sama: Love is War', 'Attack on Titan', 'Overlord', 'Ranking of Kings', 'ODD Taxi', 'The Honour at Magic High School', 'Fena: Pirate Princess', 'Redo of A Healer', 'Ex-Arm', 'Super HxEros', ""Heaven's Design Team"", 'Tokyo Revengers', 'World Trigger']",en-US,,,,
youtube#video,RkO1FydtB06qy8nCXtZO22kYX3w,Js77YK5N-mk,2021-09-11T19:56:18Z,UCiw_UmDcLnFpmo7T1goDy5Q,Amber Heard New Whatsapp Status Full Screen #shorts,,https://i.ytimg.com/vi/Js77YK5N-mk/default.jpg,120,90,https://i.ytimg.com/vi/Js77YK5N-mk/mqdefault.jpg,320,180,https://i.ytimg.com/vi/Js77YK5N-mk/hqdefault.jpg,480,360,,,,Audio Library ultra,10,none,Amber Heard New Whatsapp Status Full Screen #shorts,,PT11S,2d,hd,false,False,rectangular,processed,public,youtube,True,True,False,11,0,0,0,,,,,,
youtube#video,fGMApVOriu9nATwIfbOKfX-W_rU,kj7UM6czcZI,2016-09-03T12:06:10Z,UCheJP7Gz1nXy9zgsFxdYSlA,Amber-Shaper Un'sok HEROIC by High Tempest - WoW,Amber-Shaper Un'sok HEROIC by High Tempest Released: 2013 all credit to Torque,https://i.ytimg.com/vi/kj7UM6czcZI/default.jpg,120,90,https://i.ytimg.com/vi/kj7UM6czcZI/mqdefault.jpg,320,180,https://i.ytimg.com/vi/kj7UM6czcZI/hqdefault.jpg,480,360,https://i.ytimg.com/vi/kj7UM6czcZI/sddefault.jpg,640.0,480.0,MarkIsBad,20,none,Amber-Shaper Un'sok HEROIC by High Tempest - WoW,Amber-Shaper Un'sok HEROIC by High Tempest Released: 2013 all credit to Torque,PT8M8S,2d,hd,false,False,rectangular,processed,public,youtube,True,True,False,146,0,0,1,['World of Warcraft'],,https://i.ytimg.com/vi/kj7UM6czcZI/maxresdefault.jpg,1280.0,720.0,
youtube#video,jWJQA4Y_kF4ZWXldUuULswHWjPs,leIWAM8r8JE,2018-12-13T13:00:09Z,UCqLj_VGACwmDa0FZ4UV3j-w,Fangirls: Hero Edition | Presented by Aquaman,"Jason Momoa and Amber Heard go head-to-head testing their knowledge of all things Aquaman. Who will win?! 

See Aquaman in theaters December 21. Get tickets now: fandango.com/aquamanmovie",https://i.ytimg.com/vi/leIWAM8r8JE/default.jpg,120,90,https://i.ytimg.com/vi/leIWAM8r8JE/mqdefault.jpg,320,180,https://i.ytimg.com/vi/leIWAM8r8JE/hqdefault.jpg,480,360,https://i.ytimg.com/vi/leIWAM8r8JE/sddefault.jpg,640.0,480.0,Bustle,24,none,Fangirls: Hero Edition | Presented by Aquaman,"Jason Momoa and Amber Heard go head-to-head testing their knowledge of all things Aquaman. Who will win?! 

See Aquaman in theaters December 21. Get tickets now: fandango.com/aquamanmovie",PT2M21S,2d,hd,true,True,rectangular,processed,public,youtube,True,False,False,56808,153,0,6,"['Jason Momoa', 'Amber Heard', 'Aquaman Trivia', 'Aquaman releases December 21']",en,https://i.ytimg.com/vi/leIWAM8r8JE/maxresdefault.jpg,1280.0,720.0,
youtube#video,MJgS_GYuBRg12UvUOJGuVFg7Vf0,mNDoRqbGn_M,2021-04-26T10:03:58Z,UCGsJu1KfmBTsTCCaq4lNRJw,Amber heard Aquaman  WhatsApp status ğŸ’¥,,https://i.ytimg.com/vi/mNDoRqbGn_M/default.jpg,120,90,https://i.ytimg.com/vi/mNDoRqbGn_M/mqdefault.jpg,320,180,https://i.ytimg.com/vi/mNDoRqbGn_M/hqdefault.jpg,480,360,https://i.ytimg.com/vi/mNDoRqbGn_M/sddefault.jpg,640.0,480.0,STATUS KING,22,none,Amber heard Aquaman  WhatsApp status ğŸ’¥,,PT34S,2d,hd,false,False,rectangular,processed,public,youtube,True,True,False,22,4,0,1,,,https://i.ytimg.com/vi/mNDoRqbGn_M/maxresdefault.jpg,1280.0,720.0,
youtube#video,JC_K_XDVh9SYLMbfRYxOeGLUVII,mxT44D5Gr_0,2019-06-01T16:00:12Z,UCIVAAjofYyIM0A9QXmpF5kg,Amber Heard's Lifestyle 2019 - YouTube,"#FaMous #TopFamous #AmberHeard

You can see more Videos:

Top Famous Elizabeth Olsen's Lifestyle - YouTube
https://www.youtube.com/watch?v=g0xPSlO0EVQ
************************
Top Famous Dr.Strange's Lifestyle and Real Name - YouTube
https://www.youtube.com/watch?v=5abdZUF08xo
************************
Lifestyle and Real Name of Capitian America - YouTube
https://www.youtube.com/watch?v=T6ksv6zQYHw
************************
Scarlett Johansson's Lifestyle- YouTube
https://www.youtube.com/watch?v=YCwGOGxpOjQ
************************
DJ Soda's Lifestyle - YouTube
https://www.youtube.com/watch?v=9tfnSMEIM_A
************************
Top Famous Sebastian Stan's Lifestyle - YouTube
https://www.youtube.com/watch?v=GugjiJbNuwU
************************
Top Famous Tom Cruise's Lifestyle - YouTube
https://www.youtube.com/watch?v=pyitmqPGLXo
************************
Top Famous Gwyneth Paltrow's Lifestyle - YouTube
https://www.youtube.com/watch?v=YkylfNxNPiY
************************
Top Famous Jason Statham's Lifestyle - YouTube
https://www.youtube.com/watch?v=aLLgx6OXZDg
************************
Top Famous Sylvester Stallone's Lifestyle - YouTube
https://www.youtube.com/watch?v=Rk5Yn9IyDnU
************************
Top Famous Black Panther's Lifestyle - YouTube
https://www.youtube.com/watch?v=bmDc64EUqcM
************************
Top Famous Lisa Black Pink - YouTube
https://www.youtube.com/watch?v=0KhSgt2w7UY
************************
Top Famous Priyanka Chopra's Lifestyle - YouTube
https://www.youtube.com/watch?v=5LmVIueXFFU

Famous with attractive themes: wwe, wwe superstar, wwe tranfromation, Events, Weird, Hot Photos, Body Painting, Art Nude, Impressionist, Kids, Celebrities, Fashion,
Landscape, Portraits, Style Life, Real Name, Super Hero, Top Famous, Top 10, Top actors, Famous, Famous People, Daily life, graphics, ...
Subscribe today to not miss any compelling information.
If you like, please subscribe and shared for all to know!",https://i.ytimg.com/vi/mxT44D5Gr_0/default.jpg,120,90,https://i.ytimg.com/vi/mxT44D5Gr_0/mqdefault.jpg,320,180,https://i.ytimg.com/vi/mxT44D5Gr_0/hqdefault.jpg,480,360,https://i.ytimg.com/vi/mxT44D5Gr_0/sddefault.jpg,640.0,480.0,The FaMous,22,none,Amber Heard's Lifestyle 2019 - YouTube,"#FaMous #TopFamous #AmberHeard

You can see more Videos:

Top Famous Elizabeth Olsen's Lifestyle - YouTube
https://www.youtube.com/watch?v=g0xPSlO0EVQ
************************
Top Famous Dr.Strange's Lifestyle and Real Name - YouTube
https://www.youtube.com/watch?v=5abdZUF08xo
************************
Lifestyle and Real Name of Capitian America - YouTube
https://www.youtube.com/watch?v=T6ksv6zQYHw
************************
Scarlett Johansson's Lifestyle- YouTube
https://www.youtube.com/watch?v=YCwGOGxpOjQ
************************
DJ Soda's Lifestyle - YouTube
https://www.youtube.com/watch?v=9tfnSMEIM_A
************************
Top Famous Sebastian Stan's Lifestyle - YouTube
https://www.youtube.com/watch?v=GugjiJbNuwU
************************
Top Famous Tom Cruise's Lifestyle - YouTube
https://www.youtube.com/watch?v=pyitmqPGLXo
************************
Top Famous Gwyneth Paltrow's Lifestyle - YouTube
https://www.youtube.com/watch?v=YkylfNxNPiY
************************
Top Famous Jason Statham's Lifestyle - YouTube
https://www.youtube.com/watch?v=aLLgx6OXZDg
************************
Top Famous Sylvester Stallone's Lifestyle - YouTube
https://www.youtube.com/watch?v=Rk5Yn9IyDnU
************************
Top Famous Black Panther's Lifestyle - YouTube
https://www.youtube.com/watch?v=bmDc64EUqcM
************************
Top Famous Lisa Black Pink - YouTube
https://www.youtube.com/watch?v=0KhSgt2w7UY
************************
Top Famous Priyanka Chopra's Lifestyle - YouTube
https://www.youtube.com/watch?v=5LmVIueXFFU

Famous with attractive themes: wwe, wwe superstar, wwe tranfromation, Events, Weird, Hot Photos, Body Painting, Art Nude, Impressionist, Kids, Celebrities, Fashion,
Landscape, Portraits, Style Life, Real Name, Super Hero, Top Famous, Top 10, Top actors, Famous, Famous People, Daily life, graphics, ...
Subscribe today to not miss any compelling information.
If you like, please subscribe and shared for all to know!",PT4M26S,2d,hd,false,False,rectangular,processed,public,youtube,True,True,False,66,0,0,0,"['top ten famous', 'movies', 'action', 'action movies', 'photos', 'childhood', 'actors', 'actress', 'singer', 'wrestler', 'football player', 'famous people', 'Then And Now', 'marvel superhero', 'superhero Avengers', 'Avengers', 'Avengers Endgame', 'avengers movies', 'marvel avengers', 'Iron Man', 'iron man', 'thor', 'hulk', 'Robert Downey Jr', 'Chris Evans', 'Thanos', 'Real Life', 'FaMous', 'Top Famous', 'gym4u', 'style life', 'End Game', 'lifestyle', 'kanye west', 'kim kardashian', 'watchmojo', 'Amber Heard', 'superhero movies', 'top 10']",en,https://i.ytimg.com/vi/mxT44D5Gr_0/maxresdefault.jpg,1280.0,720.0,
youtube#video,gg9rM31pTXKXSlkZM5jCpMCG2KA,pmiUCHnScNs,2021-06-29T11:00:20Z,UC3xuaxbfNOHOxDn2DwjD6mg,"Rhapsody of Fire- ""I'll Be Your Hero"" Reaction // Amber and Charisse React","Metal Head and Classically Trained Singer React to Rhapsody of Fire- ""I'll Be Your Hero""

Original Video- https://youtu.be/wmJfGp0IXKc

Paypal- https://www.paypal.com/paypalme/AmberandCharisse
1 Song- $15
2 Songs- $20
3 Songs- $25
Each Extra Song +$5 

Patreon- https://www.patreon.com/amberandcharisse

Twitter- https://twitter.com/ambrandcharisse

Facebook- https://www.facebook.com/Amber-and-Charisse-108927814258068/

Check out our gaming channel: https://www.youtube.com/channel/UC3-ZUmtGeHY231k46qrNBZA?fbclid=IwAR2WPwdXv_W6qyfwMuwYWny0uI6qI9JADwJNltPA7YpfwxeT_UvjL4wPxho",https://i.ytimg.com/vi/pmiUCHnScNs/default.jpg,120,90,https://i.ytimg.com/vi/pmiUCHnScNs/mqdefault.jpg,320,180,https://i.ytimg.com/vi/pmiUCHnScNs/hqdefault.jpg,480,360,https://i.ytimg.com/vi/pmiUCHnScNs/sddefault.jpg,640.0,480.0,Amber And Charisse React!,20,none,"Rhapsody of Fire- ""I'll Be Your Hero"" Reaction // Amber and Charisse React","Metal Head and Classically Trained Singer React to Rhapsody of Fire- ""I'll Be Your Hero""

Original Video- https://youtu.be/wmJfGp0IXKc

Paypal- https://www.paypal.com/paypalme/AmberandCharisse
1 Song- $15
2 Songs- $20
3 Songs- $25
Each Extra Song +$5 

Patreon- https://www.patreon.com/amberandcharisse

Twitter- https://twitter.com/ambrandcharisse

Facebook- https://www.facebook.com/Amber-and-Charisse-108927814258068/

Check out our gaming channel: https://www.youtube.com/channel/UC3-ZUmtGeHY231k46qrNBZA?fbclid=IwAR2WPwdXv_W6qyfwMuwYWny0uI6qI9JADwJNltPA7YpfwxeT_UvjL4wPxho",PT8M28S,2d,hd,false,False,rectangular,processed,public,youtube,True,True,False,196,16,0,7,,,,,,
youtube#video,DbiLa2s_MkcZBOC0w5q6_4k2_f0,PO6-jO09CiY,2020-12-06T18:42:08Z,UC3uqxNQKyotfdz8Ko7admAA,my thoughts on amber heard,"at 0:20 when i say someoneâ€™s not a hero because of their race and or gender, i mean the type of business it is. say you help sick children and youâ€™re a black woman. youâ€™re a hero. but if youâ€™re a greedy company who prices products higher than they should be, youâ€™re not a hero.

-ssc",https://i.ytimg.com/vi/PO6-jO09CiY/default.jpg,120,90,https://i.ytimg.com/vi/PO6-jO09CiY/mqdefault.jpg,320,180,https://i.ytimg.com/vi/PO6-jO09CiY/hqdefault.jpg,480,360,https://i.ytimg.com/vi/PO6-jO09CiY/sddefault.jpg,640.0,480.0,UnStroodel,23,none,my thoughts on amber heard,"at 0:20 when i say someoneâ€™s not a hero because of their race and or gender, i mean the type of business it is. say you help sick children and youâ€™re a black woman. youâ€™re a hero. but if youâ€™re a greedy company who prices products higher than they should be, youâ€™re not a hero.

-ssc",PT1M3S,2d,hd,false,False,rectangular,processed,public,youtube,True,True,False,27,5,0,1,,,https://i.ytimg.com/vi/PO6-jO09CiY/maxresdefault.jpg,1280.0,720.0,
youtube#video,Q55JeqN3Zu_VBHqi9obk2Ays0Ok,q1rCDRj9K94,2021-11-18T01:37:13Z,UCQMbf4NfHCJO0WP8NpSqgCA,LEGO Marvel Super Heroes Walkthrough Part 1 Amber SMASH! (Nintendo Switch) co-op gameplay,"LEGO Marvel Super Heroes Gameplay Walkthrough Part 1 Nintendo Switch. Join the Kwings as they look at October 2021's Re-release of the HIT 2013 Lego Game! Spider-Man, IronMan, Captain America, HULK, Wolverine and all thier Marvelous Pals are back and now on Your Nintendo Switch!

LEGO Marvel Switch Guide - https://www.youtube.com/playlist?list=PLX_Cone6vbMGLBUBj7Yk6eWw4NSrU6d91 

âš¡Join our Free Newsletter - http://kwingsletsplays.com 

**Become an Official Member ** - https://www.youtube.com/channel/UCQMbf4NfHCJO0WP8NpSqgCA/join
ğŸ‘  Become a member to get awesome perks!
ğŸ® Members-only Community Posts!
ğŸ˜ Exclusive Badge and Emoji!
ğŸ Discord Access

0:00 Intro
2:00 IronMan 
4:00 Level 1
16:01 Train Terminal 
21:20 Spiderman
27:17 Sandman
30:52 NIck Fury Cleanup
32:52 Loki 
34:36 Hellicarrier 
36:00 NYC Park
40:11 Level 2 Baxter Building 
48:53 Baxter Rooftops 
1:01:50 JJJ scene
1:02:53 Daily Bugle 
1:08:46 Doc Ock
1:12:20 Crime Never Pays 
1:14:00 Black Widow 

If you love MARVEL , don't forget to like, comment & subscribe. Thanks for watching.

ğŸ”¥ NEW MERCH - https://the-kwings.creator-spring.com/?

SUBSCRIBE For New videos Every DAY & Turn On Notifications ğŸ”” - http://bit.ly/kwingslp
----------------------------------------------------------------
â—Patreon - https://www.patreon.com/TheKwings
â—Kwing Merch - https://shop.spreadshirt.com/kwingsletsplays/
â—Twitter - http://www.twitter.com/kwingsletsplays
â—Twitch - https://www.twitch.tv/kwingsgaming
â—Instagram - https://www.instagram.com/kwingsletsplays/
â—Facebook - https://www.facebook.com/knightwing01
-----------------------------------------------------------------
""Thanks Wing Dings For Watching our Daily Videos!"" - The Kwings

#MarvelComics #Spiderman #LegoMarvelSuperHeroes #Kwingsletsplays 

""Thanks for Watching our Daily Videos!"" - The Kwings

Stream Opening & Ending Music by Karl Casey @ White Bat Audio",https://i.ytimg.com/vi/q1rCDRj9K94/default.jpg,120,90,https://i.ytimg.com/vi/q1rCDRj9K94/mqdefault.jpg,320,180,https://i.ytimg.com/vi/q1rCDRj9K94/hqdefault.jpg,480,360,https://i.ytimg.com/vi/q1rCDRj9K94/sddefault.jpg,640.0,480.0,KwingsLetsPlays,20,none,LEGO Marvel Super Heroes Walkthrough Part 1 Amber SMASH! (Nintendo Switch) co-op gameplay,"LEGO Marvel Super Heroes Gameplay Walkthrough Part 1 Nintendo Switch. Join the Kwings as they look at October 2021's Re-release of the HIT 2013 Lego Game! Spider-Man, IronMan, Captain America, HULK, Wolverine and all thier Marvelous Pals are back and now on Your Nintendo Switch!

LEGO Marvel Switch Guide - https://www.youtube.com/playlist?list=PLX_Cone6vbMGLBUBj7Yk6eWw4NSrU6d91 

âš¡Join our Free Newsletter - http://kwingsletsplays.com 

**Become an Official Member ** - https://www.youtube.com/channel/UCQMbf4NfHCJO0WP8NpSqgCA/join
ğŸ‘  Become a member to get awesome perks!
ğŸ® Members-only Community Posts!
ğŸ˜ Exclusive Badge and Emoji!
ğŸ Discord Access

0:00 Intro
2:00 IronMan 
4:00 Level 1
16:01 Train Terminal 
21:20 Spiderman
27:17 Sandman
30:52 NIck Fury Cleanup
32:52 Loki 
34:36 Hellicarrier 
36:00 NYC Park
40:11 Level 2 Baxter Building 
48:53 Baxter Rooftops 
1:01:50 JJJ scene
1:02:53 Daily Bugle 
1:08:46 Doc Ock
1:12:20 Crime Never Pays 
1:14:00 Black Widow 

If you love MARVEL , don't forget to like, comment & subscribe. Thanks for watching.

ğŸ”¥ NEW MERCH - https://the-kwings.creator-spring.com/?

SUBSCRIBE For New videos Every DAY & Turn On Notifications ğŸ”” - http://bit.ly/kwingslp
----------------------------------------------------------------
â—Patreon - https://www.patreon.com/TheKwings
â—Kwing Merch - https://shop.spreadshirt.com/kwingsletsplays/
â—Twitter - http://www.twitter.com/kwingsletsplays
â—Twitch - https://www.twitch.tv/kwingsgaming
â—Instagram - https://www.instagram.com/kwingsletsplays/
â—Facebook - https://www.facebook.com/knightwing01
-----------------------------------------------------------------
""Thanks Wing Dings For Watching our Daily Videos!"" - The Kwings

#MarvelComics #Spiderman #LegoMarvelSuperHeroes #Kwingsletsplays 

""Thanks for Watching our Daily Videos!"" - The Kwings

Stream Opening & Ending Music by Karl Casey @ White Bat Audio",PT1H17M44S,2d,hd,false,True,rectangular,processed,public,youtube,True,True,False,10382,487,0,38,"['LEGO Marvel Super Heroes', 'Nintendo Switch', 'Lego Marvel', 'Lego Marvel Part 1', 'LEGO Marvel Super Heroes Walkthrough Part 1', 'Lego Marvel Nintendo Switch', 'Lego Marvel Super Heroes Review', 'Lego Marvel Nintendo Switch Part 1', 'Spider-Man', 'IronMan', 'Captain America', 'HULK', 'Black Widow', 'Guardians of the Galaxy', 'Lego Marvel Walkthrough', ""Let's Play Lego Marvel"", 'Lego Marvel Gameplay Nintendo Switch', 'Kwingsletsplays', 'Lego Marvel Kwingsletsplays', 'Lego Marvel Review']",en-US,,,,
youtube#video,T7PaB1HCDLnOjvwhxe1R0YtZ05g,q44tCsE6S9w,2019-08-13T20:38:34Z,UCAVgFwnRKj2Ny8M2emfYm9w,Amber Heard stories   via #AmberHeard Twitter â¤ï¸ #Mera #Aquaman #hero #superhero #in,"Media Networks Broacasting Bringing the juiciest gossip straight to your screen, Celebrity Scoop keeps you up to date with all things showbiz, beauty and lifestyle. Each item provides a weekly fix of breaking news and plenty of exciting items about Hollywood's hottest men and women. Find out how to live like a star, how to dress like one and whoâ€™s hot or who's not in movie, music, fashion and TV land. There is also an in-depth celebrity profile in which we dig up all the details about a certain star. Whether it's about their lifestyle, love life, favorite designers or their chosen profession, Celebrity Scoop covers it all.",https://i.ytimg.com/vi/q44tCsE6S9w/default.jpg,120,90,https://i.ytimg.com/vi/q44tCsE6S9w/mqdefault.jpg,320,180,https://i.ytimg.com/vi/q44tCsE6S9w/hqdefault.jpg,480,360,https://i.ytimg.com/vi/q44tCsE6S9w/sddefault.jpg,640.0,480.0,Celebrity Scoop,24,none,Amber Heard stories   via #AmberHeard Twitter â¤ï¸ #Mera #Aquaman #hero #superhero #in,"Media Networks Broacasting Bringing the juiciest gossip straight to your screen, Celebrity Scoop keeps you up to date with all things showbiz, beauty and lifestyle. Each item provides a weekly fix of breaking news and plenty of exciting items about Hollywood's hottest men and women. Find out how to live like a star, how to dress like one and whoâ€™s hot or who's not in movie, music, fashion and TV land. There is also an in-depth celebrity profile in which we dig up all the details about a certain star. Whether it's about their lifestyle, love life, favorite designers or their chosen profession, Celebrity Scoop covers it all.",PT16S,2d,sd,false,True,rectangular,processed,public,youtube,True,False,False,17,,0,0,,,,,,
youtube#video,tABsT0Yy5bFphhTHdtCMdF7uELI,vJb-rDdWEwY,2021-11-07T12:45:01Z,UCIvutj6kl1nD8ZOrafVAJkw,ProcÃ¨s Johnny Depp : cette petite victoire c.o.n.tre Amber Heard qu'il vient de remporter,"-Merci d'avoir regardÃ© la vidÃ©o
-Aide-moi Ã  aimer + suivre cette chaÃ®ne + partager cette vidÃ©o
-Merci beaucoup",https://i.ytimg.com/vi/vJb-rDdWEwY/default.jpg,120,90,https://i.ytimg.com/vi/vJb-rDdWEwY/mqdefault.jpg,320,180,https://i.ytimg.com/vi/vJb-rDdWEwY/hqdefault.jpg,480,360,https://i.ytimg.com/vi/vJb-rDdWEwY/sddefault.jpg,640.0,480.0,Nouvelles gÃ©nÃ©rales,22,none,ProcÃ¨s Johnny Depp : cette petite victoire c.o.n.tre Amber Heard qu'il vient de remporter,"-Merci d'avoir regardÃ© la vidÃ©o
-Aide-moi Ã  aimer + suivre cette chaÃ®ne + partager cette vidÃ©o
-Merci beaucoup",PT2M31S,2d,hd,false,False,rectangular,processed,public,youtube,True,True,False,11,0,0,0,"['Edouard Philippe', 'Jean-Michel Blanquer', 'Blanquer Brigitte', 'Macron Bernard', 'Cazeneuve', 'Xavier Bertrand', 'Jean-Luc MÃ©lenchon', 'Mask Singer', 'Bertrand-Kamal']",,https://i.ytimg.com/vi/vJb-rDdWEwY/maxresdefault.jpg,1280.0,720.0,
youtube#video,BDv8BqVCvOQ1Asj3GAhb4K-LhBI,xOynI9R_wJ0,2014-01-28T02:27:53Z,UCb1onJAGRtkkANYZHkbMwdw,bBooth TV Singing & Music Mariah Carey Hero by Amber Austria,"http://www.bbooth.com/
bBooth is ""Bringing Hollywood to Your Hometown"" through a fun, easy-to-use, professional quality television recording booth where everyone has the chance to bDiscovered!
 
From bBooth TV Singing & Music comes a new performance of Mariah Carey Hero by singer Amber Austria from Ontario Mills
 
About Amber Austria:
Hi, my name is Amber Austria. Music is my life:)
 
Join us on Facebook!
https://www.facebook.com/pages/bBooth/547616435306803
 
Follow us on Twitter!
https://twitter.com/bBoothTV
 
Check us out on Pinterest!
http://www.pinterest.com/bBoothTV/
 
Check us out on Instagram!
http://instagram.com/bboothtv
 
 
bSeen. bHeard. bDiscovered. bBooth.",https://i.ytimg.com/vi/xOynI9R_wJ0/default.jpg,120,90,https://i.ytimg.com/vi/xOynI9R_wJ0/mqdefault.jpg,320,180,https://i.ytimg.com/vi/xOynI9R_wJ0/hqdefault.jpg,480,360,https://i.ytimg.com/vi/xOynI9R_wJ0/sddefault.jpg,640.0,480.0,bBooth,10,none,bBooth TV Singing & Music Mariah Carey Hero by Amber Austria,"http://www.bbooth.com/
bBooth is ""Bringing Hollywood to Your Hometown"" through a fun, easy-to-use, professional quality television recording booth where everyone has the chance to bDiscovered!
 
From bBooth TV Singing & Music comes a new performance of Mariah Carey Hero by singer Amber Austria from Ontario Mills
 
About Amber Austria:
Hi, my name is Amber Austria. Music is my life:)
 
Join us on Facebook!
https://www.facebook.com/pages/bBooth/547616435306803
 
Follow us on Twitter!
https://twitter.com/bBoothTV
 
Check us out on Pinterest!
http://www.pinterest.com/bBoothTV/
 
Check us out on Instagram!
http://instagram.com/bboothtv
 
 
bSeen. bHeard. bDiscovered. bBooth.",PT4M14S,2d,hd,false,False,rectangular,processed,public,youtube,True,True,False,556,8,0,0,"['Mariah Carey Hero', 'Ontario', 'Mills', 'Amber', 'Austria', 'bbooth', 'bbooth tv', 'audition', 'be seen', 'be heard', 'be discovered', 'talent', 'mall', 'booth tv', 'singing', 'music', 'bands', 'vocalists', 'musical acts']",,https://i.ytimg.com/vi/xOynI9R_wJ0/maxresdefault.jpg,1280.0,720.0,
youtube#video,YFlRNkzFfTQBaDnPhlEWXLs0zus,Y3Gx8zcSRu0,2019-01-31T21:35:30Z,UCXpC5mwNHY9dnoXw3628eRA,I'm with you until the end  - Amber Heard as Piper,"Amber is really amazing in this movie and I felt inspired. It's been a while since I made a video and I'm actually happy with the result, even tho it's just a short video.


***I don't own anything, this is just fan made***",https://i.ytimg.com/vi/Y3Gx8zcSRu0/default.jpg,120,90,https://i.ytimg.com/vi/Y3Gx8zcSRu0/mqdefault.jpg,320,180,https://i.ytimg.com/vi/Y3Gx8zcSRu0/hqdefault.jpg,480,360,https://i.ytimg.com/vi/Y3Gx8zcSRu0/sddefault.jpg,640.0,480.0,xEvcaFaithx,24,none,I'm with you until the end  - Amber Heard as Piper,"Amber is really amazing in this movie and I felt inspired. It's been a while since I made a video and I'm actually happy with the result, even tho it's just a short video.


***I don't own anything, this is just fan made***",PT38S,2d,hd,false,False,rectangular,processed,public,youtube,True,True,False,506,13,0,0,"['amber heard', ""I'm with you until the end"", 'drive angry', 'fanvideo']",,https://i.ytimg.com/vi/Y3Gx8zcSRu0/maxresdefault.jpg,1280.0,720.0,
youtube#video,AMO7cS-rxoJvMWiiOaaB-Dd8Q3s,yWceUv94XNo,2021-05-24T23:33:23Z,UCLX8FL6y_ghZao0zPzqAAYA,The moment amber found out mark is a super hero,"#invincible #theory 
 I think she heard this whole convo and still gave mark a hard time for no reason 


Created by InShot:https://inshotapp.com/share/youtube.html",https://i.ytimg.com/vi/yWceUv94XNo/default.jpg,120,90,https://i.ytimg.com/vi/yWceUv94XNo/mqdefault.jpg,320,180,https://i.ytimg.com/vi/yWceUv94XNo/hqdefault.jpg,480,360,https://i.ytimg.com/vi/yWceUv94XNo/sddefault.jpg,640.0,480.0,Joshman267 Spawn of kami,20,none,The moment amber found out mark is a super hero,"#invincible #theory 
 I think she heard this whole convo and still gave mark a hard time for no reason 


Created by InShot:https://inshotapp.com/share/youtube.html",PT1M10S,2d,hd,false,False,rectangular,processed,public,youtube,True,True,True,8,1,0,0,['#InShot'],,https://i.ytimg.com/vi/yWceUv94XNo/maxresdefault.jpg,1280.0,720.0,
