kind,etag,id,snippet.publishedAt,snippet.channelId,snippet.title,snippet.description,snippet.thumbnails.default.url,snippet.thumbnails.default.width,snippet.thumbnails.default.height,snippet.thumbnails.medium.url,snippet.thumbnails.medium.width,snippet.thumbnails.medium.height,snippet.thumbnails.high.url,snippet.thumbnails.high.width,snippet.thumbnails.high.height,snippet.thumbnails.standard.url,snippet.thumbnails.standard.width,snippet.thumbnails.standard.height,snippet.thumbnails.maxres.url,snippet.thumbnails.maxres.width,snippet.thumbnails.maxres.height,snippet.channelTitle,snippet.tags,snippet.categoryId,snippet.liveBroadcastContent,snippet.localized.title,snippet.localized.description,contentDetails.duration,contentDetails.dimension,contentDetails.definition,contentDetails.caption,contentDetails.licensedContent,contentDetails.projection,status.uploadStatus,status.privacyStatus,status.license,status.embeddable,status.publicStatsViewable,status.madeForKids,statistics.viewCount,statistics.likeCount,statistics.favoriteCount,statistics.commentCount,snippet.defaultAudioLanguage,contentDetails.contentRating.ytRating,contentDetails.regionRestriction.blocked
youtube#video,vZlibD42fiQsnrk0BQTObF06CQk,1t3ktuM3m3s,2017-07-17T01:42:22Z,UCO0dMRd66S6uDUan73Lg3Mg,WHO‚ÄôS RICHER? - Amber Heard or Liam Hemsworth? - Net Worth Revealed! (2017),Who‚Äôs worth more? How much money do Amber Heard and Liam Hemsworth have? We reveal their net worth and see who‚Äôs the richest between the two!,https://i.ytimg.com/vi/1t3ktuM3m3s/default.jpg,120,90,https://i.ytimg.com/vi/1t3ktuM3m3s/mqdefault.jpg,320,180,https://i.ytimg.com/vi/1t3ktuM3m3s/hqdefault.jpg,480,360,https://i.ytimg.com/vi/1t3ktuM3m3s/sddefault.jpg,640.0,480.0,https://i.ytimg.com/vi/1t3ktuM3m3s/maxresdefault.jpg,1280.0,720.0,The Real Hollywood,"['Net Worth', 'Networth', 'Wealth', 'Rich', 'Facts', 'Factoids', 'Vs', 'Celebrity', 'Money', 'Fortune', 'Amber Heard', 'Liam Hemsworth']",24,none,WHO‚ÄôS RICHER? - Amber Heard or Liam Hemsworth? - Net Worth Revealed! (2017),Who‚Äôs worth more? How much money do Amber Heard and Liam Hemsworth have? We reveal their net worth and see who‚Äôs the richest between the two!,PT37S,2d,sd,false,True,rectangular,processed,public,youtube,True,False,False,238,1,0,0,,,
youtube#video,qmvKpKgC2_YsROmWDEEK8_SYc-Y,2JFcmb2fDUc,2013-05-29T16:48:29Z,UCSXooC1lHanEX2-FaA-kr7Q,"Liam Hemsworth's ""Paranoia"" Movie First Look","Check out Liam Hemsworth's ""Paranoia"" (2013). Also starring Gary Oldman, Harrison Ford and Amber Heard. Hemsworth is forced to betray his mentor for Billions. Subscribe http://bit.ly/13m5tVb

Co Starring Ashley Benson, Lucas Till, Richard Dreyfuss and Josh Holloway

Watch More of Our Shows!

Awesome Movie Previews: http://bit.ly/15yNSaV
Game Of Thrones Season 3: http://bit.ly/Voaidd
The Voice Season 4 http://bit.ly/11Fb8pe
Oscars 2013 Videos: http://bit.ly/VIDLNR
Spoiler Alert! Season 2: http://bit.ly/Xc3XOe
Idology Season 2: http://bit.ly/WrODPk
Movie News: http://bit.ly/X85OXp
TV News: http://bit.ly/YbxwP9

:: FOLLOW US! ::
Like Us On Facebook! http://on.fb.me/15hxDiz
Follow us on Twitter! http://twitter.com/movieline
Follow us on Google+! http://bit.ly/YKBcu9
Follow us on Tumblr! http://movieline.tumblr.com/


THANKS FOR WATCHING!!",https://i.ytimg.com/vi/2JFcmb2fDUc/default.jpg,120,90,https://i.ytimg.com/vi/2JFcmb2fDUc/mqdefault.jpg,320,180,https://i.ytimg.com/vi/2JFcmb2fDUc/hqdefault.jpg,480,360,https://i.ytimg.com/vi/2JFcmb2fDUc/sddefault.jpg,640.0,480.0,,,,Movieline,"['Liam Hemsworth', 'Paranoia 2013', 'Paranoia Movie', 'Preview', 'First Look', 'Liam Hemsworth Clip', 'Trailer', 'Movie Clip', 'Movie Trailers', 'Harrison Ford', 'Gary Oldman', 'Amber Heard', 'Movieline', 'Tatiana Carrier', 'Billions of Dollars', 'Robert Luketic', 'Lucas Till', 'Ashley Benson', 'Josh Holloway', 'Richard Dreyfuss']",24,none,"Liam Hemsworth's ""Paranoia"" Movie First Look","Check out Liam Hemsworth's ""Paranoia"" (2013). Also starring Gary Oldman, Harrison Ford and Amber Heard. Hemsworth is forced to betray his mentor for Billions. Subscribe http://bit.ly/13m5tVb

Co Starring Ashley Benson, Lucas Till, Richard Dreyfuss and Josh Holloway

Watch More of Our Shows!

Awesome Movie Previews: http://bit.ly/15yNSaV
Game Of Thrones Season 3: http://bit.ly/Voaidd
The Voice Season 4 http://bit.ly/11Fb8pe
Oscars 2013 Videos: http://bit.ly/VIDLNR
Spoiler Alert! Season 2: http://bit.ly/Xc3XOe
Idology Season 2: http://bit.ly/WrODPk
Movie News: http://bit.ly/X85OXp
TV News: http://bit.ly/YbxwP9

:: FOLLOW US! ::
Like Us On Facebook! http://on.fb.me/15hxDiz
Follow us on Twitter! http://twitter.com/movieline
Follow us on Google+! http://bit.ly/YKBcu9
Follow us on Tumblr! http://movieline.tumblr.com/


THANKS FOR WATCHING!!",PT1M59S,2d,hd,false,True,rectangular,processed,public,youtube,True,True,False,2123,4,0,2,,,
youtube#video,mPu1pSkbWrY2Y3mm_fRGJYNKtP0,39UpIcPjxg4,2014-05-13T15:30:38Z,UCzFqLRMyfpOsGyaph9D9SVA,Amber Heard,La impresionante rubia engalana Esquire Latinoam√©rica,https://i.ytimg.com/vi/39UpIcPjxg4/default.jpg,120,90,https://i.ytimg.com/vi/39UpIcPjxg4/mqdefault.jpg,320,180,https://i.ytimg.com/vi/39UpIcPjxg4/hqdefault.jpg,480,360,,,,,,,Esquire M√©xico,"['amberd heard', 'Esquire (Magazine)', 'esquire latinoamerica']",22,none,Amber Heard,La impresionante rubia engalana Esquire Latinoam√©rica,PT1M38S,2d,hd,false,False,rectangular,processed,public,youtube,True,True,False,1033,3,0,0,,,
youtube#video,81ns8ThRoevwL3UXod7zixxa-8I,43aEgGOiesY,2013-06-07T05:33:19Z,UCDAxJFE1o6uD0YIQXt1jQ6g,"Paranoia Trailer 2013 Official Liam Hemsworth, Harrison Ford Movie [HD]","Paranoia Trailer 2013 - Official movie trailer in HD - starring Liam Hemsworth, Harrison, Ford, Gary Oldman, Amber Heard -- in this high stakes thriller, an entry-level employee at a powerful corporation must spy on his boss's old mentor to secure a multi-billion dollar advantage. 

""Paranoia"" movie hits theaters August 16, 2013.

The high stakes thriller ""Paranoia"" takes us deep behind the scenes of global success to a deadly world of greed and deception. The two most powerful tech billionaires in the world (Harrison Ford and Gary Oldman) are bitter rivals with a complicated past who will stop at nothing to destroy each other. A young superstar (Liam Hemsworth), seduced by unlimited wealth and power falls between them, and becomes trapped in the middle of the twists and turns of their life-and-death game of corporate espionage. Paranoia trailer 2013 is presented in full HD 1080p high resolution. 

PARANOIA 2013 Movie
Genre: Thriller
Director: Robert Luketic 
Cast: Liam Hemsworth, Gary Oldman, Amber Heard, Harrison Ford, Lucas Till, Embeth Davidtz, Julian McMahon, Josh Holloway, Richard Dreyfuss
Writers: Jason Hall, Barry L. Levy

Paranoia official movie trailer courtesy Relativity Media.

Stream Movie Trailers is your daily dose of new movies. We bring you the best of official licensed movie trailers and movie clips.

Subscribe to Cieon Trailers for new movie, TV & video game trailers: http://bit.ly/2h9TdCt",https://i.ytimg.com/vi/43aEgGOiesY/default.jpg,120,90,https://i.ytimg.com/vi/43aEgGOiesY/mqdefault.jpg,320,180,https://i.ytimg.com/vi/43aEgGOiesY/hqdefault.jpg,480,360,https://i.ytimg.com/vi/43aEgGOiesY/sddefault.jpg,640.0,480.0,https://i.ytimg.com/vi/43aEgGOiesY/maxresdefault.jpg,1280.0,720.0,Stream Movie Trailers,"['paranoia trailer 2013', 'paranoia trailer', 'paranoia', 'trailer', '2013', 'official', 'movie', 'hd', 'new', 'today', 'paranoia trailer harrison ford', 'liam hemsworth', 'harrison ford', 'liam', 'hemsworth', 'harrison', 'ford', 'paranoia 2013', 'paranoia movie', 'official trailer', 'trailer official', 'trailer 2013', '2013 trailer', 'movie trailer', 'film', 'movies', 'trailers', 'gary oldman', 'paranoia trailer 2013 official', 'paranoia trailer hd', 'paranoia trailer liam', 'amber heard', 'this week', 'this month']",1,none,"Paranoia Trailer 2013 Official Liam Hemsworth, Harrison Ford Movie [HD]","Paranoia Trailer 2013 - Official movie trailer in HD - starring Liam Hemsworth, Harrison, Ford, Gary Oldman, Amber Heard -- in this high stakes thriller, an entry-level employee at a powerful corporation must spy on his boss's old mentor to secure a multi-billion dollar advantage. 

""Paranoia"" movie hits theaters August 16, 2013.

The high stakes thriller ""Paranoia"" takes us deep behind the scenes of global success to a deadly world of greed and deception. The two most powerful tech billionaires in the world (Harrison Ford and Gary Oldman) are bitter rivals with a complicated past who will stop at nothing to destroy each other. A young superstar (Liam Hemsworth), seduced by unlimited wealth and power falls between them, and becomes trapped in the middle of the twists and turns of their life-and-death game of corporate espionage. Paranoia trailer 2013 is presented in full HD 1080p high resolution. 

PARANOIA 2013 Movie
Genre: Thriller
Director: Robert Luketic 
Cast: Liam Hemsworth, Gary Oldman, Amber Heard, Harrison Ford, Lucas Till, Embeth Davidtz, Julian McMahon, Josh Holloway, Richard Dreyfuss
Writers: Jason Hall, Barry L. Levy

Paranoia official movie trailer courtesy Relativity Media.

Stream Movie Trailers is your daily dose of new movies. We bring you the best of official licensed movie trailers and movie clips.

Subscribe to Cieon Trailers for new movie, TV & video game trailers: http://bit.ly/2h9TdCt",PT2M35S,2d,hd,false,False,rectangular,processed,public,youtube,True,False,False,80637,289,0,55,en,,
youtube#video,_TXkMxBYzWISbyKkGnLBU4qmKlY,57QFWBuaxmU,2013-08-16T15:33:25Z,UCCMCmvCFtiWpcT2DY9aYJPw,Paranoia Movie CLIP   Privacy is a Myth 2013)   Liam Hemsworth Movie HD (hq),"Paranoia is an American thriller film directed by Robert Luketic. It stars Liam Hemsworth, Gary Oldman, Amber Heard and Harrison Ford.

DOWNLOAD FULL MOVIE @ http://cinematicgallerys.blogspot.in/",https://i.ytimg.com/vi/57QFWBuaxmU/default.jpg,120,90,https://i.ytimg.com/vi/57QFWBuaxmU/mqdefault.jpg,320,180,https://i.ytimg.com/vi/57QFWBuaxmU/hqdefault.jpg,480,360,https://i.ytimg.com/vi/57QFWBuaxmU/sddefault.jpg,640.0,480.0,,,,Aadel Iqbaal,"['Liam Hemsworth (TV Actor)', 'Television (Invention)', 'Clip', 'Paranoia (Film)', 'Film (Invention)', 'Miley', 'Cyrus', 'Trailer', 'Trailer (Website Category)', 'Climb', 'Preview', 'Miley Cyrus (icon)', 'Singing', 'New', 'Rip', 'Dvd']",10,none,Paranoia Movie CLIP   Privacy is a Myth 2013)   Liam Hemsworth Movie HD (hq),"Paranoia is an American thriller film directed by Robert Luketic. It stars Liam Hemsworth, Gary Oldman, Amber Heard and Harrison Ford.

DOWNLOAD FULL MOVIE @ http://cinematicgallerys.blogspot.in/",PT1M19S,2d,sd,false,False,rectangular,processed,public,youtube,True,True,False,4971,3,0,0,,,
youtube#video,xzBB7gAwzGZ5s77Ck0X1Q_O_sZc,5gZkn7ZNoxE,2014-11-15T14:18:57Z,UCPdg6Ojw_B4MoAGTiG9Y8Dg,Amber Heard Cheating on Fiance Johnny Depp with Channing Tatum R,,https://i.ytimg.com/vi/5gZkn7ZNoxE/default.jpg,120,90,https://i.ytimg.com/vi/5gZkn7ZNoxE/mqdefault.jpg,320,180,https://i.ytimg.com/vi/5gZkn7ZNoxE/hqdefault.jpg,480,360,https://i.ytimg.com/vi/5gZkn7ZNoxE/sddefault.jpg,640.0,480.0,,,,Teach Time4u,,22,none,Amber Heard Cheating on Fiance Johnny Depp with Channing Tatum R,,PT1M51S,2d,sd,false,False,rectangular,processed,public,youtube,True,True,False,943,0,0,0,,,
youtube#video,g-NufZxfP0AInTJiKmQ6nNAU2GI,5KPelM7qedg,2013-07-27T03:02:25Z,UCYCEK7i8Uq-XtFtWolofxFg,Paranoia - Riskantes Spiel | Trailer D (2013) Liam Hemsworth,"http://www.facebook.com/moviemaniacsDE - Darsteller / cast: Liam Hemsworth , Amber Heard , Harrison Ford , Gary Oldman
Genre: action / thriller
Regie / directed by: Robert Luketic
Kinostart Deutschland: 2013
Kinostart USA: 2013
offizielle Filmsite: http://

Verwendung mit freundlicher Genehmigung von Studio Canal
used with authorization",https://i.ytimg.com/vi/5KPelM7qedg/default.jpg,120,90,https://i.ytimg.com/vi/5KPelM7qedg/mqdefault.jpg,320,180,https://i.ytimg.com/vi/5KPelM7qedg/hqdefault.jpg,480,360,https://i.ytimg.com/vi/5KPelM7qedg/sddefault.jpg,640.0,480.0,https://i.ytimg.com/vi/5KPelM7qedg/maxresdefault.jpg,1280.0,720.0,moviemaniacsDE,"['film', 'movie', 'teaser', 'moviemaniacs', 'mmde', 'movie maniacs', 'official', 'Trailer (Website Category)', 'Official Trailer', 'Miley Cyrus', 'Liam Hemsworth (TV Actor)']",24,none,Paranoia - Riskantes Spiel | Trailer D (2013) Liam Hemsworth,"http://www.facebook.com/moviemaniacsDE - Darsteller / cast: Liam Hemsworth , Amber Heard , Harrison Ford , Gary Oldman
Genre: action / thriller
Regie / directed by: Robert Luketic
Kinostart Deutschland: 2013
Kinostart USA: 2013
offizielle Filmsite: http://

Verwendung mit freundlicher Genehmigung von Studio Canal
used with authorization",PT1M44S,2d,hd,false,True,rectangular,processed,public,youtube,True,False,False,64244,34,0,3,,,
youtube#video,Vw91jnWtg1A2i5n8ZHzWMYZs1Po,8tWbXowQAoo,2016-08-11T22:30:46Z,UCO0dMRd66S6uDUan73Lg3Mg,WHO‚ÄôS RICHER? - Liam Hemsworth or Amber Heard? - Net Worth Revealed! (2016),Who‚Äôs worth more? How much money do Liam Hemsworth and actress Amber Heard have? We reveal their net worth and see who‚Äôs the richest between the two!,https://i.ytimg.com/vi/8tWbXowQAoo/default.jpg,120,90,https://i.ytimg.com/vi/8tWbXowQAoo/mqdefault.jpg,320,180,https://i.ytimg.com/vi/8tWbXowQAoo/hqdefault.jpg,480,360,https://i.ytimg.com/vi/8tWbXowQAoo/sddefault.jpg,640.0,480.0,https://i.ytimg.com/vi/8tWbXowQAoo/maxresdefault.jpg,1280.0,720.0,The Real Hollywood,"['Net Worth', 'Networth', 'Wealth', 'Rich', 'Facts', 'Factoids', 'Vs', 'Celebrity', 'Money', 'Fortune', 'Liam Hemsworth', 'Suit', 'Beard', 'Hot', 'Handsome', 'Smiling', 'Amber Heard', 'Ripped Shirt', 'Jeans', 'Long Hair', 'Messy Hair', 'Blonde']",24,none,WHO‚ÄôS RICHER? - Liam Hemsworth or Amber Heard? - Net Worth Revealed! (2016),Who‚Äôs worth more? How much money do Liam Hemsworth and actress Amber Heard have? We reveal their net worth and see who‚Äôs the richest between the two!,PT37S,2d,sd,false,True,rectangular,processed,public,youtube,True,False,False,365,4,0,0,,,
youtube#video,c2Bw_i_TkHZ8K_203WZk8xH3254,8ZeQE9MmBTE,2013-08-19T18:52:43Z,UCE0Wkd9Jcn2-TNo5G8bLQrA,Who Does Liam Hemsworth Want to Spy On?,"Subscribe here  ‚Üí http://tmto.es/HIXab for new celebrity interviews delivered to your inbox every week!

Liam Hemsworth, Amber Heard, and Harrison Ford star in Paranoia.  They discuss who they want to spy on, whether or not competition breeds innovation in acting, and how Grae took the movie a bit too seriously.",https://i.ytimg.com/vi/8ZeQE9MmBTE/default.jpg,120,90,https://i.ytimg.com/vi/8ZeQE9MmBTE/mqdefault.jpg,320,180,https://i.ytimg.com/vi/8ZeQE9MmBTE/hqdefault.jpg,480,360,https://i.ytimg.com/vi/8ZeQE9MmBTE/sddefault.jpg,640.0,480.0,https://i.ytimg.com/vi/8ZeQE9MmBTE/maxresdefault.jpg,1280.0,720.0,Rotten Tomatoes,"['Harrison Ford (TV Actor)', 'Amber Heard (TV Actor)', 'Liam Hemsworth (TV Actor)', 'grae drake', 'Rotten Tomatoes (Website)', 'Interview (Film)', 'gossip']",24,none,Who Does Liam Hemsworth Want to Spy On?,"Subscribe here  ‚Üí http://tmto.es/HIXab for new celebrity interviews delivered to your inbox every week!

Liam Hemsworth, Amber Heard, and Harrison Ford star in Paranoia.  They discuss who they want to spy on, whether or not competition breeds innovation in acting, and how Grae took the movie a bit too seriously.",PT4M2S,2d,hd,false,True,rectangular,processed,public,youtube,True,True,False,612,1,0,1,en,,
youtube#video,vvlUQTxxBrDUqCXUbR0NM1X194E,9f2dKCndMt4,2016-11-14T22:44:45Z,UCwLC_FF-eb44Qmi5C07J3Ew,RoxWorld Exclusive with Liam Hemsworth and Amber Heard for Paranoia,RoxWorld Exclusive with Liam Hemsworth and Amber Heard for Paranoia,https://i.ytimg.com/vi/9f2dKCndMt4/default.jpg,120,90,https://i.ytimg.com/vi/9f2dKCndMt4/mqdefault.jpg,320,180,https://i.ytimg.com/vi/9f2dKCndMt4/hqdefault.jpg,480,360,https://i.ytimg.com/vi/9f2dKCndMt4/sddefault.jpg,640.0,480.0,https://i.ytimg.com/vi/9f2dKCndMt4/maxresdefault.jpg,1280.0,720.0,Rox Cella,"['2660595753001', 'Hemsworth', 'paranoia', 'amber heard', 'Gary Oldman', 'Art', 'Harrison Ford', 'movie', 'Thriller', 'liam', 'entertainment', 'rox']",24,none,RoxWorld Exclusive with Liam Hemsworth and Amber Heard for Paranoia,RoxWorld Exclusive with Liam Hemsworth and Amber Heard for Paranoia,PT4M45S,2d,hd,false,False,rectangular,processed,public,youtube,True,True,False,44,1,0,0,,,
youtube#video,Bd6d0T99X6uaVO0XQd3D9COsY3E,c5ZNp7TIIRc,2018-12-22T11:43:32Z,UCsvTrRpxoM9F6vQP8CP2Juw,"Aquaman   Extended Trailer #2 2018   Jason Momoa, Amber Heard, Willem Dafoe",,https://i.ytimg.com/vi/c5ZNp7TIIRc/default.jpg,120,90,https://i.ytimg.com/vi/c5ZNp7TIIRc/mqdefault.jpg,320,180,https://i.ytimg.com/vi/c5ZNp7TIIRc/hqdefault.jpg,480,360,https://i.ytimg.com/vi/c5ZNp7TIIRc/sddefault.jpg,640.0,480.0,https://i.ytimg.com/vi/c5ZNp7TIIRc/maxresdefault.jpg,1280.0,720.0,Mr.GoBlog,,24,none,"Aquaman   Extended Trailer #2 2018   Jason Momoa, Amber Heard, Willem Dafoe",,PT5M18S,2d,hd,false,False,rectangular,processed,public,youtube,True,True,False,5,0,0,0,,,
youtube#video,hlYSvQ_xphbNgRhEPR1ihE_9E94,CBOUhOxsFko,2017-09-09T04:56:53Z,UCQWtYhOJxAcBieKg6giOW9g,Amber Heard 2 - Liam Hemsworth (Paranoia-Syrup),,https://i.ytimg.com/vi/CBOUhOxsFko/default.jpg,120,90,https://i.ytimg.com/vi/CBOUhOxsFko/mqdefault.jpg,320,180,https://i.ytimg.com/vi/CBOUhOxsFko/hqdefault.jpg,480,360,https://i.ytimg.com/vi/CBOUhOxsFko/sddefault.jpg,640.0,480.0,,,,Captain Evans Rachel Wood,,22,none,Amber Heard 2 - Liam Hemsworth (Paranoia-Syrup),,PT6M54S,2d,sd,false,False,rectangular,processed,public,youtube,True,True,False,163,2,0,0,,,
youtube#video,6rUiuqL3JSiyROKket0H4yPL8YE,ejmKejXbC9o,2013-08-10T00:28:05Z,UCQjh-JVPNWfY-KsZS3RgRHw,Miley Cyrus and Liam Hemsworth Cuddle at Paranoia Premiere - Interviews and Exclusive Photos!!,"Miley Cyrus and Liam Hemsworth Together at Paranoia Premiere - Interviews with Liam Hemsworth, Amber Heard and EXCLUSIVE cute photos of Miley and Liam!!
http://bit.ly/SubClevverNews - Subscribe Now!
http://Twitter.com/ClevverNews - Follow Us!
http://Twitter.com/Katie_Krause - Send Katie a Tweet!
http://Facebook.com/ClevverNews - Like Us!
http://Clevver.com - Visit our site!
Miley and Liam Reunite on the Red Carpet!
Liam Hemsworth, Amber Heard and Harrison Ford hit the red carpet for the premiere of their movie Paranoia last night in LA -- and Miley showed up to support her fianc√©. 
While many outlets are suggesting that the couple seemed ""distant"" -- I can assure you, I was on-hand and such was not the case. 
Before I get into details about Miam though -- check out what the cast told us about their stellar new film:
(RED CARPET PACKAGE)
Fun night. And you guys -- Paranoia hits theaters on August 16th. 
Now, back to Miley and Liam since I know that's what you're curious about.  They posed for several photos together and we spotted Miley hanging out with Liam's family at the end of the carpet while he worked the press line.  She glanced over at him several times, and while we did try to get a few questions with her -- it was pretty evident she wanted Liam to be the one to shine.
After he was done with press, they talked with his family some more -- and he was seen with his hands on her lower back.   Also you guys -- Miley's former Hannah Montana co-star, Emily Osment showed up -- and the two ladies spent 15 minutes or so catching up.  How cute!
And if you're wondering -- Miley was sporting her gorgeous engagement ring, so if you ask me -- all is well in the world of Miley and Liam right now. 
One thing is for sure -- don't expect Liam to open up about Miley to the public.  When asked about his social media preferences -- he said he'd be staying hush hush when it comes to his personal life... oh and, unlike Nick Jonas and Justin Bieber... he won't be posting any selfies -- take a look at what he told some other reports on the carpet last night:
(CLIP)
And, there you have it. 
So -- what do you guys think -- are Miley and Liam still going strong, or was this just an effort to stand united in public -- and will you be checking out Paranoia?  ( I hope the answer is yes!)
Let me know in the comment section below or send me over a tweet and then make sure you hit that SUBSCRIBE button for more exclusive interviews and details about your favorite celebs.  In Hollywood, I'm your host Katie Krause and thanks for watching.  Bye for now!",https://i.ytimg.com/vi/ejmKejXbC9o/default.jpg,120,90,https://i.ytimg.com/vi/ejmKejXbC9o/mqdefault.jpg,320,180,https://i.ytimg.com/vi/ejmKejXbC9o/hqdefault.jpg,480,360,https://i.ytimg.com/vi/ejmKejXbC9o/sddefault.jpg,640.0,480.0,,,,Clevver News,"['Liam Hemsworth (TV Actor)', 'Miley Cyrus', 'Paranoia', 'Photos', 'Video', 'Interviews', 'Miley Cyrus and Liam Hemsworth', 'Engagement Ring', 'Liam Hemsworth Interview', 'Amber Heard', 'Liam Hemsworth Talks Miley Cyrus', 'shirtless', 'Miley Cyrus and Liam Hemsworth wedding', 'family', 'Katie Krause', 'Interview 2013', 'Exclusive', 'Amber Heard Interview', 'Miley Cyrus Interview', 'Liam Interview about Miley']",24,none,Miley Cyrus and Liam Hemsworth Cuddle at Paranoia Premiere - Interviews and Exclusive Photos!!,"Miley Cyrus and Liam Hemsworth Together at Paranoia Premiere - Interviews with Liam Hemsworth, Amber Heard and EXCLUSIVE cute photos of Miley and Liam!!
http://bit.ly/SubClevverNews - Subscribe Now!
http://Twitter.com/ClevverNews - Follow Us!
http://Twitter.com/Katie_Krause - Send Katie a Tweet!
http://Facebook.com/ClevverNews - Like Us!
http://Clevver.com - Visit our site!
Miley and Liam Reunite on the Red Carpet!
Liam Hemsworth, Amber Heard and Harrison Ford hit the red carpet for the premiere of their movie Paranoia last night in LA -- and Miley showed up to support her fianc√©. 
While many outlets are suggesting that the couple seemed ""distant"" -- I can assure you, I was on-hand and such was not the case. 
Before I get into details about Miam though -- check out what the cast told us about their stellar new film:
(RED CARPET PACKAGE)
Fun night. And you guys -- Paranoia hits theaters on August 16th. 
Now, back to Miley and Liam since I know that's what you're curious about.  They posed for several photos together and we spotted Miley hanging out with Liam's family at the end of the carpet while he worked the press line.  She glanced over at him several times, and while we did try to get a few questions with her -- it was pretty evident she wanted Liam to be the one to shine.
After he was done with press, they talked with his family some more -- and he was seen with his hands on her lower back.   Also you guys -- Miley's former Hannah Montana co-star, Emily Osment showed up -- and the two ladies spent 15 minutes or so catching up.  How cute!
And if you're wondering -- Miley was sporting her gorgeous engagement ring, so if you ask me -- all is well in the world of Miley and Liam right now. 
One thing is for sure -- don't expect Liam to open up about Miley to the public.  When asked about his social media preferences -- he said he'd be staying hush hush when it comes to his personal life... oh and, unlike Nick Jonas and Justin Bieber... he won't be posting any selfies -- take a look at what he told some other reports on the carpet last night:
(CLIP)
And, there you have it. 
So -- what do you guys think -- are Miley and Liam still going strong, or was this just an effort to stand united in public -- and will you be checking out Paranoia?  ( I hope the answer is yes!)
Let me know in the comment section below or send me over a tweet and then make sure you hit that SUBSCRIBE button for more exclusive interviews and details about your favorite celebs.  In Hollywood, I'm your host Katie Krause and thanks for watching.  Bye for now!",PT6M39S,2d,hd,false,True,rectangular,processed,public,youtube,True,True,False,93858,362,0,77,,,
youtube#video,LWvUWYzEsu320rXJZFTpalyMxdk,g0IT60irQ2I,2013-10-20T00:37:34Z,UCYKUzryqDfXOc_pVFe16duw,"(FANMADE) The Power Rangers Trailer #1 -Liam Hemsworth,Michelle Rodriguez,Tyrese Gibson","the darkest reboot ever

had to render this video into 4 parts 
hope the quality is still good
hemsworth - red
michelle - yellow
amber heard - pink
tyrese - green
jim sturgess - blue",https://i.ytimg.com/vi/g0IT60irQ2I/default.jpg,120,90,https://i.ytimg.com/vi/g0IT60irQ2I/mqdefault.jpg,320,180,https://i.ytimg.com/vi/g0IT60irQ2I/hqdefault.jpg,480,360,https://i.ytimg.com/vi/g0IT60irQ2I/sddefault.jpg,640.0,480.0,,,,smily179,"['power', 'rangers', 'the', 'mighty', 'morphin', 'reboot', '2014', '2013', '2015', 'special', 'tv', 'show', 'episode', 'episode 1', 'michelle', 'rodriguez', 'liam', 'hemsworth', 'miley', 'cyrus', 'vma', 'tyrese', 'gibson', 'jim', 'sturgess', 'red', 'ranger', 'green', 'movie', 'trailer', 'teaser', 'Michelle Rodriguez (TV Actor)', 'Liam Hemsworth (TV Actor)', 'Power Rangers (TV Program)', 'Transformers', 'pacific', 'rim', 'amber', 'heard', 'avengers', 'chris', 'thor', 'ironman', 'hulk', 'fan', 'made', 'mashup', 'Thor (Fictional Character)']",24,none,"(FANMADE) The Power Rangers Trailer #1 -Liam Hemsworth,Michelle Rodriguez,Tyrese Gibson","the darkest reboot ever

had to render this video into 4 parts 
hope the quality is still good
hemsworth - red
michelle - yellow
amber heard - pink
tyrese - green
jim sturgess - blue",PT3M50S,2d,sd,false,False,rectangular,processed,public,youtube,True,True,False,1378,7,0,3,,,
youtube#video,aSqFbqxJJ4fV7TjhXANfx4JwQ_g,GDdA6jxAI18,2013-08-13T15:31:07Z,UCP5Q315vMoQoMWUukmWOGGw,Paranoia - Liam Hemsworth Featurette,"Paranoia - Liam Hemsworth Featurette

Paranoia directed by Robert Luketic and starring Liam Hemsworth, Amber Heard

An entry-level employee at a powerful corporation finds himself occupying a corner office, but at a dangerous price: he must spy on his boss's old mentor to secure for him a multi-billion dollar advantage.

Release Date: August 16th, 2013
Director: Robert Luketic
Cast: Gary Oldman, Liam Hemsworth, Amber Heard, Harrison Ford, Embeth Davidtz
Genre: Thriller, Drama

Check our Website: http://www.filmisnow.com
Italian Reviews: http://www.ultimenotizieflash.com/cinema/
Click to subscribe: http://bit.ly/GQt997

Here you'll find Movie Reviews, Movie Trailers, Celebrity Interviews, Movie and Entertainment News and much more!      

Check out our network: 
-  http://www.youtube.com/user/filmisnow
-  http://www.youtube.com/user/filmisnow2
-  http://www.youtube.com/user/filmisnoweu
-  http://www.youtube.com/user/worldcinemanews
-  http://www.youtube.com/user/filmisnowhd
-  http://www.youtube.com/user/filmisnowextra

Follow us on Facebook: http://on.fb.me/UFZaEu
Follow us on Google +: http://goo.gl/gwW2Z
Follow us on Twitter: http://twitter.com/#!/filmisnow

New movie trailers every day!

""Paranoia Featurette"" ""Paranoia Movie Featurette"" ""Featurette"" ""Paranoia"" ""Gary Oldman"" ""Liam Hemsworth"" ""Amber Heard"" ""Harrison Ford"" ""Embeth Davidtz""",https://i.ytimg.com/vi/GDdA6jxAI18/default.jpg,120,90,https://i.ytimg.com/vi/GDdA6jxAI18/mqdefault.jpg,320,180,https://i.ytimg.com/vi/GDdA6jxAI18/hqdefault.jpg,480,360,https://i.ytimg.com/vi/GDdA6jxAI18/sddefault.jpg,640.0,480.0,https://i.ytimg.com/vi/GDdA6jxAI18/maxresdefault.jpg,1280.0,720.0,FilmIsNow Action Movie Trailers,"['Paranoia Featurette', 'Paranoia Movie Featurette', 'Featurette', 'Paranoia', 'Gary Oldman', 'Liam Hemsworth', 'Amber Heard', 'Harrison Ford', 'Embeth Davidtz']",1,none,Paranoia - Liam Hemsworth Featurette,"Paranoia - Liam Hemsworth Featurette

Paranoia directed by Robert Luketic and starring Liam Hemsworth, Amber Heard

An entry-level employee at a powerful corporation finds himself occupying a corner office, but at a dangerous price: he must spy on his boss's old mentor to secure for him a multi-billion dollar advantage.

Release Date: August 16th, 2013
Director: Robert Luketic
Cast: Gary Oldman, Liam Hemsworth, Amber Heard, Harrison Ford, Embeth Davidtz
Genre: Thriller, Drama

Check our Website: http://www.filmisnow.com
Italian Reviews: http://www.ultimenotizieflash.com/cinema/
Click to subscribe: http://bit.ly/GQt997

Here you'll find Movie Reviews, Movie Trailers, Celebrity Interviews, Movie and Entertainment News and much more!      

Check out our network: 
-  http://www.youtube.com/user/filmisnow
-  http://www.youtube.com/user/filmisnow2
-  http://www.youtube.com/user/filmisnoweu
-  http://www.youtube.com/user/worldcinemanews
-  http://www.youtube.com/user/filmisnowhd
-  http://www.youtube.com/user/filmisnowextra

Follow us on Facebook: http://on.fb.me/UFZaEu
Follow us on Google +: http://goo.gl/gwW2Z
Follow us on Twitter: http://twitter.com/#!/filmisnow

New movie trailers every day!

""Paranoia Featurette"" ""Paranoia Movie Featurette"" ""Featurette"" ""Paranoia"" ""Gary Oldman"" ""Liam Hemsworth"" ""Amber Heard"" ""Harrison Ford"" ""Embeth Davidtz""",PT2M39S,2d,hd,false,True,rectangular,processed,public,youtube,True,False,False,1236,3,0,0,en-US,,
youtube#video,Trz8f4ARnVDkutbytrTB0O9OCWw,hB5FBTDEGW8,2016-04-17T18:19:32Z,UCnl_OdZMjiStx0CgH_fyZBQ,"Really? Liam Hemsworth Says He's Not Engaged to Miley Cyrus, But She Thinks He Is",Really? Entertainment news. Miley Cyrus. Liam Hemsworth. China. reality shows. Kardashians. I Am Cait. Johnny Depp. Amber Heard. David Gest. Liza Minelli.,https://i.ytimg.com/vi/hB5FBTDEGW8/default.jpg,120,90,https://i.ytimg.com/vi/hB5FBTDEGW8/mqdefault.jpg,320,180,https://i.ytimg.com/vi/hB5FBTDEGW8/hqdefault.jpg,480,360,https://i.ytimg.com/vi/hB5FBTDEGW8/sddefault.jpg,640.0,480.0,,,,Laura Tucker,"['Miley Cyrus', 'Liam Hemsworth', 'China', 'reality shows', 'Kardashians', 'I Am Cait', 'Johnny Depp', 'Amber Heard', 'David Gest', 'Liza Minelli']",24,none,"Really? Liam Hemsworth Says He's Not Engaged to Miley Cyrus, But She Thinks He Is",Really? Entertainment news. Miley Cyrus. Liam Hemsworth. China. reality shows. Kardashians. I Am Cait. Johnny Depp. Amber Heard. David Gest. Liza Minelli.,PT2M58S,2d,sd,false,False,rectangular,processed,public,youtube,True,True,False,37,2,0,2,,,
youtube#video,E3NrhGhOABhp41_OkuAKJqfGZKY,hIAiXrRmWXk,2015-07-19T13:06:40Z,UCdc_7VQCBhLMyXREsDd9Qbg,PARANOIA - RISKANTES SPIEL - Kritik/Review,"PARANOIA - RISKANTES SPIEL - Kritik/Review von Robert Luketic mit Harrison Ford, Gary Oldman, Liam Hemsworth, Amber Heard
Trailer - https://www.youtube.com/watch?v=wwGQ3uIz49c&ab_channel=vipmagazin",https://i.ytimg.com/vi/hIAiXrRmWXk/default.jpg,120,90,https://i.ytimg.com/vi/hIAiXrRmWXk/mqdefault.jpg,320,180,https://i.ytimg.com/vi/hIAiXrRmWXk/hqdefault.jpg,480,360,https://i.ytimg.com/vi/hIAiXrRmWXk/sddefault.jpg,640.0,480.0,https://i.ytimg.com/vi/hIAiXrRmWXk/maxresdefault.jpg,1280.0,720.0,Dave's(Film)Talk,"['Paranoia (Film)', 'Film (Media Genre)', 'Harrison Ford', 'Reviews', 'Review', 'Collection', 'Game', 'Update', 'Gary Oldman (Celebrity)', 'Liam Hemsworth (Celebrity)', 'Amber Heard', 'Dvd', 'Review Part', 'Product', 'Kritik', 'Robert Hofmann', 'Overview', 'Critic', 'Game Review']",1,none,PARANOIA - RISKANTES SPIEL - Kritik/Review,"PARANOIA - RISKANTES SPIEL - Kritik/Review von Robert Luketic mit Harrison Ford, Gary Oldman, Liam Hemsworth, Amber Heard
Trailer - https://www.youtube.com/watch?v=wwGQ3uIz49c&ab_channel=vipmagazin",PT4M20S,2d,hd,false,False,rectangular,processed,public,youtube,True,True,False,169,4,0,0,,,
youtube#video,HQ8usbfHGy9THl-oAOpUds5o2Fk,iaCC7LfML40,2013-08-02T23:25:13Z,UCIJD8j_-ts60QDoqjaWA8Xw,"Paranoia Clip - ""Blackmail""","Paranoia clip - ""Blackmail"" in theaters August 16th.  Starring Liam Hemsworth, Gary Oldman, Harrison Ford, Amber Heard & Julian McMahon.",https://i.ytimg.com/vi/iaCC7LfML40/default.jpg,120,90,https://i.ytimg.com/vi/iaCC7LfML40/mqdefault.jpg,320,180,https://i.ytimg.com/vi/iaCC7LfML40/hqdefault.jpg,480,360,https://i.ytimg.com/vi/iaCC7LfML40/sddefault.jpg,640.0,480.0,https://i.ytimg.com/vi/iaCC7LfML40/maxresdefault.jpg,1280.0,720.0,sjcjdm,"['Paranoia', 'Liam Hemsworth', 'Amber Heard', 'Julian McMahon', 'Harrison Ford', 'Gary Oldman']",24,none,"Paranoia Clip - ""Blackmail""","Paranoia clip - ""Blackmail"" in theaters August 16th.  Starring Liam Hemsworth, Gary Oldman, Harrison Ford, Amber Heard & Julian McMahon.",PT1M,2d,hd,false,False,rectangular,processed,public,youtube,True,True,False,3165,22,0,0,,,
youtube#video,upKwXJ_sJr_obrd617c9eoo8W_w,ix3rRhAmA_4,2013-09-19T19:16:05Z,UCKy1dAqELo0zrOtPkf0eTMw,"Machete Kills - ""Wall of Weapons"" Clip",Amber Heard shows Danny Trejo a variety of deadly weapons.,https://i.ytimg.com/vi/ix3rRhAmA_4/default.jpg,120,90,https://i.ytimg.com/vi/ix3rRhAmA_4/mqdefault.jpg,320,180,https://i.ytimg.com/vi/ix3rRhAmA_4/hqdefault.jpg,480,360,https://i.ytimg.com/vi/ix3rRhAmA_4/sddefault.jpg,640.0,480.0,https://i.ytimg.com/vi/ix3rRhAmA_4/maxresdefault.jpg,1280.0,720.0,IGN,"['machete', 'machete kills', 'machete kills clip', 'machete kills wall of weapons', 'clip', 'danny trejo', 'amber heard', 'ign', 'Clip', 'Machete Kills', 'movie']",24,none,"Machete Kills - ""Wall of Weapons"" Clip",Amber Heard shows Danny Trejo a variety of deadly weapons.,PT50S,2d,hd,false,False,rectangular,processed,public,youtube,True,True,False,25430,467,0,99,,,
youtube#video,NcKIMNxtre1D0tfBWbUCWsho-rY,JmnfMQbkJ_8,2013-09-05T13:00:57Z,UCeXmE5YA3lfTBrL-YBPWW0g,"IL POTERE DEI SOLDI - Featurette ""Liam Hemsworth""","Featurette ""Liam Hemsworth"" del thriller IL POTERE DEI SOLDI, con Harrison Ford, Gary Oldman, Liam Hemsworth e Amber Heard, al cinema dal 12 Settembre 2013.

IL POTERE DEI SOLDI s'inoltra in profondit√† dentro un micidiale mondo di avidit√† e menzogna celandosi dietro le apparenze del successo globalizzato. I due miliardari pi√π potenti del mondo nel settore della tecnologia avanzata (Harrison Ford e Gary Oldman) sono degli acerrimi rivali dal passato problematico, che non sono disposti a fermarsi davanti a nulla pur di distruggersi a vicenda. Un giovane dalla folgorante carriera, Adam Cassidy (Liam Hemsworth), sedotto dalla ricchezza e dal potere senza limiti, s'intromette fra i due e rimane intrappolato nei loro contorti e imprevedibili giochi di spionaggio industriale la cui posta √® la vita o la morte. Quando Adam capisce che la sua vita √® in pericolo, √® ormai andato troppo in l√† e sa troppe cose perch√© i due lo lascino andare via.

Seguici su Facebook: https://facebook.com/moviemaxitalia
Seguici su Twitter: http://twitter.com/moviemax_italia",https://i.ytimg.com/vi/JmnfMQbkJ_8/default.jpg,120,90,https://i.ytimg.com/vi/JmnfMQbkJ_8/mqdefault.jpg,320,180,https://i.ytimg.com/vi/JmnfMQbkJ_8/hqdefault.jpg,480,360,https://i.ytimg.com/vi/JmnfMQbkJ_8/sddefault.jpg,640.0,480.0,https://i.ytimg.com/vi/JmnfMQbkJ_8/maxresdefault.jpg,1280.0,720.0,Moviemax Italia,"['il potere dei soldi', 'potere dei soldi', 'potere dei soldi trailer ita', 'potere dei soldi trailer italiano', 'potere dei soldi trailer', 'trailer', 'trailer italiano', 'trailer ita', 'thriller', 'Film', 'Harrison Ford (TV Actor)', 'Gary Oldman (Video Game Actor)', 'Liam Hemsworth (TV Actor)', 'Cinema', 'Amber Heard (TV Actor)', 'Josh Holloway (TV Actor)', 'Robert Luketic (Film Director)', 'spy thriller', 'financial thriller', 'moviemax', 'paranoia', 'Paranoia trailer ita', 'paranoia trailer italiano']",1,none,"IL POTERE DEI SOLDI - Featurette ""Liam Hemsworth""","Featurette ""Liam Hemsworth"" del thriller IL POTERE DEI SOLDI, con Harrison Ford, Gary Oldman, Liam Hemsworth e Amber Heard, al cinema dal 12 Settembre 2013.

IL POTERE DEI SOLDI s'inoltra in profondit√† dentro un micidiale mondo di avidit√† e menzogna celandosi dietro le apparenze del successo globalizzato. I due miliardari pi√π potenti del mondo nel settore della tecnologia avanzata (Harrison Ford e Gary Oldman) sono degli acerrimi rivali dal passato problematico, che non sono disposti a fermarsi davanti a nulla pur di distruggersi a vicenda. Un giovane dalla folgorante carriera, Adam Cassidy (Liam Hemsworth), sedotto dalla ricchezza e dal potere senza limiti, s'intromette fra i due e rimane intrappolato nei loro contorti e imprevedibili giochi di spionaggio industriale la cui posta √® la vita o la morte. Quando Adam capisce che la sua vita √® in pericolo, √® ormai andato troppo in l√† e sa troppe cose perch√© i due lo lascino andare via.

Seguici su Facebook: https://facebook.com/moviemaxitalia
Seguici su Twitter: http://twitter.com/moviemax_italia",PT1M32S,2d,hd,false,False,rectangular,processed,public,youtube,True,True,False,1904,1,0,0,,,
youtube#video,mh5fVTeOP5px5gPQBBgxFm1XJhI,k1WQcTyIISM,2011-05-26T09:51:33Z,UCulnjRStz-PZEypr3uNtPiA,Amber Heard, ,https://i.ytimg.com/vi/k1WQcTyIISM/default.jpg,120,90,https://i.ytimg.com/vi/k1WQcTyIISM/mqdefault.jpg,320,180,https://i.ytimg.com/vi/k1WQcTyIISM/hqdefault.jpg,480,360,,,,,,,DarthPersaios,"['Amber', 'Heard', '2']",24,none,Amber Heard, ,PT26S,2d,sd,false,False,rectangular,processed,public,youtube,True,True,False,1618,2,0,0,,ytAgeRestricted,
youtube#video,W8WjHEuEVFKwReWulbAZkoWRDeA,KXUIPYONyPI,2021-09-19T13:30:08Z,UCoU5P9-WtHiVMGHABpi2-aw,AMBER HEARD | FULL SCREEN | WHATSAPP STATUS | HEY MAMA,,https://i.ytimg.com/vi/KXUIPYONyPI/default.jpg,120,90,https://i.ytimg.com/vi/KXUIPYONyPI/mqdefault.jpg,320,180,https://i.ytimg.com/vi/KXUIPYONyPI/hqdefault.jpg,480,360,https://i.ytimg.com/vi/KXUIPYONyPI/sddefault.jpg,640.0,480.0,https://i.ytimg.com/vi/KXUIPYONyPI/maxresdefault.jpg,1280.0,720.0,PIRATE ANTO ,"['#amberheard', '#amberheardwhatsappstatus', '#amberheardfullscreenwhatsappstatus', '#Scarlettjohanssonwhatsappstatus', '#jenniferlawrencewhatsappstatus', '#emmawatsonwhatsappstatus', '#natalieportmanwhatsappstatus', '#emmastonewhatsappstatus', '#galgadotwhatsappstatus', '#margotrobbiewhatsappstatus', '#meganfoxwhatsappstatus', '#alexandradaddariowhatsappstatus', '#emilybluntwhatsappstatus', '#jessicaalbawhatsappstatus', '#brielarsonwhatsappstatus', '#zendayawhatsappstatus', '#aquaman2', '#aquaman2whatsappstatus']",10,none,AMBER HEARD | FULL SCREEN | WHATSAPP STATUS | HEY MAMA,,PT22S,2d,hd,false,False,rectangular,processed,public,youtube,True,True,False,932,50,0,1,zxx,,
youtube#video,B0m71Pf4RAfKlOS44Ap7_PwOMjg,MGo1FvUuJF0,2016-04-26T17:18:52Z,UCKTFkd5KG3J9NmeOTQCWnaw,Multi(fe)males; Ready or Not,"Characters:
Taja - Michelle Rodriguez
Brad - Chris Hemsworth
Sutton - Amber Heard
Eric - Jai Courtney
AJ - April Jeanette Brooks
Paige - Saraya J. Bevis
Megan Davis - Megan Fox
Dean Ackles - Jensen Ackles
Lilith - Shelly Hennig
Jove MacRae - Michael Fassbender
Elijah MacRae - Daniel Gillies
Jayden Rivers - Liam Hemsworth
Amalya Crane - Margot Robbie
Riley Caviness - Marie Avgeropoulos
Kai Caviness - Chris Wood
Juice Ortis - Alexander Skarsgard
Clarissa Danvers - Lindsey Morgan
Liana Hudson - Alexandra Daddario
Dominic - Jason Statham

Colouring: Not mine
Song: Ready or Not - Misha",https://i.ytimg.com/vi/MGo1FvUuJF0/default.jpg,120,90,https://i.ytimg.com/vi/MGo1FvUuJF0/mqdefault.jpg,320,180,https://i.ytimg.com/vi/MGo1FvUuJF0/hqdefault.jpg,480,360,,,,,,,Cherry Moon,"['Divergent', 'Insurgent', 'Ready or Not', 'Bad Ass', 'WWE', 'The 100', 'Death Race', 'Fast and Furious', 'The Vampire Diaries', 'True Blood', 'Taja', 'Brad', 'Juice', 'Kai', 'Riley', 'Eric', 'AJ', 'Paige', 'Clarissa', 'Liana', 'Dominic', 'Sutt']",24,none,Multi(fe)males; Ready or Not,"Characters:
Taja - Michelle Rodriguez
Brad - Chris Hemsworth
Sutton - Amber Heard
Eric - Jai Courtney
AJ - April Jeanette Brooks
Paige - Saraya J. Bevis
Megan Davis - Megan Fox
Dean Ackles - Jensen Ackles
Lilith - Shelly Hennig
Jove MacRae - Michael Fassbender
Elijah MacRae - Daniel Gillies
Jayden Rivers - Liam Hemsworth
Amalya Crane - Margot Robbie
Riley Caviness - Marie Avgeropoulos
Kai Caviness - Chris Wood
Juice Ortis - Alexander Skarsgard
Clarissa Danvers - Lindsey Morgan
Liana Hudson - Alexandra Daddario
Dominic - Jason Statham

Colouring: Not mine
Song: Ready or Not - Misha",PT2M3S,2d,hd,false,False,rectangular,processed,public,youtube,True,True,False,514,9,0,12,,,
youtube#video,ScZ1Mevbj8D5N6Olz6-Hk7tSCWM,mONCuhKv_FQ,2017-12-23T16:39:34Z,UCWBSfXtoQGFMNB6IAlzLfSg,Liam Hemsworth Love Scene,"Subscribe to TRAILERS:¬† to COMING SOON:¬† us on FACEBOOK:¬† Official Trailer #1 (2013) - Liam Hemsworth, Amber Heard Movie HDAn entry-level employee at a powerful corporation finds himself occupying a corner office, but at a dangerous price: he must spy on his boss's old mentor to secure for him a multi-billion dollar advantage.The Movieclips Trailers channel is your destination for hot new trailers the second they drop. Whether they are blockbusters, indie films, or that new comedy you've been waiting for, the Movieclips Trailers team is there day and night to make sure all the hottest new movie trailers are available whenever you need them, as soon as you can get them. All the summer blockbusters, Man of Steel, Oblivion, Pacific Rim, After Earth, The Lone Ranger, Star Trek Into Darkness and more! They are all available on Movieclips Trailers.In addition to hot new trailers, the Movieclips Trailers page gives you original content like Ultimate Trailers, Instant Trailer Reviews, Monthly Mashups, and Meg's Movie News and more to keep you up-to-date on what's out this week and what you should be watching.",https://i.ytimg.com/vi/mONCuhKv_FQ/default.jpg,120,90,https://i.ytimg.com/vi/mONCuhKv_FQ/mqdefault.jpg,320,180,https://i.ytimg.com/vi/mONCuhKv_FQ/hqdefault.jpg,480,360,https://i.ytimg.com/vi/mONCuhKv_FQ/sddefault.jpg,640.0,480.0,,,,Top Best,"['liam hemsworth love scene', 'Machete', 'romance', 'Paranoia', 'Amber Heard', '2010s comedy-drama films', 'Chris Hemsworth', 'kissing', 'money', 'movieclipsDOTcom', 'employee', 'Kommunikation']",22,none,Liam Hemsworth Love Scene,"Subscribe to TRAILERS:¬† to COMING SOON:¬† us on FACEBOOK:¬† Official Trailer #1 (2013) - Liam Hemsworth, Amber Heard Movie HDAn entry-level employee at a powerful corporation finds himself occupying a corner office, but at a dangerous price: he must spy on his boss's old mentor to secure for him a multi-billion dollar advantage.The Movieclips Trailers channel is your destination for hot new trailers the second they drop. Whether they are blockbusters, indie films, or that new comedy you've been waiting for, the Movieclips Trailers team is there day and night to make sure all the hottest new movie trailers are available whenever you need them, as soon as you can get them. All the summer blockbusters, Man of Steel, Oblivion, Pacific Rim, After Earth, The Lone Ranger, Star Trek Into Darkness and more! They are all available on Movieclips Trailers.In addition to hot new trailers, the Movieclips Trailers page gives you original content like Ultimate Trailers, Instant Trailer Reviews, Monthly Mashups, and Meg's Movie News and more to keep you up-to-date on what's out this week and what you should be watching.",PT1M25S,2d,hd,false,False,rectangular,processed,public,youtube,True,True,False,246,1,0,0,,,
youtube#video,Dov7POtWY390y1LTEXrF26jD1G4,q7r4Te-Mzk0,2015-10-07T00:12:53Z,UCO0dMRd66S6uDUan73Lg3Mg,WHO‚ÄôS RICHER? - Amber Heard or Zac Efron? - Net Worth Revealed!,Who‚Äôs worth more? How much money do actress Amber Heard and Zac Efron have? We reveal their net worth and see who‚Äôs the richest between the two!,https://i.ytimg.com/vi/q7r4Te-Mzk0/default.jpg,120,90,https://i.ytimg.com/vi/q7r4Te-Mzk0/mqdefault.jpg,320,180,https://i.ytimg.com/vi/q7r4Te-Mzk0/hqdefault.jpg,480,360,https://i.ytimg.com/vi/q7r4Te-Mzk0/sddefault.jpg,640.0,480.0,https://i.ytimg.com/vi/q7r4Te-Mzk0/maxresdefault.jpg,1280.0,720.0,The Real Hollywood,"['Net Worth', 'Networth', 'Wealth', 'Rich', 'Facts', 'Factoids', 'Vs', 'Celebrity', 'Money', 'Fortune', 'Amber Heard', 'Ripped Shirt', 'Jeans', 'Long Hair', 'Messy Hair', 'Blonde', 'Zac Efron', 'Muscles', 'T Shirt', 'Hot', 'Handsome']",24,none,WHO‚ÄôS RICHER? - Amber Heard or Zac Efron? - Net Worth Revealed!,Who‚Äôs worth more? How much money do actress Amber Heard and Zac Efron have? We reveal their net worth and see who‚Äôs the richest between the two!,PT33S,2d,hd,false,True,rectangular,processed,public,youtube,True,False,False,55,0,0,0,,,
youtube#video,2ZFBMfOO4Ww9gwNIn2YuiCpdmXg,VUCYJOrHAeE,2013-08-08T08:08:56Z,UCCeuwuFPz0tTQB9W-OVlrRQ,"""Paranoia"" Interviews: Harrison Ford, Liam Hemsworth and Amber Heard","Harrison Ford on reuniting with his ""Air Force One"" co-star, Gary Oldman, the advice he wanted to pass on to Liam Hemsworth, Hemsworth's intimidation stepping onto set and the cast's technological addictions.",https://i.ytimg.com/vi/VUCYJOrHAeE/default.jpg,120,90,https://i.ytimg.com/vi/VUCYJOrHAeE/mqdefault.jpg,320,180,https://i.ytimg.com/vi/VUCYJOrHAeE/hqdefault.jpg,480,360,https://i.ytimg.com/vi/VUCYJOrHAeE/sddefault.jpg,640.0,480.0,,,,Sasha Perl-Raver,"['Amber Heard', 'Liam Hemsworth', 'Harrison Ford', 'Sasha Perl-Raver', 'Paranoia', 'Air Force One', 'Gary Oldman', 'interview', 'behind the scenes', 'exclusive', 'Paranoia movie']",1,none,"""Paranoia"" Interviews: Harrison Ford, Liam Hemsworth and Amber Heard","Harrison Ford on reuniting with his ""Air Force One"" co-star, Gary Oldman, the advice he wanted to pass on to Liam Hemsworth, Hemsworth's intimidation stepping onto set and the cast's technological addictions.",PT4M5S,2d,sd,false,False,rectangular,processed,public,youtube,True,True,False,516,5,0,0,,,
youtube#video,D4fi0nPXCfvGqPM-jjL6nAQLh44,wmi3xLVro9Q,2013-08-16T23:48:02Z,UCtv5uN0HloDJuFA0xsINryg,JOHNNY DEPP AND AMBER HEARD TRIBUTE,I¬¥m obsessed with this couple..... so here¬¥s a tribute with two beautiful songs..,https://i.ytimg.com/vi/wmi3xLVro9Q/default.jpg,120,90,https://i.ytimg.com/vi/wmi3xLVro9Q/mqdefault.jpg,320,180,https://i.ytimg.com/vi/wmi3xLVro9Q/hqdefault.jpg,480,360,,,,,,,Andrea Palacios,"['johnny', 'depp', 'amber', 'heard', 'wicked game', 'russian roulette']",24,none,JOHNNY DEPP AND AMBER HEARD TRIBUTE,I¬¥m obsessed with this couple..... so here¬¥s a tribute with two beautiful songs..,PT6M13S,2d,sd,false,False,rectangular,processed,public,youtube,True,True,False,426222,838,0,171,,ytAgeRestricted,['DE']
youtube#video,4h_5ubpPGAJsdAUnW0HLtKxL3N0,XVuWUIsa_t0,2014-12-09T15:00:42Z,UCIsbLox_y9dCIMLd8tdC6qg,"Perfect Happiness According to Aaron Paul, Amber Heard, Diane Kruger and More","Celebrities from the show @VFHollywood explain their idea of perfect happiness. 

Still haven‚Äôt subscribed to Vanity Fair on YouTube? ‚ñ∫‚ñ∫ http://bit.ly/2z6Ya9M

ABOUT VANITY FAIR
Arts and entertainment, business and media, politics, and world affairs‚ÄîVanity Fair‚Äôs features and exclusive videos capture the people, places, and ideas that define modern culture. 

Perfect Happiness According to Aaron Paul, Amber Heard, Diane Kruger and More",https://i.ytimg.com/vi/XVuWUIsa_t0/default.jpg,120,90,https://i.ytimg.com/vi/XVuWUIsa_t0/mqdefault.jpg,320,180,https://i.ytimg.com/vi/XVuWUIsa_t0/hqdefault.jpg,480,360,https://i.ytimg.com/vi/XVuWUIsa_t0/sddefault.jpg,640.0,480.0,https://i.ytimg.com/vi/XVuWUIsa_t0/maxresdefault.jpg,1280.0,720.0,Vanity Fair,"['one on one', 'interview', 'questions and answers', 'q&a', 'ideal', 'perfect', 'happiness', 'famous', 'celebrities', 'vfhollywood', 'new', 'news', 'style', 'culture', 'celebrity', 'hollywood', 'vanity fair', 'vf']",24,none,"Perfect Happiness According to Aaron Paul, Amber Heard, Diane Kruger and More","Celebrities from the show @VFHollywood explain their idea of perfect happiness. 

Still haven‚Äôt subscribed to Vanity Fair on YouTube? ‚ñ∫‚ñ∫ http://bit.ly/2z6Ya9M

ABOUT VANITY FAIR
Arts and entertainment, business and media, politics, and world affairs‚ÄîVanity Fair‚Äôs features and exclusive videos capture the people, places, and ideas that define modern culture. 

Perfect Happiness According to Aaron Paul, Amber Heard, Diane Kruger and More",PT1M27S,2d,hd,false,True,rectangular,processed,public,youtube,True,False,False,51343,33,0,11,en-US,,
youtube#video,X7L-qAD1d-VxPXAvoGzMpqI8_OI,_EVXK6pWWSA,2016-04-19T06:15:15Z,UCKA5o4rem1Kj-y6M-OASyGg,How Much Taller? - Miley Cyrus vs Amber Heard!,"We compare Miley Cyrus and Amber Heard in height, visually and with data, and reveal just how much the difference is between the singer/actress and actress!",https://i.ytimg.com/vi/_EVXK6pWWSA/default.jpg,120,90,https://i.ytimg.com/vi/_EVXK6pWWSA/mqdefault.jpg,320,180,https://i.ytimg.com/vi/_EVXK6pWWSA/hqdefault.jpg,480,360,https://i.ytimg.com/vi/_EVXK6pWWSA/sddefault.jpg,640.0,480.0,https://i.ytimg.com/vi/_EVXK6pWWSA/maxresdefault.jpg,1280.0,720.0,HMT Height Comparisons,"['Height', 'Celebrity', 'Comparison', 'Tall', 'Size', 'Small', 'Difference', 'Feet', 'Inches', 'Metric', 'cm', 'ft', 'body', 'length', 'facts', 'info', 'measurements', 'Miley Cyrus', 'Amber Heard']",24,none,How Much Taller? - Miley Cyrus vs Amber Heard!,"We compare Miley Cyrus and Amber Heard in height, visually and with data, and reveal just how much the difference is between the singer/actress and actress!",PT42S,2d,sd,false,False,rectangular,processed,public,youtube,True,False,False,31,1,0,0,,,
youtube#video,M9UlC48kLx8QofZp29tC76kUfQU,_hY6PpKU3Ko,2013-07-03T12:18:35Z,UCOP-gP2WgKUKfFBMnkR3iaA,"Paranoia Official Trailer #1 (2013) - Liam Hemsworth, Amber Heard Movie HD","Watch FREE FULL MOVIES in exclusive üëâüèº https://bit.ly/3woTiHZ
Paranoia Official Trailer #1 (2013) - Liam Hemsworth, Amber Heard Movie HD

Paranoia directed by Robert Luketic and starring Liam Hemsworth, Amber Heard

An entry-level employee at a powerful corporation finds himself occupying a corner office, but at a dangerous price: he must spy on his boss's old mentor to secure for him a multi-billion dollar advantage.

Release Date: August 16th, 2013
Director: Robert Luketic
Cast: Gary Oldman, Liam Hemsworth, Amber Heard, Harrison Ford, Embeth Davidtz
Genre: Thriller, Drama

Check our Website: http://www.ultimenotizieflash.com/cinema/
Click to subscribe: http://bit.ly/xMvcrb

Here you'll find Movie Reviews, Movie Trailers, Celebrity Interviews, Movie and Entertainment News and much more!       

Check out our network: 
-  http://www.youtube.com/user/filmisnow
-  http://www.youtube.com/user/filmisnow2
-  http://www.youtube.com/user/filmisnoweu
-  http://www.youtube.com/user/worldcinemanews
-  http://www.youtube.com/user/filmisnowhd
-  http://www.youtube.com/user/sneakpeakandfake
-  http://www.youtube.com/user/retrotrailers

Follow us on Twitter: http://twitter.com/#!/filmisnow
Follow us on Facebook: http://on.fb.me/UFZaEu
Follow us on Google Plus: http://goo.gl/ffajd

New movie trailers every day!

""Paranoia Official Trailer #1"" ""Paranoia Official Trailer"" ""Paranoia"" ""Paranoia Trailer"" ""Paranoia Movie"" ""Paranoia 2013"" ""Liam Hemsworth"" ""Amber Heard""",https://i.ytimg.com/vi/_hY6PpKU3Ko/default.jpg,120,90,https://i.ytimg.com/vi/_hY6PpKU3Ko/mqdefault.jpg,320,180,https://i.ytimg.com/vi/_hY6PpKU3Ko/hqdefault.jpg,480,360,https://i.ytimg.com/vi/_hY6PpKU3Ko/sddefault.jpg,640.0,480.0,https://i.ytimg.com/vi/_hY6PpKU3Ko/maxresdefault.jpg,1280.0,720.0,FilmIsNow Movie Trailers,"['Paranoia Official Trailer #1', 'Paranoia Official Trailer', 'Paranoia', 'Paranoia Trailer', 'Paranoia Movie', 'Paranoia 2013', 'Liam Hemsworth', 'Amber Heard']",1,none,"Paranoia Official Trailer #1 (2013) - Liam Hemsworth, Amber Heard Movie HD","Watch FREE FULL MOVIES in exclusive üëâüèº https://bit.ly/3woTiHZ
Paranoia Official Trailer #1 (2013) - Liam Hemsworth, Amber Heard Movie HD

Paranoia directed by Robert Luketic and starring Liam Hemsworth, Amber Heard

An entry-level employee at a powerful corporation finds himself occupying a corner office, but at a dangerous price: he must spy on his boss's old mentor to secure for him a multi-billion dollar advantage.

Release Date: August 16th, 2013
Director: Robert Luketic
Cast: Gary Oldman, Liam Hemsworth, Amber Heard, Harrison Ford, Embeth Davidtz
Genre: Thriller, Drama

Check our Website: http://www.ultimenotizieflash.com/cinema/
Click to subscribe: http://bit.ly/xMvcrb

Here you'll find Movie Reviews, Movie Trailers, Celebrity Interviews, Movie and Entertainment News and much more!       

Check out our network: 
-  http://www.youtube.com/user/filmisnow
-  http://www.youtube.com/user/filmisnow2
-  http://www.youtube.com/user/filmisnoweu
-  http://www.youtube.com/user/worldcinemanews
-  http://www.youtube.com/user/filmisnowhd
-  http://www.youtube.com/user/sneakpeakandfake
-  http://www.youtube.com/user/retrotrailers

Follow us on Twitter: http://twitter.com/#!/filmisnow
Follow us on Facebook: http://on.fb.me/UFZaEu
Follow us on Google Plus: http://goo.gl/ffajd

New movie trailers every day!

""Paranoia Official Trailer #1"" ""Paranoia Official Trailer"" ""Paranoia"" ""Paranoia Trailer"" ""Paranoia Movie"" ""Paranoia 2013"" ""Liam Hemsworth"" ""Amber Heard""",PT3M23S,2d,hd,false,False,rectangular,processed,public,youtube,True,False,False,16769,54,0,3,en-US,,
