kind,etag,id,snippet.publishedAt,snippet.channelId,snippet.title,snippet.description,snippet.thumbnails.default.url,snippet.thumbnails.default.width,snippet.thumbnails.default.height,snippet.thumbnails.medium.url,snippet.thumbnails.medium.width,snippet.thumbnails.medium.height,snippet.thumbnails.high.url,snippet.thumbnails.high.width,snippet.thumbnails.high.height,snippet.thumbnails.standard.url,snippet.thumbnails.standard.width,snippet.thumbnails.standard.height,snippet.channelTitle,snippet.categoryId,snippet.liveBroadcastContent,snippet.defaultLanguage,snippet.localized.title,snippet.localized.description,snippet.defaultAudioLanguage,contentDetails.duration,contentDetails.dimension,contentDetails.definition,contentDetails.caption,contentDetails.licensedContent,contentDetails.projection,status.uploadStatus,status.privacyStatus,status.license,status.embeddable,status.publicStatsViewable,status.madeForKids,statistics.viewCount,statistics.likeCount,statistics.favoriteCount,statistics.commentCount,snippet.thumbnails.maxres.url,snippet.thumbnails.maxres.width,snippet.thumbnails.maxres.height,snippet.tags
youtube#video,tnk5bYsQRI0zbWT4-2pYjjRzKno,0-HSUtlZ06c,2018-08-10T23:25:58Z,UCol-3X0b20SA2XdeF7nA6JA,Aquaman Movie Photo: Mera & Arthur Search For Clues,"Jason Momoas Arthur and Amber Heards Mera search for clues in Atlantis in a new image from James Wans upcomingDC movie Aquaman . Fans recently got their first real look at the highly anticipated  Aquaman  movie when the first trailer  (finally) saw the light of day at last months San Diego Comic-Con. Among the other importanttidbits released about the movie from SDCC was Momoas revelation that Arthur Curry  wears denim pants in the poster , not leather as was originally thought. The trailer itself was of course filled with revelations of its own, includinga first look at the movies sprawling version of Atlantis, as well as hints about the  origins of Black Mantis . One other recent reveal from  Aquaman  director James Wan , that there will be no  Justice League  team  cameos in the movie, may come as something of a disappointment to some fans. Clearly, many DC fans are very excited about the movie as evidenced by all the  tweets about  Aquaman  during Comic-Con , not to mention  the cleverfan trailers  that have come out since the real trailer first dropped. Related: Aquaman Trailer Breakdown: 25 Secrets You Missed For Aquaman fans who just cant get enough glimpses of what the movie has in store,  EW  has exclusively released a new photo from the film that helps build the intrigue. In the image, Amber Heards Mera and Jason Momoas casually dressed Arthur Curry are seen in a chamber apparently inside a ruin within one of the Seven Kingdoms of Atlantis having a look at a very mysterious piece of technology. By the looks on their faces, theyre very happy to have stumbled across this particular object. See the photo below: Theres a definite Indiana Jones - specifically  Indiana Jones and the Kingdom of the Crystal Skull  - feel to the scene, with its stone walls, ancient-looking sculptures and the piece of technology itself, which Wan has revealed is actually a device used to play back an ancient recording. Mera and Arthur are here seeking clues as part of their quest to find the Trident of Neptune so they can use it in their battle against Aquamans half-brother King Orm (Patrick Wilson). It should be no surprise that theres a distinct Indiana Jones vibeto not only the plot but the above still, as Wan has revealed the Indiana Jones movies helped inspire his take on Aquaman. As the particular setting featured above is in fact located in Africa, the scene shown likely happens not long after the famous moment from the  Aquaman  trailer where Mera and Arthur both leap from a plane into the desert without parachutes (theyre also wearing the same costumes as in that scene from the trailer). Among the many mysteries the movie will have to clear up is how they both manage to survive their plane leap, sincetheres nothing but sand dunes underneath them. Source:  EW Tags: aquaman Looking for an  AD FREE EXPERIENCE  on ScreenRant?",https://i.ytimg.com/vi/0-HSUtlZ06c/default.jpg,120,90,https://i.ytimg.com/vi/0-HSUtlZ06c/mqdefault.jpg,320,180,https://i.ytimg.com/vi/0-HSUtlZ06c/hqdefault.jpg,480,360,https://i.ytimg.com/vi/0-HSUtlZ06c/sddefault.jpg,640.0,480.0,movie news,22,none,en-US,Aquaman Movie Photo: Mera & Arthur Search For Clues,"Jason Momoas Arthur and Amber Heards Mera search for clues in Atlantis in a new image from James Wans upcomingDC movie Aquaman . Fans recently got their first real look at the highly anticipated  Aquaman  movie when the first trailer  (finally) saw the light of day at last months San Diego Comic-Con. Among the other importanttidbits released about the movie from SDCC was Momoas revelation that Arthur Curry  wears denim pants in the poster , not leather as was originally thought. The trailer itself was of course filled with revelations of its own, includinga first look at the movies sprawling version of Atlantis, as well as hints about the  origins of Black Mantis . One other recent reveal from  Aquaman  director James Wan , that there will be no  Justice League  team  cameos in the movie, may come as something of a disappointment to some fans. Clearly, many DC fans are very excited about the movie as evidenced by all the  tweets about  Aquaman  during Comic-Con , not to mention  the cleverfan trailers  that have come out since the real trailer first dropped. Related: Aquaman Trailer Breakdown: 25 Secrets You Missed For Aquaman fans who just cant get enough glimpses of what the movie has in store,  EW  has exclusively released a new photo from the film that helps build the intrigue. In the image, Amber Heards Mera and Jason Momoas casually dressed Arthur Curry are seen in a chamber apparently inside a ruin within one of the Seven Kingdoms of Atlantis having a look at a very mysterious piece of technology. By the looks on their faces, theyre very happy to have stumbled across this particular object. See the photo below: Theres a definite Indiana Jones - specifically  Indiana Jones and the Kingdom of the Crystal Skull  - feel to the scene, with its stone walls, ancient-looking sculptures and the piece of technology itself, which Wan has revealed is actually a device used to play back an ancient recording. Mera and Arthur are here seeking clues as part of their quest to find the Trident of Neptune so they can use it in their battle against Aquamans half-brother King Orm (Patrick Wilson). It should be no surprise that theres a distinct Indiana Jones vibeto not only the plot but the above still, as Wan has revealed the Indiana Jones movies helped inspire his take on Aquaman. As the particular setting featured above is in fact located in Africa, the scene shown likely happens not long after the famous moment from the  Aquaman  trailer where Mera and Arthur both leap from a plane into the desert without parachutes (theyre also wearing the same costumes as in that scene from the trailer). Among the many mysteries the movie will have to clear up is how they both manage to survive their plane leap, sincetheres nothing but sand dunes underneath them. Source:  EW Tags: aquaman Looking for an  AD FREE EXPERIENCE  on ScreenRant?",en-US,PT3M24S,2d,sd,false,False,rectangular,processed,public,youtube,True,True,False,82,0,0,0,,,,
youtube#video,Bl4QBbBF2hFBH0ei-6dhzjsvY3g,3d4xsZ5_vIc,2021-03-28T13:04:41Z,UCBByrQuleqFUXj3z98nB_8w,Johnny Depp and Amber Heard | Fullscreen status | #johnchristopherdepp  #Amberheard,,https://i.ytimg.com/vi/3d4xsZ5_vIc/default.jpg,120,90,https://i.ytimg.com/vi/3d4xsZ5_vIc/mqdefault.jpg,320,180,https://i.ytimg.com/vi/3d4xsZ5_vIc/hqdefault.jpg,480,360,,,,PRADEEP05,20,none,,Johnny Depp and Amber Heard | Fullscreen status | #johnchristopherdepp  #Amberheard,,,PT14S,2d,hd,false,False,rectangular,processed,public,youtube,True,True,False,6178,605,0,29,,,,
youtube#video,e5PPK5laO3zQLrtFCIwpTUIj6nM,6WNBwYARJsw,2018-11-23T11:36:42Z,UCtC2bHTYF05ELxhwDiGJh-A,AMBER LULU Afunguka Kutamani Mtoto! Akiri GIGY MONEY Kum-Inspire,AMBER LULU Afunguka Kutamani Mtoto! Akiri GIGY MONEY Kum-Inspire,https://i.ytimg.com/vi/6WNBwYARJsw/default.jpg,120,90,https://i.ytimg.com/vi/6WNBwYARJsw/mqdefault.jpg,320,180,https://i.ytimg.com/vi/6WNBwYARJsw/hqdefault.jpg,480,360,https://i.ytimg.com/vi/6WNBwYARJsw/sddefault.jpg,640.0,480.0,SamMisago,24,none,,AMBER LULU Afunguka Kutamani Mtoto! Akiri GIGY MONEY Kum-Inspire,AMBER LULU Afunguka Kutamani Mtoto! Akiri GIGY MONEY Kum-Inspire,,PT1M25S,2d,hd,false,True,rectangular,processed,public,youtube,True,True,False,2944,52,0,12,https://i.ytimg.com/vi/6WNBwYARJsw/maxresdefault.jpg,1280.0,720.0,"['Burudani', 'Amber lulu', 'Gigy Money', 'Mtoto', 'Mayra', 'Mo J', 'Prezzoo']"
youtube#video,z3A9CDiIttuKotQhotzPQTXsclU,7aW_KCDOwIw,2019-10-19T17:23:03Z,UCufeFQj948q5md3E5kS-l8w,"Happy Little Trees 002: Encouragement and Inspiration with guest, artist Amber Kenney","This week we have Adam's wife, Amber Kenney, an artist who finds inspiration everywhere. They talk about what it's like to encourage others in their artwork, whether it's better to wait for inspiration or seek it out, what kind of basic information is helpful for better brushwork, and where Amber's love for art has led her.¬†
Podcast audio also available everywhere - (Spotify, iTunes, etc)
Website: https://www.adamkenneyart.com
Patreon: https://www.patreon.com/happylittletrees
Instagram: @adamkenneyart
Contact: adamkenneyart@gmail.com",https://i.ytimg.com/vi/7aW_KCDOwIw/default.jpg,120,90,https://i.ytimg.com/vi/7aW_KCDOwIw/mqdefault.jpg,320,180,https://i.ytimg.com/vi/7aW_KCDOwIw/hqdefault.jpg,480,360,https://i.ytimg.com/vi/7aW_KCDOwIw/sddefault.jpg,640.0,480.0,Happy Little Trees,26,none,,"Happy Little Trees 002: Encouragement and Inspiration with guest, artist Amber Kenney","This week we have Adam's wife, Amber Kenney, an artist who finds inspiration everywhere. They talk about what it's like to encourage others in their artwork, whether it's better to wait for inspiration or seek it out, what kind of basic information is helpful for better brushwork, and where Amber's love for art has led her.¬†
Podcast audio also available everywhere - (Spotify, iTunes, etc)
Website: https://www.adamkenneyart.com
Patreon: https://www.patreon.com/happylittletrees
Instagram: @adamkenneyart
Contact: adamkenneyart@gmail.com",,PT44M52S,2d,hd,false,False,rectangular,processed,public,youtube,True,True,False,14,1,0,0,https://i.ytimg.com/vi/7aW_KCDOwIw/maxresdefault.jpg,1280.0,720.0,"['art', 'podcast', 'how to', 'inspiration', 'creativity', 'painting', 'watercolor', 'encouragement', 'Happy Little Trees', 'acrylic', 'paint', 'acrilic', 'oil', 'artist']"
youtube#video,5KCD9ivLPEKz835_RlhfDmFA5ZA,7SXGlFZvzkQ,2021-09-22T01:01:12Z,UCKAFWnqc8JFvcLKulFGuYmw,How to Craft Speeches by DTM Amber Wong,"Having trouble to craft your speeches? Want to connect with your audience faster and deeper? Watch this video!

DTM Amber Wong  shared her knowledge and experience on how to craft great speeches, the do's and don'ts, and what evaluator is looking in a speech.

Seeking to improve your public speaking skills? 
Join us at JB CITY TOASTMASTERS CLUB meeting to find out more!

Facebook: https://www.facebook.com/jbcitytoastmasters/
Instagram: https://www.instagram.com/jbcitytoastmasters/",https://i.ytimg.com/vi/7SXGlFZvzkQ/default.jpg,120,90,https://i.ytimg.com/vi/7SXGlFZvzkQ/mqdefault.jpg,320,180,https://i.ytimg.com/vi/7SXGlFZvzkQ/hqdefault.jpg,480,360,https://i.ytimg.com/vi/7SXGlFZvzkQ/sddefault.jpg,640.0,480.0,JB City Toastmasters,22,none,,How to Craft Speeches by DTM Amber Wong,"Having trouble to craft your speeches? Want to connect with your audience faster and deeper? Watch this video!

DTM Amber Wong  shared her knowledge and experience on how to craft great speeches, the do's and don'ts, and what evaluator is looking in a speech.

Seeking to improve your public speaking skills? 
Join us at JB CITY TOASTMASTERS CLUB meeting to find out more!

Facebook: https://www.facebook.com/jbcitytoastmasters/
Instagram: https://www.instagram.com/jbcitytoastmasters/",en,PT56M23S,2d,hd,false,False,rectangular,processed,public,youtube,True,True,False,38,1,0,0,https://i.ytimg.com/vi/7SXGlFZvzkQ/maxresdefault.jpg,1280.0,720.0,
youtube#video,E8zQcvAZrh4F2dPOD2iD8Yrox4c,8y435JBWQzA,2021-03-19T21:10:08Z,UCxcRZdeIMmXiXJc-zVnjvXg,Inspiring Stories of Transformation 03.17.2021,"Join Amber & Jared Smithson as they explore the full offering of OPTAVIA, featuring Inspiring Stories of Transformation from Matthew & Jennifer Oxford.",https://i.ytimg.com/vi/8y435JBWQzA/default.jpg,120,90,https://i.ytimg.com/vi/8y435JBWQzA/mqdefault.jpg,320,180,https://i.ytimg.com/vi/8y435JBWQzA/hqdefault.jpg,480,360,https://i.ytimg.com/vi/8y435JBWQzA/sddefault.jpg,640.0,480.0,OPTAVIA,27,none,en,Inspiring Stories of Transformation 03.17.2021,"Join Amber & Jared Smithson as they explore the full offering of OPTAVIA, featuring Inspiring Stories of Transformation from Matthew & Jennifer Oxford.",en,PT31M54S,2d,hd,true,False,rectangular,processed,public,youtube,False,True,False,1305,16,0,0,,,,
youtube#video,UNwIGIXVkXBY7Fb5eoi8tt8p1Y8,a4BBW6CNsW0,2021-06-09T07:31:48Z,UCaM8-PqOQhNoIoIJ7mCx2kg,Johnny depp whatsapp status full screen üòç| Johnny depp and amber heard status | Bgm status 2021,"#new_johnny_depp_status
#happy_birthday_johnny_depp
#birthday_status",https://i.ytimg.com/vi/a4BBW6CNsW0/default.jpg,120,90,https://i.ytimg.com/vi/a4BBW6CNsW0/mqdefault.jpg,320,180,https://i.ytimg.com/vi/a4BBW6CNsW0/hqdefault.jpg,480,360,,,,Ramola Creation,10,none,,Johnny depp whatsapp status full screen üòç| Johnny depp and amber heard status | Bgm status 2021,"#new_johnny_depp_status
#happy_birthday_johnny_depp
#birthday_status",hi,PT35S,2d,hd,false,False,rectangular,processed,public,youtube,True,True,False,6260,397,0,9,,,,
youtube#video,uMwC6y02vGebmeJOI7So9iEM1gA,Bllxjm5fZ-0,2021-09-17T15:30:03Z,UCjW_svE8l_8_qTwwN3BMoBg,Amber Heard Whatsapp Status Aquaman,"DISCLAIMER:

This is an educational and motivational video meant only for inspiring the viewers. Viewers discretion is advised. Video clips used are for illustrative purpose only to make the point in the audio. All copyrights are acknowledged to their rightful owners. This Channel does not claim to own any copyrights. The sole purpose of this video is to inspire, empower and educate the viewers.


_



Copyright Disclaimer Under Section 107 of the Copyright Act 1976, allowance is made for ""fair use"" for purposes such as criticism, comment, news reporting, teaching, scholarship, and research. Fair use is a use permitted by copyright statute that might otherwise be infringing. Non-profit, educational or personal use tips the balance in favor of fair use""


___

IMPORTANT NOTICE: These All Things Are

Copyrighted. We Just Edited And Published To Audience For Entertainment Purpose Only.

All Right to above Music Label & No Copyrights Infringement intended.

All rights reserved to the respective owners.


__

Subscribe My Channel guys and help me to reach youtube milestone.j

Keep Loving And Keep Supporting.

Thank You.ü•∞ü•∞ü•∞ü•∞ü•∞



youtube shorts, use youtube shorts, youtube shorts beta, youtube shorts video, youtube shorts update, what is youtube shorts, youtube shorts tutorial, youtube shorts how to use, how to get youtube shorts, youtube creators, how to use youtube shorts, how to make youtube shorts, youtube shorts monetization, youtube news, youtube tips, youtube best practices,how to get youtube shorts feature,youtube updates,how to make youtube shorts on iphone,status,status video,status song,status new,status sad,status love,status whatsapp,status punjabi,status for whatsapp,status video song,cool status,X,cool status for whatsapp,cool status song,cool status video,cool status for boys,cool status for girls,cool status full screen,cool status creation,cool status love,cool status tamil,‚Åø status,whatsapp status video,Q,whatsapp status tamil,whatsapp status telugu,whatsapp status song,whatsapp status video tamil,whatsapp status full screen,whatsapp status new,whatsapp status new song,whatsapp status love



#youtuber#youtubers#youtubechannel#youtubevideos#youtubevideo#youtubegaming#youtubemusic#youtuberindonesia#youtubekids#youtubeindia#youtubeitalia#youtubeuse#youtubelife#youtubersbrasil#youtubebrasil#youtubegamer#youtubecommunity#youtubeblogger#youtubecreator#youtuberp#video#youtubechannel#explorepage#memes#gaming#instagood#twitch#subscribe#facebook#hiphop#gamer#viral#art#rap#explore#likeforlikes#followforfollowback#artist#youtube #youtuber #instagram #music #love #follow #like #tiktok #spotify #youtubers #video #youtubechannel #explorepage #memes #gaming #instagood #twitch #subscribe #facebook #hiphop #gamer #viral #art #rap #explore #k #ps #likeforlikes #followforfollowback #bhfy

Motivational video

Motivational speech

Motivational whatsapp status English motivational

whatsapp status English motivational status

Powerful motivational video whatsapp status

Powerful motivational speech whatsapp status

Mood off whatsapp status

Money important whatsapp status Motivational video for students
Powerful motivational video whatsapp status

Life motivational video whatsapp status

Never give up motivational video whatsapp status I can do it motivational video whatsapp status Best motivational video

Best motivational speech
Description

Best motivational video whatsapp status Best

motivational speech whatsapp status #motivation #whatsapp #status #sadstatus #shorts

inspirational status for whatsapp in english,

inspirational status for whatsapp tamil, inspirational status in tamil,

inspirational status in english,

motivational status english,

motivational status video, motivational status for students, motivational status about life, motivational status about life, motivational status about love, motivational status about life in english, motivational whatsapp status about life, motivational status after breakup, motivational whatsapp status after breakup, motivational status against love. sad but motivational status,

motivational status in hindi,

motivational status whatsapp.
motivational status for students,

motivational status for girls,

motivational status for study.

motivational status for whatsapp song.

motivational status for whatsapp english,

Most famous quotes

Reality of life

Reality of life quotes

Reality of life WhatsApp status Deep love status in English

Best life quotes in English for WhatsApp Best life status

Heart melting life status

Reality of life quotes

Reality of life status

True love quotes

True love status

True Relationship status

Success mantra status

Self confidence status Best of life quotes

Best of 2010 statue

for WhatsApp
Motivational status for youngsters

How to get success in life

How to get success faster

Life after failure

Ways to get success

Sayings of famous people

How to win

Success status

Success quotes for WhatsApp

Real love

Real love status",https://i.ytimg.com/vi/Bllxjm5fZ-0/default.jpg,120,90,https://i.ytimg.com/vi/Bllxjm5fZ-0/mqdefault.jpg,320,180,https://i.ytimg.com/vi/Bllxjm5fZ-0/hqdefault.jpg,480,360,,,,Famous Quotes With Deep Lines üñ§ü•Ä,24,none,,Amber Heard Whatsapp Status Aquaman,"DISCLAIMER:

This is an educational and motivational video meant only for inspiring the viewers. Viewers discretion is advised. Video clips used are for illustrative purpose only to make the point in the audio. All copyrights are acknowledged to their rightful owners. This Channel does not claim to own any copyrights. The sole purpose of this video is to inspire, empower and educate the viewers.


_



Copyright Disclaimer Under Section 107 of the Copyright Act 1976, allowance is made for ""fair use"" for purposes such as criticism, comment, news reporting, teaching, scholarship, and research. Fair use is a use permitted by copyright statute that might otherwise be infringing. Non-profit, educational or personal use tips the balance in favor of fair use""


___

IMPORTANT NOTICE: These All Things Are

Copyrighted. We Just Edited And Published To Audience For Entertainment Purpose Only.

All Right to above Music Label & No Copyrights Infringement intended.

All rights reserved to the respective owners.


__

Subscribe My Channel guys and help me to reach youtube milestone.j

Keep Loving And Keep Supporting.

Thank You.ü•∞ü•∞ü•∞ü•∞ü•∞



youtube shorts, use youtube shorts, youtube shorts beta, youtube shorts video, youtube shorts update, what is youtube shorts, youtube shorts tutorial, youtube shorts how to use, how to get youtube shorts, youtube creators, how to use youtube shorts, how to make youtube shorts, youtube shorts monetization, youtube news, youtube tips, youtube best practices,how to get youtube shorts feature,youtube updates,how to make youtube shorts on iphone,status,status video,status song,status new,status sad,status love,status whatsapp,status punjabi,status for whatsapp,status video song,cool status,X,cool status for whatsapp,cool status song,cool status video,cool status for boys,cool status for girls,cool status full screen,cool status creation,cool status love,cool status tamil,‚Åø status,whatsapp status video,Q,whatsapp status tamil,whatsapp status telugu,whatsapp status song,whatsapp status video tamil,whatsapp status full screen,whatsapp status new,whatsapp status new song,whatsapp status love



#youtuber#youtubers#youtubechannel#youtubevideos#youtubevideo#youtubegaming#youtubemusic#youtuberindonesia#youtubekids#youtubeindia#youtubeitalia#youtubeuse#youtubelife#youtubersbrasil#youtubebrasil#youtubegamer#youtubecommunity#youtubeblogger#youtubecreator#youtuberp#video#youtubechannel#explorepage#memes#gaming#instagood#twitch#subscribe#facebook#hiphop#gamer#viral#art#rap#explore#likeforlikes#followforfollowback#artist#youtube #youtuber #instagram #music #love #follow #like #tiktok #spotify #youtubers #video #youtubechannel #explorepage #memes #gaming #instagood #twitch #subscribe #facebook #hiphop #gamer #viral #art #rap #explore #k #ps #likeforlikes #followforfollowback #bhfy

Motivational video

Motivational speech

Motivational whatsapp status English motivational

whatsapp status English motivational status

Powerful motivational video whatsapp status

Powerful motivational speech whatsapp status

Mood off whatsapp status

Money important whatsapp status Motivational video for students
Powerful motivational video whatsapp status

Life motivational video whatsapp status

Never give up motivational video whatsapp status I can do it motivational video whatsapp status Best motivational video

Best motivational speech
Description

Best motivational video whatsapp status Best

motivational speech whatsapp status #motivation #whatsapp #status #sadstatus #shorts

inspirational status for whatsapp in english,

inspirational status for whatsapp tamil, inspirational status in tamil,

inspirational status in english,

motivational status english,

motivational status video, motivational status for students, motivational status about life, motivational status about life, motivational status about love, motivational status about life in english, motivational whatsapp status about life, motivational status after breakup, motivational whatsapp status after breakup, motivational status against love. sad but motivational status,

motivational status in hindi,

motivational status whatsapp.
motivational status for students,

motivational status for girls,

motivational status for study.

motivational status for whatsapp song.

motivational status for whatsapp english,

Most famous quotes

Reality of life

Reality of life quotes

Reality of life WhatsApp status Deep love status in English

Best life quotes in English for WhatsApp Best life status

Heart melting life status

Reality of life quotes

Reality of life status

True love quotes

True love status

True Relationship status

Success mantra status

Self confidence status Best of life quotes

Best of 2010 statue

for WhatsApp
Motivational status for youngsters

How to get success in life

How to get success faster

Life after failure

Ways to get success

Sayings of famous people

How to win

Success status

Success quotes for WhatsApp

Real love

Real love status",,PT26S,2d,hd,false,False,rectangular,processed,public,youtube,True,True,False,7,,0,0,,,,
youtube#video,7DJat2g7h34vgCqZKW7eScSSO-8,c4-HA-60xrk,2009-07-14T18:58:48Z,UCDQZH7E-tJ_zSSwlEApsl5A,Girls Can't WHAT? Interview on WCIA Morning Show with Amber Jenne - Part 2,Amber Jenne interviews GirlsCantWhat.com creator Gretchen Cawthon on what inspired her to design the characters and build the site.,https://i.ytimg.com/vi/c4-HA-60xrk/default.jpg,120,90,https://i.ytimg.com/vi/c4-HA-60xrk/mqdefault.jpg,320,180,https://i.ytimg.com/vi/c4-HA-60xrk/hqdefault.jpg,480,360,,,,Gretchen Cawthon,22,none,,Girls Can't WHAT? Interview on WCIA Morning Show with Amber Jenne - Part 2,Amber Jenne interviews GirlsCantWhat.com creator Gretchen Cawthon on what inspired her to design the characters and build the site.,,PT5M10S,2d,sd,false,False,rectangular,processed,public,youtube,True,True,False,792,3,0,0,,,,"[""Girls Can't WHAT?"", 'feminism', 'feminist', 'sexism', 'women', 'girls', 'female']"
youtube#video,4MHm9pFSWNiBoy3bTlPIcAx1DWs,cZbm7G8WGrA,2018-08-14T23:24:54Z,UC0DUu6kGkz8kTA3153RGJhg,Our Time Has Come - Amber Lily WILD,"Family,
It is my joy to share this with you.
Please share this video & pre-Order WILD now!
www.amberlilymusic.com

OUR TIME HAS COME.
To be bright and bold,
Creative and courageous.
To be voices of Love & Justice,
To stand up for Life.

It is time to remember the beauty of our planet.
It is time to reclaim our place as artists, lovers, and family members.
While storms rage, and the future of our place on Earth is unclear,
Give us songs to sing together.
Give us art so we may gracefully navigate the chaos.
Give us family so we may know the strength of solidarity.

It is time to inspire all the voices of Love in this world!
I share music to bring HOPE & INSPIRATION.

My full length album WILD is available Aug 31,
with 10 songs to inspire the hearts of many.
Pre-order now & I will send you this full length song.

Thank you to @Kauai Visual Arts @Adam Harris & @Tubby Love for creating this video with me! Everything we do is a team effort.
I am SO excited to be releasing this record with @Come To Life!

Love,
Amber Lily",https://i.ytimg.com/vi/cZbm7G8WGrA/default.jpg,120,90,https://i.ytimg.com/vi/cZbm7G8WGrA/mqdefault.jpg,320,180,https://i.ytimg.com/vi/cZbm7G8WGrA/hqdefault.jpg,480,360,https://i.ytimg.com/vi/cZbm7G8WGrA/sddefault.jpg,640.0,480.0,Amber Lily,22,none,,Our Time Has Come - Amber Lily WILD,"Family,
It is my joy to share this with you.
Please share this video & pre-Order WILD now!
www.amberlilymusic.com

OUR TIME HAS COME.
To be bright and bold,
Creative and courageous.
To be voices of Love & Justice,
To stand up for Life.

It is time to remember the beauty of our planet.
It is time to reclaim our place as artists, lovers, and family members.
While storms rage, and the future of our place on Earth is unclear,
Give us songs to sing together.
Give us art so we may gracefully navigate the chaos.
Give us family so we may know the strength of solidarity.

It is time to inspire all the voices of Love in this world!
I share music to bring HOPE & INSPIRATION.

My full length album WILD is available Aug 31,
with 10 songs to inspire the hearts of many.
Pre-order now & I will send you this full length song.

Thank you to @Kauai Visual Arts @Adam Harris & @Tubby Love for creating this video with me! Everything we do is a team effort.
I am SO excited to be releasing this record with @Come To Life!

Love,
Amber Lily",,PT1M1S,2d,hd,false,False,rectangular,processed,public,youtube,True,True,False,3130,86,0,9,https://i.ytimg.com/vi/cZbm7G8WGrA/maxresdefault.jpg,1280.0,720.0,"['Amber lily wild', 'our time has come', 'come to life', 'pre-order annoucement']"
youtube#video,iHIUunywMZAFiXGtL6-uaEK2RkM,DEvosMWXkZ8,2021-10-11T16:28:47Z,UCjPj5f8WmPi37M5K9AR5pFA,captain jack sparrow full screen whats app status video #shorts,"captain jack sparrow

johnny depp amber heard
johnny depp news
Captain jack sparrow
Shorts
youtube shorts
#shorts
amber heard johnny depp
johnny depp and amber heard
justice for johnny depp
amber heard aquaman 2
johnny depp interview
johnny depp amber heard audio
johnny depp appeal
amber heard fired
amber heard and johnny depp
johnny depp wins
johnny depp amber heard court
johnny depp fired
johnny depp loses case
johnny depp attitude


#johnnydeppattitude
#johnnydepp
#johnnydeppstatus
#youtubeshorts
#fasttech",https://i.ytimg.com/vi/DEvosMWXkZ8/default.jpg,120,90,https://i.ytimg.com/vi/DEvosMWXkZ8/mqdefault.jpg,320,180,https://i.ytimg.com/vi/DEvosMWXkZ8/hqdefault.jpg,480,360,https://i.ytimg.com/vi/DEvosMWXkZ8/sddefault.jpg,640.0,480.0,DIGI GREEN VIO,28,none,,captain jack sparrow full screen whats app status video #shorts,"captain jack sparrow

johnny depp amber heard
johnny depp news
Captain jack sparrow
Shorts
youtube shorts
#shorts
amber heard johnny depp
johnny depp and amber heard
justice for johnny depp
amber heard aquaman 2
johnny depp interview
johnny depp amber heard audio
johnny depp appeal
amber heard fired
amber heard and johnny depp
johnny depp wins
johnny depp amber heard court
johnny depp fired
johnny depp loses case
johnny depp attitude


#johnnydeppattitude
#johnnydepp
#johnnydeppstatus
#youtubeshorts
#fasttech",en-US,PT19S,2d,hd,false,False,rectangular,processed,public,youtube,True,True,False,436,38,0,1,https://i.ytimg.com/vi/DEvosMWXkZ8/maxresdefault.jpg,1280.0,720.0,"['Captain jack sparrow', 'amber heard', 'amber heard and johnny depp', 'amber heard aquaman', 'amber heard aquaman 2', 'amber heard fired', 'amber heard johnny depp', 'jack sparrow', 'johnny depp', 'johnny depp amber heard', 'johnny depp amber heard audio', 'johnny depp amber heard court', 'johnny depp and amber heard', 'johnny depp appeal', 'johnny depp fired', 'johnny depp interview', 'johnny depp loses case', 'johnny depp news', 'johnny depp wins', 'justice for johnny depp', 'youtube shorts', 'shorts']"
youtube#video,T7Z54YDpgpT9dQaU5VqhBwrYYLc,DuOZ2B2aQEk,2021-03-23T10:30:08Z,UCQIYZMr3JX8aEAr5uQ1uwSw,Amber Heard(Must Watch) | Girls Like You Whatsapp Status #Shorts #AmberHeard #GirlsLikeYou #maroon5.,"girls like you feat Amber HeardWhatsApp status YouTube shorts YouTube videos trending.

Like,Share & Subscribe To The Memions

Comment Down Below
How You Like That

Press The Bell Icon For Latest Updates

#girlslikeyousong #girlslikeyou#maroon5 #girlslikeyoumaroon5 #amberheard #dc
#aquaman #amberheardwhatsappstatus
#amberheardyoutubeshorts #aquaman1 #amberheardedits #amberheardgirlslikeyou
#amberheardfullscreenwhatsappstatus
#aquamanmera #mera #merainaquaman 
#amberheardfiredinaquaman2 #aquaman2 
#aquaman2018 #justiceleague #dccomics #zacksnudersjusticeleague #dcuniverse
#dcmovies #dcudates #detectivecomics
#amberheard2020 #amberheardfans #amberheardstyle #amberheardinaquaman
#amberheardinterviews #girlslikeyouedits #amberheardapology #girlslikeyoushorts
#amberheardstatus #whatsappstatus #status 

Disclaimer:- The photos and songs in this videos are not owned by this channel.

Thanks For Watching.",https://i.ytimg.com/vi/DuOZ2B2aQEk/default.jpg,120,90,https://i.ytimg.com/vi/DuOZ2B2aQEk/mqdefault.jpg,320,180,https://i.ytimg.com/vi/DuOZ2B2aQEk/hqdefault.jpg,480,360,https://i.ytimg.com/vi/DuOZ2B2aQEk/sddefault.jpg,640.0,480.0,Fashion Fantasy,24,none,,Amber Heard(Must Watch) | Girls Like You Whatsapp Status #Shorts #AmberHeard #GirlsLikeYou #maroon5.,"girls like you feat Amber HeardWhatsApp status YouTube shorts YouTube videos trending.

Like,Share & Subscribe To The Memions

Comment Down Below
How You Like That

Press The Bell Icon For Latest Updates

#girlslikeyousong #girlslikeyou#maroon5 #girlslikeyoumaroon5 #amberheard #dc
#aquaman #amberheardwhatsappstatus
#amberheardyoutubeshorts #aquaman1 #amberheardedits #amberheardgirlslikeyou
#amberheardfullscreenwhatsappstatus
#aquamanmera #mera #merainaquaman 
#amberheardfiredinaquaman2 #aquaman2 
#aquaman2018 #justiceleague #dccomics #zacksnudersjusticeleague #dcuniverse
#dcmovies #dcudates #detectivecomics
#amberheard2020 #amberheardfans #amberheardstyle #amberheardinaquaman
#amberheardinterviews #girlslikeyouedits #amberheardapology #girlslikeyoushorts
#amberheardstatus #whatsappstatus #status 

Disclaimer:- The photos and songs in this videos are not owned by this channel.

Thanks For Watching.",,PT17S,2d,hd,false,False,rectangular,processed,public,youtube,True,True,False,119,7,0,1,,,,"['amber heard', 'amberheard', 'maroon 5', 'maroon5', 'youtubeshorts', 'youtubeshort', 'girls like you', 'shorts', 'short', 'whatsapp status', 'status', 'amber heard edits', 'amber heard youtube shorts', 'amber heard whatsapp status', 'amber heard girls like you edit', 'mera', 'aquaman mera', 'aquaman', 'justice league', ""zack snyder's justice league"", 'dc', 'dc universe', 'dc comics', 'detective comics', 'aquaman 2', 'aquaman movie', 'amber', 'dc superhero', 'dc updates', 'dc mera', 'amber heard aquaman', 'amber heard 2020', 'mera in aquaman', 'viral']"
youtube#video,kj4X3aRYVT4bFGXkIVYqfKCU5S4,EciIWe-B1F4,2021-07-28T23:43:06Z,UCWZc5BAt4ovh96CeV9ugvMw,The Positive Platform Podcast Episode 37 with Amber Ybarra and The Mental Marketer,"Selling Digital Products online is in a Golden Era. In this video the Mental Marketer discusses how and why he started selling Digital Products online successfully. You can sign up for the Digital Products Secrets Course here: https://www.thementalmarketer.com/digitalproductsecrets

This is the audio portion of the interview with Amber Ybarra and The Mental Marketer. 
.
Episode 37 of The Positive Platform Podcast:
.
Download the episode here: here: https://bit.ly/2Lhl9at
.
In this audio The Mental Marketer discusses his entrepreneurial journey and How You Can Start An Online Business Selling Digital Products.
.
You might say...
. 
Well, what's a Digital Product ‚ùì‚ùì ü§î
.
Great question...
.
A Digital Product is an intangible asset or piece of media that can be sold and distributed repeatedly online without the need to replenish inventory..
.
So, literally, you create it ONCE and you can sell it an INFINITE amount of times...
.
Without ever having to order more when the supply runs low, or carry any inventory...
.
(Way better than selling t-shirts for $15 bucks a piece and only making $5 after all expenses ü§∑)
.
What makes Digital Products really cool is the fact that they can be a business all by themselves, or they can be used to increase the value of an existing product or business.
.
And...
.
The Global market size for Digital Products was 336.14 Billion in 2020 and is expected to reach 400.34 Billion by the end of this year.
.
(Billion, with a B ‚Äº... it's not a typo)
.
So, yeah...
.
Selling Digital products online is a really HOT topic right now.
.
And our conversation brought the heat üî•
.

‚úîÔ∏è Learn The Skills You Need To Capitalize On The Major Move To Digital And Info Products with our Digital Product Secrets Course

https://www.thementalmarketer.com/digitalproductsecrets

‚úîÔ∏è Sell your Digital products easily with a Password protected membership site. Get 10 FREE membership site templates here:

https://www.thementalmarketer.com/10freemembershipfunnelssignup

‚úîÔ∏è Join my wildly popular private Facebook Group Funnel Building 101 to download a FREE copy of the ebook 10 Steps to Start, and Grow a Highly Engaged Facebook Group Organically

https://bit.ly/2Os7Nd0

‚úîÔ∏è Get our Funnel Building 101 Success Guide: A complete Road map to launching your funnel

http://bit.ly/3kZkGr1

‚úîÔ∏è Get a LITE version of our Solopreneur's Starter Kit - a 47 Page PDF with step-by-step instructions to setup and launch your Sales Funnel (Includes step-by-step videos to set up your Domains, email autoresponder, and SMTP provider)

https://bit.ly/3sXe531

‚úîÔ∏è Get 16 Sales Funnels to download and take for a test drive

https://www.thementalmarketer.com/16salesfunnelstotestdrive

‚úîÔ∏è Launch your very first (or next) Sales Funnel in 30 days! (Plus bonus 100+ Pre-designed Sales Funnel Templates)

https://www.thementalmarketer.com/30daychallengesignup

‚úîÔ∏è Get a Beginner's Digital Marketing Course, access to FREE marketing training plus much more when you join our Mental Marketing Blueprint Membership Area

https://www.thementalmarketer.com/freetraining


Affiliate Disclosure:
This video and description may contain affiliate links, which means that if you click on one of the product links, I'll receive a small commission. If you like the service I provide, this is like a 'tip' and it is greatly appreciated.

I am an independent ClickFunnels¬Æ Affiliate, not an employee.  I receive referral payments from ClickFunnels¬Æ. The opinions expressed here are my own and are not official statements of ClickFunnels¬Æ or its parent company, Etison¬Æ LLC



#thepositiveplatform #digitalproducts #momentum #mindset
#goals #life #entrepreneurship #business #success #marketing #motivation #digitalmarketing #entrepreneurship #entrepreneuradvice #entrepreneurgoals #entrepreneurmindset #entrepreneur101",https://i.ytimg.com/vi/EciIWe-B1F4/default.jpg,120,90,https://i.ytimg.com/vi/EciIWe-B1F4/mqdefault.jpg,320,180,https://i.ytimg.com/vi/EciIWe-B1F4/hqdefault.jpg,480,360,,,,The Mental Marketer,26,none,,The Positive Platform Podcast Episode 37 with Amber Ybarra and The Mental Marketer,"Selling Digital Products online is in a Golden Era. In this video the Mental Marketer discusses how and why he started selling Digital Products online successfully. You can sign up for the Digital Products Secrets Course here: https://www.thementalmarketer.com/digitalproductsecrets

This is the audio portion of the interview with Amber Ybarra and The Mental Marketer. 
.
Episode 37 of The Positive Platform Podcast:
.
Download the episode here: here: https://bit.ly/2Lhl9at
.
In this audio The Mental Marketer discusses his entrepreneurial journey and How You Can Start An Online Business Selling Digital Products.
.
You might say...
. 
Well, what's a Digital Product ‚ùì‚ùì ü§î
.
Great question...
.
A Digital Product is an intangible asset or piece of media that can be sold and distributed repeatedly online without the need to replenish inventory..
.
So, literally, you create it ONCE and you can sell it an INFINITE amount of times...
.
Without ever having to order more when the supply runs low, or carry any inventory...
.
(Way better than selling t-shirts for $15 bucks a piece and only making $5 after all expenses ü§∑)
.
What makes Digital Products really cool is the fact that they can be a business all by themselves, or they can be used to increase the value of an existing product or business.
.
And...
.
The Global market size for Digital Products was 336.14 Billion in 2020 and is expected to reach 400.34 Billion by the end of this year.
.
(Billion, with a B ‚Äº... it's not a typo)
.
So, yeah...
.
Selling Digital products online is a really HOT topic right now.
.
And our conversation brought the heat üî•
.

‚úîÔ∏è Learn The Skills You Need To Capitalize On The Major Move To Digital And Info Products with our Digital Product Secrets Course

https://www.thementalmarketer.com/digitalproductsecrets

‚úîÔ∏è Sell your Digital products easily with a Password protected membership site. Get 10 FREE membership site templates here:

https://www.thementalmarketer.com/10freemembershipfunnelssignup

‚úîÔ∏è Join my wildly popular private Facebook Group Funnel Building 101 to download a FREE copy of the ebook 10 Steps to Start, and Grow a Highly Engaged Facebook Group Organically

https://bit.ly/2Os7Nd0

‚úîÔ∏è Get our Funnel Building 101 Success Guide: A complete Road map to launching your funnel

http://bit.ly/3kZkGr1

‚úîÔ∏è Get a LITE version of our Solopreneur's Starter Kit - a 47 Page PDF with step-by-step instructions to setup and launch your Sales Funnel (Includes step-by-step videos to set up your Domains, email autoresponder, and SMTP provider)

https://bit.ly/3sXe531

‚úîÔ∏è Get 16 Sales Funnels to download and take for a test drive

https://www.thementalmarketer.com/16salesfunnelstotestdrive

‚úîÔ∏è Launch your very first (or next) Sales Funnel in 30 days! (Plus bonus 100+ Pre-designed Sales Funnel Templates)

https://www.thementalmarketer.com/30daychallengesignup

‚úîÔ∏è Get a Beginner's Digital Marketing Course, access to FREE marketing training plus much more when you join our Mental Marketing Blueprint Membership Area

https://www.thementalmarketer.com/freetraining


Affiliate Disclosure:
This video and description may contain affiliate links, which means that if you click on one of the product links, I'll receive a small commission. If you like the service I provide, this is like a 'tip' and it is greatly appreciated.

I am an independent ClickFunnels¬Æ Affiliate, not an employee.  I receive referral payments from ClickFunnels¬Æ. The opinions expressed here are my own and are not official statements of ClickFunnels¬Æ or its parent company, Etison¬Æ LLC



#thepositiveplatform #digitalproducts #momentum #mindset
#goals #life #entrepreneurship #business #success #marketing #motivation #digitalmarketing #entrepreneurship #entrepreneuradvice #entrepreneurgoals #entrepreneurmindset #entrepreneur101",en-US,PT1H4M17S,2d,hd,false,False,rectangular,processed,public,youtube,True,True,False,10,1,0,0,,,,"['entrepreneurship', 'entrepreneurship tips', 'entrepreneurship tips for beginners', 'entrepreneur', 'entrepreneurship motivation', 'entrepreneur motivation', 'mindset', 'mindset motivation', 'the positive platform', 'the mental marketer', 'how to create digital products', 'how to create digital products to sell online', 'how to sell digital products', 'how to sell digital products online']"
youtube#video,5sS9C95XkmBqqtf15pA9Tv39Tb8,gbJoUIjdjuo,2016-08-19T17:15:46Z,UCue2gFcD1hKCDYWVUwrhJUA,Johnny Depp & Amber Heard: a couple that inspire happyness,"Johnny Depp & Amber Heard: a couple that inspire happyness
***
Music: ‚ÄúFrozen yarrows‚Äù, by Eino Toivanen, kongano.com
Licenced under Creative Commons: By Attribution 4.0",https://i.ytimg.com/vi/gbJoUIjdjuo/default.jpg,120,90,https://i.ytimg.com/vi/gbJoUIjdjuo/mqdefault.jpg,320,180,https://i.ytimg.com/vi/gbJoUIjdjuo/hqdefault.jpg,480,360,https://i.ytimg.com/vi/gbJoUIjdjuo/sddefault.jpg,640.0,480.0,marco antonio panzer,22,none,,Johnny Depp & Amber Heard: a couple that inspire happyness,"Johnny Depp & Amber Heard: a couple that inspire happyness
***
Music: ‚ÄúFrozen yarrows‚Äù, by Eino Toivanen, kongano.com
Licenced under Creative Commons: By Attribution 4.0",it,PT4M24S,2d,sd,false,True,rectangular,processed,public,youtube,True,True,False,49,0,0,0,https://i.ytimg.com/vi/gbJoUIjdjuo/maxresdefault.jpg,1280.0,720.0,"['Johnny Depp', 'Amber Heard', 'couple', 'happyness']"
youtube#video,VTSD-PNQpYpyNoZTwCdkzNVz1JQ,I_TGm3BOBJQ,2018-09-24T00:54:14Z,UC8-7BoX9DdELCBeL11JzLKA,EZ TALK LIVE   Amber Nicole Smith Chilling Story,"Subscribe to http://ezwaynetwork.com

Amber Nicole Smith supported by actor comedian Kat Williams and his wife has a chilling story to tell. First time heard only on EZ TALK LIVE on eZWay Network's http://eZWay.TV

Amber talks about how she was rapped and forced into sex trafficking and the same time being a mother with a unfortunate death in regards to her son. YET SHE STILL KEEPS HER HEAD HIGH and wants to tell her story to inspire other mothers and everyone that comes anywhere close to walking the path she has walked. 

Show episode hosted by Eric Zuley
Intro produced by: Dante Sears and Eric Zuley

National and international syndication: iLaunchezway.com Twiggitv.com, WomenOnTV, Roku, Apple TV, Amazon Fire TV, Voice America, WBCF, WXFL Alabama channels, KLXA, FANTV LA, and more...",https://i.ytimg.com/vi/I_TGm3BOBJQ/default.jpg,120,90,https://i.ytimg.com/vi/I_TGm3BOBJQ/mqdefault.jpg,320,180,https://i.ytimg.com/vi/I_TGm3BOBJQ/hqdefault.jpg,480,360,https://i.ytimg.com/vi/I_TGm3BOBJQ/sddefault.jpg,640.0,480.0,EZWAYTV WORLDWIDE,24,none,,EZ TALK LIVE   Amber Nicole Smith Chilling Story,"Subscribe to http://ezwaynetwork.com

Amber Nicole Smith supported by actor comedian Kat Williams and his wife has a chilling story to tell. First time heard only on EZ TALK LIVE on eZWay Network's http://eZWay.TV

Amber talks about how she was rapped and forced into sex trafficking and the same time being a mother with a unfortunate death in regards to her son. YET SHE STILL KEEPS HER HEAD HIGH and wants to tell her story to inspire other mothers and everyone that comes anywhere close to walking the path she has walked. 

Show episode hosted by Eric Zuley
Intro produced by: Dante Sears and Eric Zuley

National and international syndication: iLaunchezway.com Twiggitv.com, WomenOnTV, Roku, Apple TV, Amazon Fire TV, Voice America, WBCF, WXFL Alabama channels, KLXA, FANTV LA, and more...",,PT29M45S,2d,hd,false,False,rectangular,processed,public,youtube,True,True,False,285,10,0,1,https://i.ytimg.com/vi/I_TGm3BOBJQ/maxresdefault.jpg,1280.0,720.0,"['EZ WAY BROADCASTING', 'EZ WAY INTERVIEWS', 'HOLLYWOOD EVENTS', 'THE EZ SHOW', 'EZ TALK LIVE', 'Eric Zuley', 'Amber Nicole Smith', 'Sex Trafficking', 'Online Talk Shows']"
youtube#video,_Z__6i-kGdOZruE-rCUMHQvYmpM,kKAIacN8m0U,2016-08-22T17:11:55Z,UCB6bgXhRzlsByblucgeh6Bg,Who got attacked on social media | The Lexicon Ep. 3,"This week's video covers my thoughts on Justin Bieber's latest Instagram scandals, Amber Heard and Johnny Depp's settlement and Ellen's meme that caused an uproar. As always, I am sharing my thoughts in this video. I hope it didn't offend you! 

Justin Bieber is being attacked on Instagram:
http://www.vanityfair.com/style/2016/08/justin-bieber-nude-photo-chantal-jeffries?mbid=social_facebook
http://www.eonline.com/news/787861/selena-gomez-backtracks-on-social-media-comments-while-justin-bieber-deletes-his-instagram

Amber Heard and Johnny Depp come to an agreement:
http://www.eonline.com/news/788633/amber-heard-donating-entire-7-million-divorce-settlement-to-charities-to-help-those-less-able-to-defend-themselves

Ellen DeGeneres is NOT racist: 
http://www.dailymail.co.uk/tvshowbiz/article-3743786/Ellen-DeGeneres-accused-racist-posting-Usain-Bolt-meme-showed-riding-back.html
http://abcnews.go.com/Entertainment/ellen-degeneres-responds-accusations-usain-bolt-tweet-racist/story?id=41453105

-------------------------------------------
WANT MORE OF THE LEXICON ??

BLOG: http://www.thelexiconblog.com/
FACEBOOK: https://www.facebook.com/thelexiconblog/?ref=aymt_homepage_panel
INSTAGRAM: https://www.instagram.com/thelexiconblog/
TWITTER: https://twitter.com/thelexicon_kuh

""Aspire to Inspire"" - Lexi",https://i.ytimg.com/vi/kKAIacN8m0U/default.jpg,120,90,https://i.ytimg.com/vi/kKAIacN8m0U/mqdefault.jpg,320,180,https://i.ytimg.com/vi/kKAIacN8m0U/hqdefault.jpg,480,360,https://i.ytimg.com/vi/kKAIacN8m0U/sddefault.jpg,640.0,480.0,The Lexicon,22,none,,Who got attacked on social media | The Lexicon Ep. 3,"This week's video covers my thoughts on Justin Bieber's latest Instagram scandals, Amber Heard and Johnny Depp's settlement and Ellen's meme that caused an uproar. As always, I am sharing my thoughts in this video. I hope it didn't offend you! 

Justin Bieber is being attacked on Instagram:
http://www.vanityfair.com/style/2016/08/justin-bieber-nude-photo-chantal-jeffries?mbid=social_facebook
http://www.eonline.com/news/787861/selena-gomez-backtracks-on-social-media-comments-while-justin-bieber-deletes-his-instagram

Amber Heard and Johnny Depp come to an agreement:
http://www.eonline.com/news/788633/amber-heard-donating-entire-7-million-divorce-settlement-to-charities-to-help-those-less-able-to-defend-themselves

Ellen DeGeneres is NOT racist: 
http://www.dailymail.co.uk/tvshowbiz/article-3743786/Ellen-DeGeneres-accused-racist-posting-Usain-Bolt-meme-showed-riding-back.html
http://abcnews.go.com/Entertainment/ellen-degeneres-responds-accusations-usain-bolt-tweet-racist/story?id=41453105

-------------------------------------------
WANT MORE OF THE LEXICON ??

BLOG: http://www.thelexiconblog.com/
FACEBOOK: https://www.facebook.com/thelexiconblog/?ref=aymt_homepage_panel
INSTAGRAM: https://www.instagram.com/thelexiconblog/
TWITTER: https://twitter.com/thelexicon_kuh

""Aspire to Inspire"" - Lexi",,PT6M19S,2d,hd,false,False,rectangular,processed,public,youtube,True,True,False,44,0,0,1,https://i.ytimg.com/vi/kKAIacN8m0U/maxresdefault.jpg,1280.0,720.0,"['Meme', 'Usain Bolt', 'Ellen DeGeneres', 'Amber Heard', 'Johnny Depp', 'Justin Bieber', 'Selena Gomez', 'Instagram', 'Twitter', 'News', 'Celebrity', 'Scandal', 'Fight', 'Lexicon']"
youtube#video,roAi3P8rC0MtBTfc5mniJVP0BGI,oriqPrDjk3U,2021-02-23T02:04:49Z,UCR6z_u-RuIcPkTuu-dbOMfw,Interview w/ Amber Richane (City of Santa Monica) (Season 2),"Welcome to Season 2 with Amber Richane, Senior Design Manager for the City of Santa Monica and the now-complete City Hall East - recently dubbed the ""greenest"" building in the world!!!

We discuss the ins and outs of designing and building the first municipal ""Living Building"" in Southern California, including on-site water & energy systems, how to make a building ""breathe"", edible landscape design, and a deep dive into how sanitary foam-flush toilets can be!

Watch the USGBC LA: City Services Tour: 
https://www.youtube.com/watch?v=W2Fvnyu6_PY&t=11s

Episode Sponsor:¬†www.sustainablehomesofthefuture.com
***Connect with our team at Sustainable Homes of the Future*** - http://www.shfbuild.com
Contact Host: info@shfbuild.com
IG: @shfbuild
FB: @SHFBuild

***Listen the the Podcast on Apple/Google/Spotify***
""Building the Future: Green Building in the New Millennium""

For full show notes: https://shfbuild.podbean.com/

About Amber:

Amber is a Senior Design Manager for the City of Santa Monica in the Architecture Services division of Public Works. She has over 20 years of experience in sustainability, wellness, and deep green projects. Currently she is the Project Manager for the City Services Building in Santa Monica that is seeking full Living Building Challenge certification with construction completed in April of this year. She enjoys sharing her knowledge and empowering women in the green building industry to reach new heights as well as designing and creating spaces that are beautiful and biophilic.

About Ian:

As the Managing Director of Development at Sustainable Homes of the Future, Ian has had the opportunity to break new creative and technical ground and learn the necessary skills to manage each project with an integrative, design-centered approach. He has an extensive creative background from a decade of working in marketing, communications, sales and the not-for-profit space, and loves bringing passion and collaborative expertise to the sustainable building landscape.

Show Notes:

Virtual Tour of SaMo City Hall East - https://youtu.be/W2Fvnyu6_PY
International Living Future Institute - https://living-future.org/
Urban Land Institute - https://uli.org/",https://i.ytimg.com/vi/oriqPrDjk3U/default.jpg,120,90,https://i.ytimg.com/vi/oriqPrDjk3U/mqdefault.jpg,320,180,https://i.ytimg.com/vi/oriqPrDjk3U/hqdefault.jpg,480,360,https://i.ytimg.com/vi/oriqPrDjk3U/sddefault.jpg,640.0,480.0,Sustainable Homes of the Future,28,none,,Interview w/ Amber Richane (City of Santa Monica) (Season 2),"Welcome to Season 2 with Amber Richane, Senior Design Manager for the City of Santa Monica and the now-complete City Hall East - recently dubbed the ""greenest"" building in the world!!!

We discuss the ins and outs of designing and building the first municipal ""Living Building"" in Southern California, including on-site water & energy systems, how to make a building ""breathe"", edible landscape design, and a deep dive into how sanitary foam-flush toilets can be!

Watch the USGBC LA: City Services Tour: 
https://www.youtube.com/watch?v=W2Fvnyu6_PY&t=11s

Episode Sponsor:¬†www.sustainablehomesofthefuture.com
***Connect with our team at Sustainable Homes of the Future*** - http://www.shfbuild.com
Contact Host: info@shfbuild.com
IG: @shfbuild
FB: @SHFBuild

***Listen the the Podcast on Apple/Google/Spotify***
""Building the Future: Green Building in the New Millennium""

For full show notes: https://shfbuild.podbean.com/

About Amber:

Amber is a Senior Design Manager for the City of Santa Monica in the Architecture Services division of Public Works. She has over 20 years of experience in sustainability, wellness, and deep green projects. Currently she is the Project Manager for the City Services Building in Santa Monica that is seeking full Living Building Challenge certification with construction completed in April of this year. She enjoys sharing her knowledge and empowering women in the green building industry to reach new heights as well as designing and creating spaces that are beautiful and biophilic.

About Ian:

As the Managing Director of Development at Sustainable Homes of the Future, Ian has had the opportunity to break new creative and technical ground and learn the necessary skills to manage each project with an integrative, design-centered approach. He has an extensive creative background from a decade of working in marketing, communications, sales and the not-for-profit space, and loves bringing passion and collaborative expertise to the sustainable building landscape.

Show Notes:

Virtual Tour of SaMo City Hall East - https://youtu.be/W2Fvnyu6_PY
International Living Future Institute - https://living-future.org/
Urban Land Institute - https://uli.org/",en,PT1H3M50S,2d,hd,true,False,rectangular,processed,public,youtube,True,True,False,20,0,0,0,https://i.ytimg.com/vi/oriqPrDjk3U/maxresdefault.jpg,1280.0,720.0,"['green building design', 'green building', 'sustainability', 'green building design charrette', 'charrette', 'design', 'architecture', 'collaborative design process', 'innovation', 'creative architecture ideas', 'architect', 'energy efficiency', 'environmental design', 'green consulting', 'indoor air quality', 'integrative design', 'new construction', 'organic architecture', 'passive design', 'renovations', 'sustainable building', 'sustainable design', 'sustainable materials']"
youtube#video,RQc_-uiqypQHYQkNllUqjmTRzOI,Q3rC9uVK8M4,2021-06-06T09:53:59Z,UCnw25EwbtLm5IERFT8PqI2g,Johnny depp and Amber Heard Entry in Red Carpet | Captain Jack Sparrow | Attitude Status Video üî•,"#Johnnydeep #AmberHeard #Status



#Shorts #ScarlettJohansson #GigiHadid #SelenaGomez #Zayn #ZaynMalik #Status #cute #beautiful #EmiliaClarke #GoT #EmmaWatson #CristianoRonaldo #EmmaMackey #Indian #Crush #KarrenGillan #KendallJenner #DuaLipa
#KatyPerry #Whatsapp #Attitude #Instagram #Youtube #billieellish #harleyquinn #interview #MeganFox #Chodumemes #Hottest #JacquelineFernandes #GalGadot #EllysePerry #JenniferLawrence #Sharddhakapoor #KylieJenner #ArianaGrande #SunnyLeone #MargotRobbie
#HD #ScarletWitch #ElizabethOlsen #AlexandraDaddario #NancyMomoland #PriyankaChopra #RashelKolaneci #memes #cuteness #overload #Subscribe #Hollywood",https://i.ytimg.com/vi/Q3rC9uVK8M4/default.jpg,120,90,https://i.ytimg.com/vi/Q3rC9uVK8M4/mqdefault.jpg,320,180,https://i.ytimg.com/vi/Q3rC9uVK8M4/hqdefault.jpg,480,360,https://i.ytimg.com/vi/Q3rC9uVK8M4/sddefault.jpg,640.0,480.0,Chodu Memes,22,none,,Johnny depp and Amber Heard Entry in Red Carpet | Captain Jack Sparrow | Attitude Status Video üî•,"#Johnnydeep #AmberHeard #Status



#Shorts #ScarlettJohansson #GigiHadid #SelenaGomez #Zayn #ZaynMalik #Status #cute #beautiful #EmiliaClarke #GoT #EmmaWatson #CristianoRonaldo #EmmaMackey #Indian #Crush #KarrenGillan #KendallJenner #DuaLipa
#KatyPerry #Whatsapp #Attitude #Instagram #Youtube #billieellish #harleyquinn #interview #MeganFox #Chodumemes #Hottest #JacquelineFernandes #GalGadot #EllysePerry #JenniferLawrence #Sharddhakapoor #KylieJenner #ArianaGrande #SunnyLeone #MargotRobbie
#HD #ScarletWitch #ElizabethOlsen #AlexandraDaddario #NancyMomoland #PriyankaChopra #RashelKolaneci #memes #cuteness #overload #Subscribe #Hollywood",,PT31S,2d,hd,false,False,rectangular,processed,public,youtube,True,True,False,1583,40,0,0,https://i.ytimg.com/vi/Q3rC9uVK8M4/maxresdefault.jpg,1280.0,720.0,"['Johnny depp and Amber Heard Whatsapp Status', 'johnny depp ringtone', 'johnny depp attitude status', 'johnny depp whatsapp status', 'johnny depp status', 'johnny depp bgm', 'johnny depp and amber heard whatsapp status', 'Amber Heard Whatsapp Status', 'Amber Heard Entry', 'Johnny depp Entry', 'Johnny depp attitude']"
youtube#video,syNrZotXu-iWcnYvoMFcTVHiTC4,rLdWnTT6i9I,2021-09-03T00:32:48Z,UCtvp0IEAljjkcXPDkGTWJlw,Face your fears & prioritise yourself with Amber Hagberg,"In 2008, Amber was going through a time of desperation and deep depression, she felt that she had no purpose or desire for life‚Ä¶.. until she found Yoga.
Upon taking a HUGE risk and moving to Costa Rica back in 2015, Amber has lead over 20 yoga teacher training, a dozen yoga retreats, and coached 70+ women to live a yoga lifestyle.
In this episode we discuss:
1. How Amber got out of a time of desperation & depression
2. The philosophy of yoga
3. How to face your fears 
4. The 'ego' self vers out higher self
5. Spiritual bypassing
6. How to prioritise yourself and follow your dreams

Connect with Harmony, book an Ayurveda & Integrative Health consultation or business coaching session:


Website: https://www.harmonyinspiredhealth.com.au/


Join the Tribe: https://www.facebook.com/groups/AyurvedicSoulSister


Follow on FB: https://www.facebook.com/Harmony.Inspired.Health


Follow on IG: https://www.instagram.com/harmony.inspired.yoga.ayurveda/

Ayurveda Alchemist - Become an Ayurveda Lifestyle & Wellness Coach: https://harmonyinspiredhealth.com.au",https://i.ytimg.com/vi/rLdWnTT6i9I/default.jpg,120,90,https://i.ytimg.com/vi/rLdWnTT6i9I/mqdefault.jpg,320,180,https://i.ytimg.com/vi/rLdWnTT6i9I/hqdefault.jpg,480,360,,,,Harmony Inspired Health,22,none,,Face your fears & prioritise yourself with Amber Hagberg,"In 2008, Amber was going through a time of desperation and deep depression, she felt that she had no purpose or desire for life‚Ä¶.. until she found Yoga.
Upon taking a HUGE risk and moving to Costa Rica back in 2015, Amber has lead over 20 yoga teacher training, a dozen yoga retreats, and coached 70+ women to live a yoga lifestyle.
In this episode we discuss:
1. How Amber got out of a time of desperation & depression
2. The philosophy of yoga
3. How to face your fears 
4. The 'ego' self vers out higher self
5. Spiritual bypassing
6. How to prioritise yourself and follow your dreams

Connect with Harmony, book an Ayurveda & Integrative Health consultation or business coaching session:


Website: https://www.harmonyinspiredhealth.com.au/


Join the Tribe: https://www.facebook.com/groups/AyurvedicSoulSister


Follow on FB: https://www.facebook.com/Harmony.Inspired.Health


Follow on IG: https://www.instagram.com/harmony.inspired.yoga.ayurveda/

Ayurveda Alchemist - Become an Ayurveda Lifestyle & Wellness Coach: https://harmonyinspiredhealth.com.au",zxx,PT41M35S,2d,sd,false,False,rectangular,processed,public,youtube,True,True,False,5,1,0,0,,,,
youtube#video,7fiGE46PLdXl4hXxeOyfPNiyp7I,RYJhdG84tOg,2021-08-27T17:11:30Z,UCZqeSgcxKdZ5cWypk4y8VLg,Amber Morales - 'Why We Walk': 2021 Bakersfield Walk Like MADD & MADD Dash,"There are countless reasons why people join together each year at the Bakersfield ""Walk Like MADD & MADD Dash"", but the central reason is this: No More Victims! 

Victims and MADD Kern County volunteer Amber Morales shares why she's participating. 

(Video courtesy of Mark Nessia)

===

For the eighth year, Kern County will come together on Saturday, Sept. 25, in the fight against impaired driving to proclaim, ‚ÄúNo More Victims!‚Äù

Bakersfield‚Äôs Walk Like MADD & MADD Dash ‚Äî presented by Chain | Cohn | Stiles ‚Äî is Kern County‚Äôs chance to do something about drunk and drugged driving in our community. In what has become one of the largest fundraising walks and runs in town, the event brings together people from our community ‚Äì surviving victims of crashes, families and friends of injured and deceased victims, law enforcement, prosecutors, first responders, advocates, and community leaders and members ‚Äì to march, rally and run for the cause.

Our community has seen at least 4,000 DUI arrests made each year, according to the Kern County District Attorney‚Äôs Office ‚Äì nearly 12 DUI arrests per day. Kern County ranks worst in the state for DUI crashes resulting in injuries, and second most in the United States. And during this pandemic, fatal crash rates have spiked, with speeding, lower seatbelt use, and impaired driving to blame.

‚ÄúImpaired driving continues to be one of the leading causes of fatalities and injuries on our roadways, with devastating consequences for all involved, especially innocent bystanders,‚Äù said Carla Pearson, MADD Kern County‚Äôs victim services specialist. ‚ÄúLet‚Äôs all remember and remind our loved ones that these crashes are 100% preventable.‚Äù

Walk Like MADD & MADD Dash has three main components:
1) Remember: We walk for those who no longer can and alongside those who are learning to walk again.
2) Inspire: We walk empowered even when we feel powerless, as survivors when we have been victimized, and with purpose when we have lost our way.
3) Commit: We walk with supporters who share our vision of No More Victims.

At the state level, the MADD Campaign to Eliminate Drunk Driving calls for high-visibility law enforcement, ignition interlocks or ‚Äúin-car breathalyzers‚Äù for all convicted drunk drivers, and support for the development of advanced technology.

Funds raised in Kern County‚Äôs event funds local educational programs and prevention services, raises awareness of the DUI problem in our local communities, and provides support to local victims and survivors of impaired driving crashes.

Presented by the local law firm Chain | Cohn | Stiles, it‚Äôs also supported this year by Chevron, Valley Strong Credit Union, Kern County Prosecutors Association, Sally Herald Accountancy Inc., and others. Since the first Bakersfield Walk Like MADD in 2014, thousands of local residents have made their voices heard while raising more than $400,000 for MADD Kern County.

- When: 7-10am on Saturday, Sept. 25, 2021
- Where: Park at River Walk in Bakersfield
- Packet Pick-Up: 3-7pm on Thursday, Sept. 23, at Action Sports (9500 Brimhall Road, #400)
- Register / Information: walklikemadd.org/bakersfield",https://i.ytimg.com/vi/RYJhdG84tOg/default.jpg,120,90,https://i.ytimg.com/vi/RYJhdG84tOg/mqdefault.jpg,320,180,https://i.ytimg.com/vi/RYJhdG84tOg/hqdefault.jpg,480,360,https://i.ytimg.com/vi/RYJhdG84tOg/sddefault.jpg,640.0,480.0,MADD Kern County,22,none,,Amber Morales - 'Why We Walk': 2021 Bakersfield Walk Like MADD & MADD Dash,"There are countless reasons why people join together each year at the Bakersfield ""Walk Like MADD & MADD Dash"", but the central reason is this: No More Victims! 

Victims and MADD Kern County volunteer Amber Morales shares why she's participating. 

(Video courtesy of Mark Nessia)

===

For the eighth year, Kern County will come together on Saturday, Sept. 25, in the fight against impaired driving to proclaim, ‚ÄúNo More Victims!‚Äù

Bakersfield‚Äôs Walk Like MADD & MADD Dash ‚Äî presented by Chain | Cohn | Stiles ‚Äî is Kern County‚Äôs chance to do something about drunk and drugged driving in our community. In what has become one of the largest fundraising walks and runs in town, the event brings together people from our community ‚Äì surviving victims of crashes, families and friends of injured and deceased victims, law enforcement, prosecutors, first responders, advocates, and community leaders and members ‚Äì to march, rally and run for the cause.

Our community has seen at least 4,000 DUI arrests made each year, according to the Kern County District Attorney‚Äôs Office ‚Äì nearly 12 DUI arrests per day. Kern County ranks worst in the state for DUI crashes resulting in injuries, and second most in the United States. And during this pandemic, fatal crash rates have spiked, with speeding, lower seatbelt use, and impaired driving to blame.

‚ÄúImpaired driving continues to be one of the leading causes of fatalities and injuries on our roadways, with devastating consequences for all involved, especially innocent bystanders,‚Äù said Carla Pearson, MADD Kern County‚Äôs victim services specialist. ‚ÄúLet‚Äôs all remember and remind our loved ones that these crashes are 100% preventable.‚Äù

Walk Like MADD & MADD Dash has three main components:
1) Remember: We walk for those who no longer can and alongside those who are learning to walk again.
2) Inspire: We walk empowered even when we feel powerless, as survivors when we have been victimized, and with purpose when we have lost our way.
3) Commit: We walk with supporters who share our vision of No More Victims.

At the state level, the MADD Campaign to Eliminate Drunk Driving calls for high-visibility law enforcement, ignition interlocks or ‚Äúin-car breathalyzers‚Äù for all convicted drunk drivers, and support for the development of advanced technology.

Funds raised in Kern County‚Äôs event funds local educational programs and prevention services, raises awareness of the DUI problem in our local communities, and provides support to local victims and survivors of impaired driving crashes.

Presented by the local law firm Chain | Cohn | Stiles, it‚Äôs also supported this year by Chevron, Valley Strong Credit Union, Kern County Prosecutors Association, Sally Herald Accountancy Inc., and others. Since the first Bakersfield Walk Like MADD in 2014, thousands of local residents have made their voices heard while raising more than $400,000 for MADD Kern County.

- When: 7-10am on Saturday, Sept. 25, 2021
- Where: Park at River Walk in Bakersfield
- Packet Pick-Up: 3-7pm on Thursday, Sept. 23, at Action Sports (9500 Brimhall Road, #400)
- Register / Information: walklikemadd.org/bakersfield",,PT41S,2d,hd,false,False,rectangular,processed,public,youtube,True,True,False,13,1,0,0,https://i.ytimg.com/vi/RYJhdG84tOg/maxresdefault.jpg,1280.0,720.0,"['Bakersfield', 'Kern County', 'Walk Like MADD', 'MADD Dash', 'Why We Walk', 'impaired driving', 'DUI', 'No More Victims']"
youtube#video,Rqs0-uelIA3kKuk2gWRn3eAuTLw,u4QlNZqUX7k,2019-03-07T18:36:28Z,UCNe19obktIYzEtCaLQXox_g,A Creative Bible Journaling Study of GENESIS 21:8-21 with Amber Bolton of the Inspire Bible TOUR,"Feeling ""Inspired?"" Visit: http://bit.ly/2CkrpHv
Like, comment, and subscribe for more inspiring videos!
Join Amber Bolton of the Inspire Bible TOUR as she helps you be creative and connected with God‚Äôs Word. Grab your Bible and favorite Bible journaling supplies and follow along with Amber as she guides you through her 4-step Bible study process. She will also share tips, techniques, and favorite Bible journaling supplies to equip and encourage you to respond creatively in the margins of your Bible. This video is sponsored by Tyndale House Publishers and features the Inspire Bible for Girls softcover edition, ISBN 978-1-4964-2661-1. Enjoy your time in God‚Äôs Word!",https://i.ytimg.com/vi/u4QlNZqUX7k/default.jpg,120,90,https://i.ytimg.com/vi/u4QlNZqUX7k/mqdefault.jpg,320,180,https://i.ytimg.com/vi/u4QlNZqUX7k/hqdefault.jpg,480,360,https://i.ytimg.com/vi/u4QlNZqUX7k/sddefault.jpg,640.0,480.0,Tyndale House Publishers,26,none,,A Creative Bible Journaling Study of GENESIS 21:8-21 with Amber Bolton of the Inspire Bible TOUR,"Feeling ""Inspired?"" Visit: http://bit.ly/2CkrpHv
Like, comment, and subscribe for more inspiring videos!
Join Amber Bolton of the Inspire Bible TOUR as she helps you be creative and connected with God‚Äôs Word. Grab your Bible and favorite Bible journaling supplies and follow along with Amber as she guides you through her 4-step Bible study process. She will also share tips, techniques, and favorite Bible journaling supplies to equip and encourage you to respond creatively in the margins of your Bible. This video is sponsored by Tyndale House Publishers and features the Inspire Bible for Girls softcover edition, ISBN 978-1-4964-2661-1. Enjoy your time in God‚Äôs Word!",en,PT10M14S,2d,hd,false,False,rectangular,processed,public,youtube,True,True,False,1136,32,0,6,https://i.ytimg.com/vi/u4QlNZqUX7k/maxresdefault.jpg,1280.0,720.0,"['Bible journaling', 'Inspire Bible', 'Inspire Bible journaling', 'creative Bible journaling', 'journaling Bible', 'Inspire praise Bible', 'Bible journaling supplies', 'Bible journaling tips', 'Amber Bolton', 'prayer journal', 'Bible flip through', 'Genesis Bible study', 'Genesis 21', 'Bible study prompt', 'journaling ideas', 'journaling prompt', 'Bible journaling ideas', 'Bible journaling process', 'creative Bible journaling process', 'Bible study process', 'Bible reading routine', 'Bible study routine']"
youtube#video,9IJCORE-Tv828abyI6uxn5CJlLQ,uRtnPp580GQ,2021-02-20T19:00:14Z,UCLiVJM794YoymVoct6vkyVg,HOW TO CHOOSE what CONTENT to make | A & OH SHOW | Amber Lykins Olivia Heyward,"This is an Entrepreneur Life Style Show where we Inspire and Equip Women on their Business Journey. 

üñ• Tune in every Thursday at 12P NOON EST. Streaming LIVE on Facebook & YouTube @ A & OH SHOW 

üì± Every Tuesday & Saturday at 2PM EST - New Upload to help you level up in video content!! ‚†Ä

üíª üö® APPLY for The Mastermind NOW : http://bit.ly/rsrinterview

SUBSCRIBE NOW : https://www.youtube.com/channel/UCLiVJM794YoymVoct6vkyVg?sub_confirmation=1‚†Ä‚†Ä ‚†Ä‚†Ä‚†Ä

üö®LIKE our page NOW | https://bit.ly/AANDOHSHOW
üö®Subscribe NOW | https://bit.ly/amberlykinsyoutube
üö®Subscribe NOW | bit.ly/OliviaHeywardYoutube 
üö®Join Community NOW | https://bit.ly/blushtribe

ü§©üéÅ We have a GIFT FOR YOU.... 
5 DAY start your YouTube channel @ www.amberlykins.com
bit.ly/merrychristmasgiftforyou 

‚ú® Self-Paced courses available right now!!!! 
 GO NOW and get in today!! CREATECONTENTACADEMY.COM

Amber Lykins on Social ‚Ä£  
Website ‚Ä£ www.amberlykins.com (receive your üéÅ gift)
CCA www.createcontentacademy.com (receive your üéÅ gift)
Facebook ‚Ä£ http://bit.ly/AmberLykinsFACEBOOK
Facebook BLUSH VIP Community ‚Ä£ http://bit.ly/AmberLykinsVIPGroup
Instagram ‚Ä£ http://bit.ly/AmberLykinsINSTAGRAM
Website | Merch ‚Ä£ http://bit.ly/AmberLykinsWEBSITE
Quick Links ‚Ä£ Amberlykins.com/Instagram
Shop Ambers Looks ‚Ä£ http://Www.liketoknow.it/amberlykins

Olivia Heyward on Social ‚Ä£ 
Website ‚Ä£ ohcreativeboutique.com (receive your üéÅ gift)
CCA ‚Ä£ www.createcontentacademy.com (receive your üéÅ gift)
OH Creative Boutique - Creative & Graphic Designer 
VIPs ‚Ä£ bit.ly/ohsoprettyfb 
Jewelry ‚Ä£ Oliviaheyward.com üö® SHOP
Instagram ‚Ä£ bit.ly/OliviaHeywardInstagram üö® FOLLOW 
Facebook ‚Ä£ bit.ly/OliviaHeywardFacebook
Youtube ‚Ä£ bit.ly/OliviaHeywardYoutube üö® SUBSCRIBE
 
Sponsored by CREATECONTENTACADEMY.COM",https://i.ytimg.com/vi/uRtnPp580GQ/default.jpg,120,90,https://i.ytimg.com/vi/uRtnPp580GQ/mqdefault.jpg,320,180,https://i.ytimg.com/vi/uRtnPp580GQ/hqdefault.jpg,480,360,https://i.ytimg.com/vi/uRtnPp580GQ/sddefault.jpg,640.0,480.0,A & OH Show,1,none,,HOW TO CHOOSE what CONTENT to make | A & OH SHOW | Amber Lykins Olivia Heyward,"This is an Entrepreneur Life Style Show where we Inspire and Equip Women on their Business Journey. 

üñ• Tune in every Thursday at 12P NOON EST. Streaming LIVE on Facebook & YouTube @ A & OH SHOW 

üì± Every Tuesday & Saturday at 2PM EST - New Upload to help you level up in video content!! ‚†Ä

üíª üö® APPLY for The Mastermind NOW : http://bit.ly/rsrinterview

SUBSCRIBE NOW : https://www.youtube.com/channel/UCLiVJM794YoymVoct6vkyVg?sub_confirmation=1‚†Ä‚†Ä ‚†Ä‚†Ä‚†Ä

üö®LIKE our page NOW | https://bit.ly/AANDOHSHOW
üö®Subscribe NOW | https://bit.ly/amberlykinsyoutube
üö®Subscribe NOW | bit.ly/OliviaHeywardYoutube 
üö®Join Community NOW | https://bit.ly/blushtribe

ü§©üéÅ We have a GIFT FOR YOU.... 
5 DAY start your YouTube channel @ www.amberlykins.com
bit.ly/merrychristmasgiftforyou 

‚ú® Self-Paced courses available right now!!!! 
 GO NOW and get in today!! CREATECONTENTACADEMY.COM

Amber Lykins on Social ‚Ä£  
Website ‚Ä£ www.amberlykins.com (receive your üéÅ gift)
CCA www.createcontentacademy.com (receive your üéÅ gift)
Facebook ‚Ä£ http://bit.ly/AmberLykinsFACEBOOK
Facebook BLUSH VIP Community ‚Ä£ http://bit.ly/AmberLykinsVIPGroup
Instagram ‚Ä£ http://bit.ly/AmberLykinsINSTAGRAM
Website | Merch ‚Ä£ http://bit.ly/AmberLykinsWEBSITE
Quick Links ‚Ä£ Amberlykins.com/Instagram
Shop Ambers Looks ‚Ä£ http://Www.liketoknow.it/amberlykins

Olivia Heyward on Social ‚Ä£ 
Website ‚Ä£ ohcreativeboutique.com (receive your üéÅ gift)
CCA ‚Ä£ www.createcontentacademy.com (receive your üéÅ gift)
OH Creative Boutique - Creative & Graphic Designer 
VIPs ‚Ä£ bit.ly/ohsoprettyfb 
Jewelry ‚Ä£ Oliviaheyward.com üö® SHOP
Instagram ‚Ä£ bit.ly/OliviaHeywardInstagram üö® FOLLOW 
Facebook ‚Ä£ bit.ly/OliviaHeywardFacebook
Youtube ‚Ä£ bit.ly/OliviaHeywardYoutube üö® SUBSCRIBE
 
Sponsored by CREATECONTENTACADEMY.COM",en-US,PT19M6S,2d,hd,false,False,rectangular,processed,public,youtube,True,True,False,45,3,0,5,https://i.ytimg.com/vi/uRtnPp580GQ/maxresdefault.jpg,1280.0,720.0,"['content plan for youtube', 'how to create content', 'become a great content creator', 'a & oh show', 'amber lykins', 'Olivia Heyward', 'start a youtube channel in 2021', 'youtube ideas', 'learn from the best youtubers', 'create content academy', 'how to start a channel', 'help with growing my channel', 'youtube channel']"
youtube#video,wd1WcydR6R4TAP6q0yJhODHH69w,UVFnII_UvbM,2021-05-02T04:31:54Z,UC-PVv3KB4_RsHXtFlvwaG3Q,Amber Heard fullscreen Status || Amber Heard Attitude Status || Girls Attitude Fullscreen Status,,https://i.ytimg.com/vi/UVFnII_UvbM/default.jpg,120,90,https://i.ytimg.com/vi/UVFnII_UvbM/mqdefault.jpg,320,180,https://i.ytimg.com/vi/UVFnII_UvbM/hqdefault.jpg,480,360,,,,Dark World,1,none,,Amber Heard fullscreen Status || Amber Heard Attitude Status || Girls Attitude Fullscreen Status,,,PT14S,2d,hd,false,False,rectangular,processed,public,youtube,True,True,False,393,12,0,2,,,,
youtube#video,dp4owONxl6EWuF0l45rCxZ0aaqA,VIgAUzQsz8I,2021-12-17T13:05:33Z,UC5VloYZ3QniYts2H-v-Adiw,Conversations with Dr. Kiltz - special guest Amber Wentworth,"Join Dr. Kiltz and guest Amber Wentworth to discuss all things Keto/Carnivore and the health benefits of changing your diet and lifestyle. 

In addition to life and nutrition coaching, Amber has also created various Texas-inspired low carb/keto carnivore recipes!  Tune in to learn from Amber's personal experience eating a carnivore diet and how it has helped her clients.",https://i.ytimg.com/vi/VIgAUzQsz8I/default.jpg,120,90,https://i.ytimg.com/vi/VIgAUzQsz8I/mqdefault.jpg,320,180,https://i.ytimg.com/vi/VIgAUzQsz8I/hqdefault.jpg,480,360,https://i.ytimg.com/vi/VIgAUzQsz8I/sddefault.jpg,640.0,480.0,CNY Fertility,24,none,,Conversations with Dr. Kiltz - special guest Amber Wentworth,"Join Dr. Kiltz and guest Amber Wentworth to discuss all things Keto/Carnivore and the health benefits of changing your diet and lifestyle. 

In addition to life and nutrition coaching, Amber has also created various Texas-inspired low carb/keto carnivore recipes!  Tune in to learn from Amber's personal experience eating a carnivore diet and how it has helped her clients.",en,PT58M40S,2d,hd,false,False,rectangular,processed,public,youtube,True,True,True,20,2,0,,https://i.ytimg.com/vi/VIgAUzQsz8I/maxresdefault.jpg,1280.0,720.0,
youtube#video,CdTXzvMnkQP_4p-8nn3XJA8TRCc,yDAS9kzCy-U,2020-11-14T16:46:11Z,UCSL40eLsYlTNaDQkCR5xiuw,#shorts Jhonny Depp with Amber Heard ü•≥ü•≥ whatsapp status video,"#shorts
 Jhonny Depp and Amber Heardü•≥ü•≥ü•≥


#mozocreations
 #withme 
#Jhonnydepp",https://i.ytimg.com/vi/yDAS9kzCy-U/default.jpg,120,90,https://i.ytimg.com/vi/yDAS9kzCy-U/mqdefault.jpg,320,180,https://i.ytimg.com/vi/yDAS9kzCy-U/hqdefault.jpg,480,360,https://i.ytimg.com/vi/yDAS9kzCy-U/sddefault.jpg,640.0,480.0,MoZo Creations,24,none,,#shorts Jhonny Depp with Amber Heard ü•≥ü•≥ whatsapp status video,"#shorts
 Jhonny Depp and Amber Heardü•≥ü•≥ü•≥


#mozocreations
 #withme 
#Jhonnydepp",,PT14S,2d,sd,false,False,rectangular,processed,public,youtube,True,True,False,403,11,0,1,,,,"['#shorts', '@jhonnydepp', '#withme', '@Amberheard']"
youtube#video,4M7Hzmgccuo5pyefOwZsx0rWbf4,yrSBGAztohM,2020-12-09T18:51:08Z,UC8mOYM2frAzzCVFBM25HYhQ,Johnny Depp: Confirms he tried getting Amber Heard out of Aquaman! #shorts #youtubeshorts,He has spoken!,https://i.ytimg.com/vi/yrSBGAztohM/default.jpg,120,90,https://i.ytimg.com/vi/yrSBGAztohM/mqdefault.jpg,320,180,https://i.ytimg.com/vi/yrSBGAztohM/hqdefault.jpg,480,360,https://i.ytimg.com/vi/yrSBGAztohM/sddefault.jpg,640.0,480.0,SpoilerzMV Clips,22,none,,Johnny Depp: Confirms he tried getting Amber Heard out of Aquaman! #shorts #youtubeshorts,He has spoken!,,PT23S,2d,hd,false,False,rectangular,processed,public,youtube,True,True,False,127,0,0,7,https://i.ytimg.com/vi/yrSBGAztohM/maxresdefault.jpg,1280.0,720.0,
