kind,etag,id,snippet.publishedAt,snippet.channelId,snippet.title,snippet.description,snippet.thumbnails.default.url,snippet.thumbnails.default.width,snippet.thumbnails.default.height,snippet.thumbnails.medium.url,snippet.thumbnails.medium.width,snippet.thumbnails.medium.height,snippet.thumbnails.high.url,snippet.thumbnails.high.width,snippet.thumbnails.high.height,snippet.channelTitle,snippet.tags,snippet.categoryId,snippet.liveBroadcastContent,snippet.defaultLanguage,snippet.localized.title,snippet.localized.description,snippet.defaultAudioLanguage,contentDetails.duration,contentDetails.dimension,contentDetails.definition,contentDetails.caption,contentDetails.licensedContent,contentDetails.projection,status.uploadStatus,status.privacyStatus,status.license,status.embeddable,status.publicStatsViewable,status.madeForKids,statistics.viewCount,statistics.favoriteCount,statistics.commentCount,snippet.thumbnails.standard.url,snippet.thumbnails.standard.width,snippet.thumbnails.standard.height,statistics.likeCount,snippet.thumbnails.maxres.url,snippet.thumbnails.maxres.width,snippet.thumbnails.maxres.height
youtube#video,MjtPPojyNbz9YCJnm_OJrKjuk_0,-j7nzOlfveg,2021-08-17T21:46:57Z,UCsEaTDlh3kfgl17DnaRFW2g,AMBER IS A 3 TIME LOSER!! VA MOVES AHEAD!!,"this is the third time Amber has tried have VA thrown out. She is a AMBER IS A 3 TIME LOSER

READ THE OPINION LETTER HERE https://www.fairfaxcounty.gov/circuit/sites/circuit/files/assets/documents/pdf/opinions/cl-2019-2911-depp-ii-v-heard-08172021.pdf

❤️.   MY 2ND CHANNEL
The Sweet Spot of the Soul. https://www.youtube.com/channel/UCs0P-KpBWZ2VevEtCXCHMlQ

❤️.   THE PODCAST
DISSENT INTO THE WORMHOLE  https://linktr.ee/DissentIntoTheWormhole

Join this channel to get access to perks:
https://www.youtube.com/channel/UCsEaTDlh3kfgl17DnaRFW2g/join

TIP JAR ~ Tips and donations are not expected but greatly appreciated. 
https://paypal.me/lesleepowers


➤Twitter
 https://twitter.com/spirituallyemp1

➤FOR ONE ON ONE COACHING WITH ME 
  https://bookwithspirituallyempoweredcoaching.as.me/ 

➤Email me 
support@empowerandthrive.ca

➤ Instagram 
www.instagram.com/spiritually_empowered/

#justiceforjohnnydepp",https://i.ytimg.com/vi/-j7nzOlfveg/default.jpg,120,90,https://i.ytimg.com/vi/-j7nzOlfveg/mqdefault.jpg,320,180,https://i.ytimg.com/vi/-j7nzOlfveg/hqdefault.jpg,480,360,SEC,"['AMBER IS A 3 TIME LOSER', 'AMBER IS A 3 TIME LOSER!! VA MOVES AHEAD!!', 'AMBER HEARD', 'JOHNNY DEPP', 'WIN FOR DEPP', 'SEC JOHNNY', 'sec johnny depp', 'Amber heard johnny depp', 'amber heard johnny depp', 'amber heard', 'johnny depp', 'amber heard body language', 'amber heard johnny depp explained']",24,none,en-GB,AMBER IS A 3 TIME LOSER!! VA MOVES AHEAD!!,"this is the third time Amber has tried have VA thrown out. She is a AMBER IS A 3 TIME LOSER

READ THE OPINION LETTER HERE https://www.fairfaxcounty.gov/circuit/sites/circuit/files/assets/documents/pdf/opinions/cl-2019-2911-depp-ii-v-heard-08172021.pdf

❤️.   MY 2ND CHANNEL
The Sweet Spot of the Soul. https://www.youtube.com/channel/UCs0P-KpBWZ2VevEtCXCHMlQ

❤️.   THE PODCAST
DISSENT INTO THE WORMHOLE  https://linktr.ee/DissentIntoTheWormhole

Join this channel to get access to perks:
https://www.youtube.com/channel/UCsEaTDlh3kfgl17DnaRFW2g/join

TIP JAR ~ Tips and donations are not expected but greatly appreciated. 
https://paypal.me/lesleepowers


➤Twitter
 https://twitter.com/spirituallyemp1

➤FOR ONE ON ONE COACHING WITH ME 
  https://bookwithspirituallyempoweredcoaching.as.me/ 

➤Email me 
support@empowerandthrive.ca

➤ Instagram 
www.instagram.com/spiritually_empowered/

#justiceforjohnnydepp",en-CA,PT2M24S,2d,hd,false,True,rectangular,processed,public,youtube,True,False,False,2015,0,71,,,,,,,
youtube#video,YIlqvUxexdWcM19EZ8TcoYj_tkE,1y3IiWA0WKQ,2020-12-17T14:00:45Z,UCkQKxLa3gS6D_RvTvLvxs3Q,"AN TIMES 17 DEC 2020,AMBER TV,RATLAM NEWS,JANTA BOLEGI,","#पत्नी के प्रेमी ने सुपारी देकर करवाई थी हत्या 
#वार्ड मैं नहीं हुआ विकास पार्षद से जनता रही खफा 
#घरेलु सिलेंडरों के बड़े दाम,बिगड़ेगा बजट 
#आदिवासी परिवार ने सौंपा ज्ञापन 
#हिन्दू महासभा नेता पर हुऐ हमले की निंदा",https://i.ytimg.com/vi/1y3IiWA0WKQ/default.jpg,120,90,https://i.ytimg.com/vi/1y3IiWA0WKQ/mqdefault.jpg,320,180,https://i.ytimg.com/vi/1y3IiWA0WKQ/hqdefault.jpg,480,360,AN TIMES,,25,none,,"AN TIMES 17 DEC 2020,AMBER TV,RATLAM NEWS,JANTA BOLEGI,","#पत्नी के प्रेमी ने सुपारी देकर करवाई थी हत्या 
#वार्ड मैं नहीं हुआ विकास पार्षद से जनता रही खफा 
#घरेलु सिलेंडरों के बड़े दाम,बिगड़ेगा बजट 
#आदिवासी परिवार ने सौंपा ज्ञापन 
#हिन्दू महासभा नेता पर हुऐ हमले की निंदा",hi,PT11M35S,2d,sd,false,True,rectangular,processed,public,youtube,True,True,False,9246,0,5,https://i.ytimg.com/vi/1y3IiWA0WKQ/sddefault.jpg,640.0,480.0,186,,,
youtube#video,wfVWiZIUMLmyWE1s7GdHDiaFWCc,6hoi-PQ40zo,2021-12-19T10:39:55Z,UCkQKxLa3gS6D_RvTvLvxs3Q,AMBER TIMES 19 DEC 2021,"#रैनबसेरा पर ताला,खुले आसमान में रात गुजारते है मुसाफिर 
#क्रिसमस पर चर्च में हुई सफ़ेद भेंट की आराधना 
#अधूरा नाला निर्माण बना संकट,निगम बेफिक्र 
#अब इंदौर की टीम के जिम्मे शहर की स्वच्छता
#सब्जी बेचने जा रहा कृषक सड़क हादसे में घायल",https://i.ytimg.com/vi/6hoi-PQ40zo/default.jpg,120,90,https://i.ytimg.com/vi/6hoi-PQ40zo/mqdefault.jpg,320,180,https://i.ytimg.com/vi/6hoi-PQ40zo/hqdefault.jpg,480,360,AN TIMES,,25,none,,AMBER TIMES 19 DEC 2021,"#रैनबसेरा पर ताला,खुले आसमान में रात गुजारते है मुसाफिर 
#क्रिसमस पर चर्च में हुई सफ़ेद भेंट की आराधना 
#अधूरा नाला निर्माण बना संकट,निगम बेफिक्र 
#अब इंदौर की टीम के जिम्मे शहर की स्वच्छता
#सब्जी बेचने जा रहा कृषक सड़क हादसे में घायल",hi,PT8M46S,2d,sd,false,True,rectangular,processed,public,youtube,True,True,False,1265,0,0,https://i.ytimg.com/vi/6hoi-PQ40zo/sddefault.jpg,640.0,480.0,53,,,
youtube#video,hwm4DO2qLn76mp-q0l55MZLYcyw,8CY5-AIJZOE,2022-01-08T04:07:23Z,UC1JAwKeDUjN2orv5t7LWODQ,"1-year-old boy found safe, AMBER Alert canceled after SUV stolen with child inside","Police say the boy was found safe Friday evening in Brooklyn Park.

Welcome to the official YouTube channel of KARE 11 News. Subscribe to our channel for compelling and dramatic storytelling, award winning investigations, breaking news and information you can use. 
» Subscribe to KARE 11 on YouTube: https://www.youtube.com/subscription_center?add_user=kare11
» Watch more KARE 11 video: https://www.youtube.com/user/KARE11/videos
» Visit KARE11.com: http://www.kare11.com/ 
» Download our app! https://www.kare11.com/appredirect/ 
» Find KARE 11 on Facebook: https://www.facebook.com/KARE11/ 
» Follow KARE 11 on Twitter: https://twitter.com/kare11 
» Follow KARE 11 on Instagram: https://www.instagram.com/kare11/",https://i.ytimg.com/vi/8CY5-AIJZOE/default.jpg,120,90,https://i.ytimg.com/vi/8CY5-AIJZOE/mqdefault.jpg,320,180,https://i.ytimg.com/vi/8CY5-AIJZOE/hqdefault.jpg,480,360,KARE 11,"['local', 'news']",25,none,en,"1-year-old boy found safe, AMBER Alert canceled after SUV stolen with child inside","Police say the boy was found safe Friday evening in Brooklyn Park.

Welcome to the official YouTube channel of KARE 11 News. Subscribe to our channel for compelling and dramatic storytelling, award winning investigations, breaking news and information you can use. 
» Subscribe to KARE 11 on YouTube: https://www.youtube.com/subscription_center?add_user=kare11
» Watch more KARE 11 video: https://www.youtube.com/user/KARE11/videos
» Visit KARE11.com: http://www.kare11.com/ 
» Download our app! https://www.kare11.com/appredirect/ 
» Find KARE 11 on Facebook: https://www.facebook.com/KARE11/ 
» Follow KARE 11 on Twitter: https://twitter.com/kare11 
» Follow KARE 11 on Instagram: https://www.instagram.com/kare11/",en,PT2M47S,2d,hd,false,True,rectangular,processed,public,youtube,True,True,False,5712,0,47,,,,137,,,
youtube#video,BevJGsEhtmchMv45CdGu1OViycg,CgFPCAv93nE,2021-12-09T16:45:00Z,UCAmaiEYnoTgj-dmjp8DpepQ,AMBER HEARD GETS EVERYONE FIRED AT THE TIMES As They LOSE Millions For Supporting Her | The Gossipy,"AMBER HEARD GETS EVERYONE FIRED AT THE TIMES As They LOSE Millions For Supporting Her | The Gossipy

With the initial court date being pushed back, Johnny Depp and Amber Heard have been given some more time in order to gather more evidence for their individual cases. For quite some time, the two were firing evidence at each other in order to win in court. 

Ever since the recent release of the footage of the LAPD officers from the penthouse night of Amber Heard and Johnny Depp, things have not been looking all too bright for Amber Heard. Her team has been working tirelessly in order to back up her side, however Johnny Depp seems to have made the attempt to strike back.

#JohnnyDepp #AMBERHEARD #TheTimes
----------------------------------------------------------------------------------------------

Welcome to The Gossipy. We make interesting videos about Hollywood in English. We give you a closer look in the lives of celebrities like Kanye West, Ed Sheeran, The Rock, Jay Z, Selena Gomez, Kylie Jenner, Kim Kardashian, Rihanna and 100s more.

We tell you interesting things about these Hollywood celebrities that you may have never heard before.
Subscribe - https://www.youtube.com/channel/UCAmaiEYnoTgj-dmjp8DpepQ?sub_confirmation=1
''THE CHANNEL GOAL IS TO GET ALL THE YOU TUBE PLAY BUTTONS"". So please do subscribe to our channel to be a part of The Gossipy community, It is really important to grow together as a family and "" we promise you, we will not let you down"".

Cheers!",https://i.ytimg.com/vi/CgFPCAv93nE/default.jpg,120,90,https://i.ytimg.com/vi/CgFPCAv93nE/mqdefault.jpg,320,180,https://i.ytimg.com/vi/CgFPCAv93nE/hqdefault.jpg,480,360,The Gossipy,"['The Gossipy', 'celebrity craze', 'amber heard interview', 'amber heard', 'johnny depp', 'amber heard johnny depp', 'johnny depp amber heard', 'viral vision', 'celebrity news', 'clevver news', 'this happened', 'informoverload', 'inform overload', 'information overload', 'entertainment news', 'crazed culture', 'that umbrella guy', 'umbrella guy', 'thatumbrellaguy', 'hollywood life', 'AMBER HEARD GETS EVERYONE FIRED AT THE TIMES As They LOSE Millions For Supporting Her', 'aquaman', 'aquaman 2', 'the times', 'hollywood news']",24,none,en-US,AMBER HEARD GETS EVERYONE FIRED AT THE TIMES As They LOSE Millions For Supporting Her | The Gossipy,"AMBER HEARD GETS EVERYONE FIRED AT THE TIMES As They LOSE Millions For Supporting Her | The Gossipy

With the initial court date being pushed back, Johnny Depp and Amber Heard have been given some more time in order to gather more evidence for their individual cases. For quite some time, the two were firing evidence at each other in order to win in court. 

Ever since the recent release of the footage of the LAPD officers from the penthouse night of Amber Heard and Johnny Depp, things have not been looking all too bright for Amber Heard. Her team has been working tirelessly in order to back up her side, however Johnny Depp seems to have made the attempt to strike back.

#JohnnyDepp #AMBERHEARD #TheTimes
----------------------------------------------------------------------------------------------

Welcome to The Gossipy. We make interesting videos about Hollywood in English. We give you a closer look in the lives of celebrities like Kanye West, Ed Sheeran, The Rock, Jay Z, Selena Gomez, Kylie Jenner, Kim Kardashian, Rihanna and 100s more.

We tell you interesting things about these Hollywood celebrities that you may have never heard before.
Subscribe - https://www.youtube.com/channel/UCAmaiEYnoTgj-dmjp8DpepQ?sub_confirmation=1
''THE CHANNEL GOAL IS TO GET ALL THE YOU TUBE PLAY BUTTONS"". So please do subscribe to our channel to be a part of The Gossipy community, It is really important to grow together as a family and "" we promise you, we will not let you down"".

Cheers!",en-US,PT8M4S,2d,hd,false,True,rectangular,processed,public,youtube,True,True,False,667,0,5,https://i.ytimg.com/vi/CgFPCAv93nE/sddefault.jpg,640.0,480.0,15,https://i.ytimg.com/vi/CgFPCAv93nE/maxresdefault.jpg,1280.0,720.0
youtube#video,YK2wFXkJY9HeVXOUDuv2NU82IBI,d--iMkGYwNQ,2021-12-17T14:42:19Z,UCkQKxLa3gS6D_RvTvLvxs3Q,AMBER TIMES 17 DEC 2021 YOU,"#चौकीदार ने की कुतिया के बच्चे की हत्या , मामला पहुंचा थाने  
#ट्रैफिक पुलिस पर अभद्रता का आरोप विद्यार्थी परिषद ने दिया धरना 
#पट्टे की जमीन पर बने मकानों को लेकर कुछ तत्व कर रहे है शांति भंग 
#रास्ते मे मिला टेबलेट , थाने में करवाया जमा 
#ब्राह्मण महिला सभा ने किया संगोष्ठी का आयोजन",https://i.ytimg.com/vi/d--iMkGYwNQ/default.jpg,120,90,https://i.ytimg.com/vi/d--iMkGYwNQ/mqdefault.jpg,320,180,https://i.ytimg.com/vi/d--iMkGYwNQ/hqdefault.jpg,480,360,AN TIMES,,25,none,,AMBER TIMES 17 DEC 2021 YOU,"#चौकीदार ने की कुतिया के बच्चे की हत्या , मामला पहुंचा थाने  
#ट्रैफिक पुलिस पर अभद्रता का आरोप विद्यार्थी परिषद ने दिया धरना 
#पट्टे की जमीन पर बने मकानों को लेकर कुछ तत्व कर रहे है शांति भंग 
#रास्ते मे मिला टेबलेट , थाने में करवाया जमा 
#ब्राह्मण महिला सभा ने किया संगोष्ठी का आयोजन",hi,PT13M10S,2d,sd,false,True,rectangular,processed,public,youtube,True,True,False,1287,0,3,https://i.ytimg.com/vi/d--iMkGYwNQ/sddefault.jpg,640.0,480.0,48,,,
youtube#video,GjuZrFchw9oa81yCnf43xcBD0iY,EUlRE59UQ8E,2021-11-14T21:46:54Z,UCOYvKExtd9jGI1fJvHa32tg,Bad Times For Little Kimmie Orris!!  (Amber Heard Playlist!!),,https://i.ytimg.com/vi/EUlRE59UQ8E/default.jpg,120,90,https://i.ytimg.com/vi/EUlRE59UQ8E/mqdefault.jpg,320,180,https://i.ytimg.com/vi/EUlRE59UQ8E/hqdefault.jpg,480,360,#JohnnyDeppIsARapist!! #JohnnyDeppesracista,,22,none,,Bad Times For Little Kimmie Orris!!  (Amber Heard Playlist!!),,,PT27S,2d,hd,false,False,rectangular,processed,public,youtube,True,True,False,111,0,,,,,,,,
youtube#video,DqYqCB0d-gsNrguC8l0V5tDHxwE,Gb7TqpGkJk0,2021-10-07T13:22:44Z,UCkQKxLa3gS6D_RvTvLvxs3Q,AMBER TIMES 7 OCT 2021,"#शक्ति की देवी की भक्ति शुरू ,कालिका माता के दरबार मे भक्तों की भीड़ 
#हर घर पहुंची मातारानी , नवरात्रि उत्सव प्रारंभ 
#शर्तो के मुताबिक मिली गरबों की अनुमति 
#अकेली महिला को हथियार दिखा कर लुटेरे ले गए लाखों का माल
#रोजीरोटी की तलाश में सुबह से चल पड़ती है ढेरों जिंदगियां 
#सिटी फोरलेन निर्माण के बाद डाट की पुल रास्ता हुआ शुरू",https://i.ytimg.com/vi/Gb7TqpGkJk0/default.jpg,120,90,https://i.ytimg.com/vi/Gb7TqpGkJk0/mqdefault.jpg,320,180,https://i.ytimg.com/vi/Gb7TqpGkJk0/hqdefault.jpg,480,360,AN TIMES,,25,none,,AMBER TIMES 7 OCT 2021,"#शक्ति की देवी की भक्ति शुरू ,कालिका माता के दरबार मे भक्तों की भीड़ 
#हर घर पहुंची मातारानी , नवरात्रि उत्सव प्रारंभ 
#शर्तो के मुताबिक मिली गरबों की अनुमति 
#अकेली महिला को हथियार दिखा कर लुटेरे ले गए लाखों का माल
#रोजीरोटी की तलाश में सुबह से चल पड़ती है ढेरों जिंदगियां 
#सिटी फोरलेन निर्माण के बाद डाट की पुल रास्ता हुआ शुरू",hi,PT10M30S,2d,sd,false,True,rectangular,processed,public,youtube,True,True,False,2310,0,4,https://i.ytimg.com/vi/Gb7TqpGkJk0/sddefault.jpg,640.0,480.0,95,,,
youtube#video,mZHYJwp-NKN86QSuJT5mj7vzYas,hvJ_kQz3zCc,2015-09-15T10:36:18Z,UCckHqySbfy5FcPP6MD_S-Yg,Johnny Depp-Amber Heard put wedding plans on hold? - TOI,"Subscribe to Times Of India's Youtube channel here: http://goo.gl/WgIatu

Also Subscribe to Bombay Times Youtube Channel here: http://goo.gl/AdXcgU

Social Media Links: 
Facebook : https://www.facebook.com/TimesofIndia

Times Of India's Official YouTube channel is managed by Culture Machine Media Pvt Ltd.",https://i.ytimg.com/vi/hvJ_kQz3zCc/default.jpg,120,90,https://i.ytimg.com/vi/hvJ_kQz3zCc/mqdefault.jpg,320,180,https://i.ytimg.com/vi/hvJ_kQz3zCc/hqdefault.jpg,480,360,Times of India,"['news', 'breaking news', 'vice news', 'times of india', 'official channel', 'google news', 'bombay times', 'abp news', 'arnab goswani', 'entertainment news', 'news bloppers', 'bollywood news', 'latest news', 'international news', 'sports news', 'top stories', 'mms scandals', 'news bloopers', 'news updates', 'politics', 'business news', 'election']",25,none,,Johnny Depp-Amber Heard put wedding plans on hold? - TOI,"Subscribe to Times Of India's Youtube channel here: http://goo.gl/WgIatu

Also Subscribe to Bombay Times Youtube Channel here: http://goo.gl/AdXcgU

Social Media Links: 
Facebook : https://www.facebook.com/TimesofIndia

Times Of India's Official YouTube channel is managed by Culture Machine Media Pvt Ltd.",en-GB,PT55S,2d,hd,false,True,rectangular,processed,public,youtube,True,False,False,112,0,0,https://i.ytimg.com/vi/hvJ_kQz3zCc/sddefault.jpg,640.0,480.0,0,https://i.ytimg.com/vi/hvJ_kQz3zCc/maxresdefault.jpg,1280.0,720.0
youtube#video,LOCqtuIlshiLdv7s4kaupCu0FTM,H_BLHNTUcaE,2015-07-02T20:31:36Z,UChk-QkSlkwjhY_gaxkdEJMA,"Another Time, Another Place -Amber Nelon Thompson ft. Michael English","Another Time, Another Place by Amber Nelon Thompson ft. Michael English
from the project, Just Sing.
7.31.15

Album available at Christian Retail
iTunes
thenelons.com
daywind.com


2015 Daywind Records",https://i.ytimg.com/vi/H_BLHNTUcaE/default.jpg,120,90,https://i.ytimg.com/vi/H_BLHNTUcaE/mqdefault.jpg,320,180,https://i.ytimg.com/vi/H_BLHNTUcaE/hqdefault.jpg,480,360,Daywind Records,"['Amber Nelon Thompson', 'Michael English (Musical Artist)', 'Amber Thompson', 'Amber Nelon', 'The Nelons', 'Just Sing', 'Another Time Another Place', 'Gospel Music (Musical Genre)', 'Christian Music (Musical Genre)', 'Daywind', 'Daywind Records', 'Daywind Music', 'd1a1y1w1i1n1d']",1,none,,"Another Time, Another Place -Amber Nelon Thompson ft. Michael English","Another Time, Another Place by Amber Nelon Thompson ft. Michael English
from the project, Just Sing.
7.31.15

Album available at Christian Retail
iTunes
thenelons.com
daywind.com


2015 Daywind Records",,PT5M36S,2d,hd,false,True,rectangular,processed,public,youtube,True,True,False,42749,0,31,https://i.ytimg.com/vi/H_BLHNTUcaE/sddefault.jpg,640.0,480.0,441,https://i.ytimg.com/vi/H_BLHNTUcaE/maxresdefault.jpg,1280.0,720.0
youtube#video,XpHnG_js_XSqpkLzbuM1KJefNps,Jj8pE5CfIGU,2021-10-08T12:50:48Z,UCkQKxLa3gS6D_RvTvLvxs3Q,AMBER TIMES 8 OCT 2021,"#शिक्षिका के घर हुई चोरी मौके पर पहुंचे पुलिस कप्तान 
#ओवरलोड ट्रैक्टर पलटा श्रमिक हुए घायल,चालक की हुई पिटाई  
#करंट लगने से विधुतकर्मी की उपचार के दौरान मौत 
#छप्पन दुकानों की तर्ज पर बनेगा फूड ज़ोन,नोटिस जारी कर कार्यवाही शुरू",https://i.ytimg.com/vi/Jj8pE5CfIGU/default.jpg,120,90,https://i.ytimg.com/vi/Jj8pE5CfIGU/mqdefault.jpg,320,180,https://i.ytimg.com/vi/Jj8pE5CfIGU/hqdefault.jpg,480,360,AN TIMES,,25,none,,AMBER TIMES 8 OCT 2021,"#शिक्षिका के घर हुई चोरी मौके पर पहुंचे पुलिस कप्तान 
#ओवरलोड ट्रैक्टर पलटा श्रमिक हुए घायल,चालक की हुई पिटाई  
#करंट लगने से विधुतकर्मी की उपचार के दौरान मौत 
#छप्पन दुकानों की तर्ज पर बनेगा फूड ज़ोन,नोटिस जारी कर कार्यवाही शुरू",hi,PT7M12S,2d,sd,false,True,rectangular,processed,public,youtube,True,True,False,2331,0,3,https://i.ytimg.com/vi/Jj8pE5CfIGU/sddefault.jpg,640.0,480.0,87,,,
youtube#video,DrufUK8swiVf2ENXMqm84ggGVzE,K8aYvQ0Lpo8,2022-01-08T19:52:18Z,UCRMj2jVw1CU1o4s7LiV3mGA,Amber's getting desperate *live react*,"00:00 Just Chatting 24:46 Amber has a mukbang 48:57 Amber hauls ill fitting Torrid clothes 1:02:43 Amber's 2021 vs 2022 size comparison

Join our Kicking Narcs discord! https://discord.gg/4zYN8qtmfv 

STARCH VLOG http://youtube.com/c/justinemertz
No Geese shirt! https://teespring.com/kickinggeese
TWITTER: http://www.twitter.com/jpmetz

simba fund: paypal.me/justinemertz
business inquiries: jpmetzyt@gmail.com

We got a PO box! 
justine mertz
601 route 206, suite 26-400
hillsborough, nj 08844

TIMESTAMPS

 00:00 Just Chatting 
24:46 Amber has a mukbang 
48:57 Amber hauls ill fitting Torrid clothes 
1:02:43 Amber's 2021 vs 2022 size comparison",https://i.ytimg.com/vi/K8aYvQ0Lpo8/default.jpg,120,90,https://i.ytimg.com/vi/K8aYvQ0Lpo8/mqdefault.jpg,320,180,https://i.ytimg.com/vi/K8aYvQ0Lpo8/hqdefault.jpg,480,360,KickingGeese,,22,none,,Amber's getting desperate *live react*,"00:00 Just Chatting 24:46 Amber has a mukbang 48:57 Amber hauls ill fitting Torrid clothes 1:02:43 Amber's 2021 vs 2022 size comparison

Join our Kicking Narcs discord! https://discord.gg/4zYN8qtmfv 

STARCH VLOG http://youtube.com/c/justinemertz
No Geese shirt! https://teespring.com/kickinggeese
TWITTER: http://www.twitter.com/jpmetz

simba fund: paypal.me/justinemertz
business inquiries: jpmetzyt@gmail.com

We got a PO box! 
justine mertz
601 route 206, suite 26-400
hillsborough, nj 08844

TIMESTAMPS

 00:00 Just Chatting 
24:46 Amber has a mukbang 
48:57 Amber hauls ill fitting Torrid clothes 
1:02:43 Amber's 2021 vs 2022 size comparison",en-US,PT1H13M34S,2d,hd,false,True,rectangular,processed,public,youtube,True,False,False,6365,0,88,,,,276,,,
youtube#video,MKSafI5ujga0yDH6d7w5HeB0E-c,KgOt4RpHaT0,2021-12-18T11:43:18Z,UCkQKxLa3gS6D_RvTvLvxs3Q,AMBER TIMES 18 DEC 2021,"#अनुसंधान अधिकारी मुख्यकार्य पीड़ित को न्याय दिलवाना  
#स्कूल हो रहा है गन्दगी का शिकार 
#अधिकार दिवस के रूप में मनाया गया पेंशन डे 
#बस की टक्कर से चार बच्चे घायल",https://i.ytimg.com/vi/KgOt4RpHaT0/default.jpg,120,90,https://i.ytimg.com/vi/KgOt4RpHaT0/mqdefault.jpg,320,180,https://i.ytimg.com/vi/KgOt4RpHaT0/hqdefault.jpg,480,360,AN TIMES,,25,none,,AMBER TIMES 18 DEC 2021,"#अनुसंधान अधिकारी मुख्यकार्य पीड़ित को न्याय दिलवाना  
#स्कूल हो रहा है गन्दगी का शिकार 
#अधिकार दिवस के रूप में मनाया गया पेंशन डे 
#बस की टक्कर से चार बच्चे घायल",hi,PT8M19S,2d,sd,false,True,rectangular,processed,public,youtube,True,True,False,1162,0,1,https://i.ytimg.com/vi/KgOt4RpHaT0/sddefault.jpg,640.0,480.0,49,,,
youtube#video,5iplKe5KyN1TL4IjcBt3eWBOY5U,LHTodj_lvUk,2021-12-06T11:36:07Z,UCkQKxLa3gS6D_RvTvLvxs3Q,AMBER TIMES 6 DEC 2021,"#रेस्क्यू के बाद जिंदा पकड़ा मगरमच्छ  
#जागरूकता के लिए स्कूली बच्चों ने निकाली रैली  
#मरीजो के परिजनों को अस्पताल में बनना पड़ता है वार्डबॉय 
#बाबासाहेब के महापरिनिर्वाण दिवस पर पुष्पांजलि अर्पित 
#राज्यस्तरीय योग स्पर्धा का समापन",https://i.ytimg.com/vi/LHTodj_lvUk/default.jpg,120,90,https://i.ytimg.com/vi/LHTodj_lvUk/mqdefault.jpg,320,180,https://i.ytimg.com/vi/LHTodj_lvUk/hqdefault.jpg,480,360,AN TIMES,,25,none,,AMBER TIMES 6 DEC 2021,"#रेस्क्यू के बाद जिंदा पकड़ा मगरमच्छ  
#जागरूकता के लिए स्कूली बच्चों ने निकाली रैली  
#मरीजो के परिजनों को अस्पताल में बनना पड़ता है वार्डबॉय 
#बाबासाहेब के महापरिनिर्वाण दिवस पर पुष्पांजलि अर्पित 
#राज्यस्तरीय योग स्पर्धा का समापन",hi,PT8M44S,2d,sd,false,True,rectangular,processed,public,youtube,True,True,False,1317,0,0,https://i.ytimg.com/vi/LHTodj_lvUk/sddefault.jpg,640.0,480.0,49,,,
youtube#video,wh_w7-PaNcN4jBPOk3sx8jJB70o,MH4JHae_pt0,2015-08-17T14:02:08Z,UCckHqySbfy5FcPP6MD_S-Yg,Amber Heard Can’t Wait to Turn 30,"Actress Amber Heard — who wed Johnny Depp earlier this year — celebrates the milestone birthday next year and is enjoying getting older because she feels more and more confident as time goes by. She said, ""I can't wait to turn 30 because every year that goes by, I feel better about who I am. I'm becoming more confident and aware of what I want to accomplish. It's a good feeling. I try to follow my instincts and see where that takes me.

Subscribe to Times Of India's Youtube channel here: http://goo.gl/WgIatu

Also Subscribe to Bombay Times Youtube Channel here: http://goo.gl/AdXcgU

Social Media Links: 
Facebook : https://www.facebook.com/TimesofIndia
Twitter : https://twitter.com/timesofindia
Google + : https://plus.google.com/u/0/+timesindia/posts

'Download TOI app on Android & iPhone and WIN free recharge coupon worth Rs. 50/- from Paytm - http://goo.gl/AvRYmM

Times Of India's Official YouTube channel is managed by Culture Machine Media Pvt Ltd.",https://i.ytimg.com/vi/MH4JHae_pt0/default.jpg,120,90,https://i.ytimg.com/vi/MH4JHae_pt0/mqdefault.jpg,320,180,https://i.ytimg.com/vi/MH4JHae_pt0/hqdefault.jpg,480,360,Times of India,"['Amber Heard', 'amber heard movies', 'amber heard interview', 'amber heard wed johnny depp', 'amber heard best movies', 'johnny depp', 'johnny depp movies', 'johnny depp interview', 'news', 'vice news', 'times of india', 'official channel', 'google news', 'bombay times', 'abp news', 'entertainment news', 'news bloppers', 'latest news', 'international news', 'top stories', 'news bloopers', 'news updates']",25,none,,Amber Heard Can’t Wait to Turn 30,"Actress Amber Heard — who wed Johnny Depp earlier this year — celebrates the milestone birthday next year and is enjoying getting older because she feels more and more confident as time goes by. She said, ""I can't wait to turn 30 because every year that goes by, I feel better about who I am. I'm becoming more confident and aware of what I want to accomplish. It's a good feeling. I try to follow my instincts and see where that takes me.

Subscribe to Times Of India's Youtube channel here: http://goo.gl/WgIatu

Also Subscribe to Bombay Times Youtube Channel here: http://goo.gl/AdXcgU

Social Media Links: 
Facebook : https://www.facebook.com/TimesofIndia
Twitter : https://twitter.com/timesofindia
Google + : https://plus.google.com/u/0/+timesindia/posts

'Download TOI app on Android & iPhone and WIN free recharge coupon worth Rs. 50/- from Paytm - http://goo.gl/AvRYmM

Times Of India's Official YouTube channel is managed by Culture Machine Media Pvt Ltd.",en-GB,PT1M19S,2d,hd,false,True,rectangular,processed,public,youtube,True,False,False,212,0,0,https://i.ytimg.com/vi/MH4JHae_pt0/sddefault.jpg,640.0,480.0,1,https://i.ytimg.com/vi/MH4JHae_pt0/maxresdefault.jpg,1280.0,720.0
youtube#video,433e68EZRGaRPfpSebRaZKpjZYI,NqTG9NTmVu4,2021-10-22T12:09:27Z,UCkQKxLa3gS6D_RvTvLvxs3Q,AMBER TIMES 22 OCT 2021,"#सीवरेज खुदाई में निकली दरगाह 
#करवा चौथ पर्व के लिये सजा बाजार  
#जिला अस्पताल की व्यवस्था से मरीज परेशान 
#जावरा शिक्षक संघ ने दिया ज्ञापन",https://i.ytimg.com/vi/NqTG9NTmVu4/default.jpg,120,90,https://i.ytimg.com/vi/NqTG9NTmVu4/mqdefault.jpg,320,180,https://i.ytimg.com/vi/NqTG9NTmVu4/hqdefault.jpg,480,360,AN TIMES,,25,none,,AMBER TIMES 22 OCT 2021,"#सीवरेज खुदाई में निकली दरगाह 
#करवा चौथ पर्व के लिये सजा बाजार  
#जिला अस्पताल की व्यवस्था से मरीज परेशान 
#जावरा शिक्षक संघ ने दिया ज्ञापन",hi,PT6M36S,2d,sd,false,True,rectangular,processed,public,youtube,True,True,False,2830,0,4,https://i.ytimg.com/vi/NqTG9NTmVu4/sddefault.jpg,640.0,480.0,109,,,
youtube#video,x9SOPZn1ki3m7QSWYoq-AJk1Xng,PgrXgu1UbLM,2022-01-05T13:08:42Z,UCkQKxLa3gS6D_RvTvLvxs3Q,AMBER TIMES 5 JAN 2022,"#पंचायत चुनाव निरस्त वापस दो हमारे अधिकार,प्रधान ने सौपा ज्ञापन 
#गुस्सा आया तो महिला ने लगा ली फांसी 
#मूलभूत सुविधाएं नही मिलने की शिकायत पहुंची जनसुनवाई में  
#मजदूरी नही मिली तो कलेक्टर कार्यालय के बाहर जमाया डेरा",https://i.ytimg.com/vi/PgrXgu1UbLM/default.jpg,120,90,https://i.ytimg.com/vi/PgrXgu1UbLM/mqdefault.jpg,320,180,https://i.ytimg.com/vi/PgrXgu1UbLM/hqdefault.jpg,480,360,AN TIMES,,25,none,,AMBER TIMES 5 JAN 2022,"#पंचायत चुनाव निरस्त वापस दो हमारे अधिकार,प्रधान ने सौपा ज्ञापन 
#गुस्सा आया तो महिला ने लगा ली फांसी 
#मूलभूत सुविधाएं नही मिलने की शिकायत पहुंची जनसुनवाई में  
#मजदूरी नही मिली तो कलेक्टर कार्यालय के बाहर जमाया डेरा",hi,PT9M40S,2d,sd,false,True,rectangular,processed,public,youtube,True,True,False,1280,0,0,https://i.ytimg.com/vi/PgrXgu1UbLM/sddefault.jpg,640.0,480.0,46,,,
youtube#video,N0KxxdyM009kJyr39g5saEqHbZY,uyuTJcNHrKM,2021-12-20T12:44:36Z,UCkQKxLa3gS6D_RvTvLvxs3Q,AMBER TIMES 20 DEC 2021,"#जन्मदिन के दिन कुत्ते ने मासूम बेटी पर किया हमला
#कॉलेज में सुरक्षा को लेकर विद्यार्थी परिषद ने किया प्रदर्शन  
#निगम सफाईकर्मी ने लंबित मांगो को लेकर की बैठक 
#प्रथम टेनिस बॉल क्रिकेट स्पर्धा का आयोजन",https://i.ytimg.com/vi/uyuTJcNHrKM/default.jpg,120,90,https://i.ytimg.com/vi/uyuTJcNHrKM/mqdefault.jpg,320,180,https://i.ytimg.com/vi/uyuTJcNHrKM/hqdefault.jpg,480,360,AN TIMES,,25,none,,AMBER TIMES 20 DEC 2021,"#जन्मदिन के दिन कुत्ते ने मासूम बेटी पर किया हमला
#कॉलेज में सुरक्षा को लेकर विद्यार्थी परिषद ने किया प्रदर्शन  
#निगम सफाईकर्मी ने लंबित मांगो को लेकर की बैठक 
#प्रथम टेनिस बॉल क्रिकेट स्पर्धा का आयोजन",hi,PT8M22S,2d,sd,false,True,rectangular,processed,public,youtube,True,True,False,1282,0,1,https://i.ytimg.com/vi/uyuTJcNHrKM/sddefault.jpg,640.0,480.0,43,,,
