kind,etag,id,snippet.publishedAt,snippet.channelId,snippet.title,snippet.description,snippet.thumbnails.default.url,snippet.thumbnails.default.width,snippet.thumbnails.default.height,snippet.thumbnails.medium.url,snippet.thumbnails.medium.width,snippet.thumbnails.medium.height,snippet.thumbnails.high.url,snippet.thumbnails.high.width,snippet.thumbnails.high.height,snippet.channelTitle,snippet.categoryId,snippet.liveBroadcastContent,snippet.localized.title,snippet.localized.description,contentDetails.duration,contentDetails.dimension,contentDetails.definition,contentDetails.caption,contentDetails.licensedContent,contentDetails.projection,status.uploadStatus,status.privacyStatus,status.license,status.embeddable,status.publicStatsViewable,status.madeForKids,statistics.viewCount,statistics.likeCount,statistics.favoriteCount,statistics.commentCount,snippet.thumbnails.standard.url,snippet.thumbnails.standard.width,snippet.thumbnails.standard.height,snippet.thumbnails.maxres.url,snippet.thumbnails.maxres.width,snippet.thumbnails.maxres.height,snippet.tags,snippet.defaultAudioLanguage,snippet.defaultLanguage
youtube#video,htIVAY29mOLhmw-fIU52_XjP2iI,6zLVUsKGK9Q,2021-09-23T04:30:03Z,UCgeZUaWbKcLtuK-UPTt9MdQ,Amber Heard | Aquaman | Whatsapp Status #Wharan Full Screen üî•üî• #shorts,"Amber Heard | Aquaman | Whatsapp Status #Wharan Full Screen

#amberheard #shorts",https://i.ytimg.com/vi/6zLVUsKGK9Q/default.jpg,120,90,https://i.ytimg.com/vi/6zLVUsKGK9Q/mqdefault.jpg,320,180,https://i.ytimg.com/vi/6zLVUsKGK9Q/hqdefault.jpg,480,360,Then And Now,24,none,Amber Heard | Aquaman | Whatsapp Status #Wharan Full Screen üî•üî• #shorts,"Amber Heard | Aquaman | Whatsapp Status #Wharan Full Screen

#amberheard #shorts",PT36S,2d,hd,false,False,rectangular,processed,public,youtube,True,True,False,3852,224,0,0,,,,,,,,,
youtube#video,eLZQeVRRvfFEMUwCIx4MZaz9YXQ,7owReb19gpI,2021-11-10T13:48:48Z,UCX5PD5G-Rt_07u82u-aonCg,How to Change Amber heard's Face to Scary,"How to Change Amber headr;s face to a scary face

  Hello guys‚úåüèª
I hope you are well ‚ù§
I'm not very professional and I just try to edit videos easily. 
Videos are not fast enough (Time) cuz i want  you learn something üòÅ
I'm so sorry üòî my english is bad and i know it I'm trying to improve... 
comment about this video please and 
don't forget to sub me guyssss
have a nice life
#amber_heard
#Photoshop
#Amber_heard's_face",https://i.ytimg.com/vi/7owReb19gpI/default.jpg,120,90,https://i.ytimg.com/vi/7owReb19gpI/mqdefault.jpg,320,180,https://i.ytimg.com/vi/7owReb19gpI/hqdefault.jpg,480,360,Youtube Painter,24,none,How to Change Amber heard's Face to Scary,"How to Change Amber headr;s face to a scary face

  Hello guys‚úåüèª
I hope you are well ‚ù§
I'm not very professional and I just try to edit videos easily. 
Videos are not fast enough (Time) cuz i want  you learn something üòÅ
I'm so sorry üòî my english is bad and i know it I'm trying to improve... 
comment about this video please and 
don't forget to sub me guyssss
have a nice life
#amber_heard
#Photoshop
#Amber_heard's_face",PT3M30S,2d,hd,false,False,rectangular,processed,public,youtube,True,True,False,3,0,0,0,https://i.ytimg.com/vi/7owReb19gpI/sddefault.jpg,640.0,480.0,https://i.ytimg.com/vi/7owReb19gpI/maxresdefault.jpg,1280.0,720.0,"[""Amber heard's face"", 'Amber', 'heard', 'johny deep', 'Photoshop', 'photoshop learning', 'photoshop teaching', 'learn photoshop', 'teach photoshop', 'edit photos', 'photo editing', 'edit picture', 'picture editing', 'edit picture of famous guy', 'how to edit photo', 'edit pic with photoshop', 'edit with photoshop', 'learn and teach photoshop', 'edit picture learning', 'edit photos learning', 'edit photos teaching', 'Tutoroal', 'Tutorial photoshop', 'Photoshop Tutorial']",,
youtube#video,3laqLb1KHvItKIu-oTI44LX_z24,8XAVbpYYTJo,2021-12-02T21:38:02Z,UCG2QYlhnYYxksvv6ve11ijw,Who Would Be Amber Heard‚Äôs Make Up Artist ?,,https://i.ytimg.com/vi/8XAVbpYYTJo/default.jpg,120,90,https://i.ytimg.com/vi/8XAVbpYYTJo/mqdefault.jpg,320,180,https://i.ytimg.com/vi/8XAVbpYYTJo/hqdefault.jpg,480,360,Rob's Rules,25,none,Who Would Be Amber Heard‚Äôs Make Up Artist ?,,PT9S,2d,hd,false,True,rectangular,processed,public,youtube,True,True,False,483,33,0,6,https://i.ytimg.com/vi/8XAVbpYYTJo/sddefault.jpg,640.0,480.0,https://i.ytimg.com/vi/8XAVbpYYTJo/maxresdefault.jpg,1280.0,720.0,"['Amber Heard', 'Amber Heard Johnny Depp', 'Johnny Depp', 'Depp', 'Johnny', 'Heard', 'Amber', 'Johnny Amber', 'Depp Heard', 'Johnny Depp Amber', 'Johnny Depp Amber Heard', 'Heard Depp', 'Amber Heard Johnny']",en,
youtube#video,C616zemcfCZRG1MBPPD5g1sb4Qw,AnMPwfAD69g,2021-02-11T19:30:01Z,UC6kVgR3F2bSSRJqOyQm90Ug,Gal Gadot VS Amber Heard: Who Has The Perfect Figure?,"Who do you think has a perfect figure - Gal Gadot VS Amber Heard?



Log On To Our Official Website: https://www.iwmbuzz.com/

IWMBuzz is your one-stop destination for all the latest news and updates from the Digital, Television and Bollywood Industry all under one roof and only a few clicks away.

Download IWMBuzz App and stay updated

Android Download: https://play.google.com/store/apps/details?id=com.iwmbuzz.indianwikimedia

IOS Download: https://itunes.apple.com/in/app/iwmbuzz/id1419104891?mt=8

Like us on Facebook - https://www.facebook.com/iwmbuzz 
Follow us on Instagram- https://www.instagram.com/iwmbuzz
Follow us on Twitter -https://twitter.com/iwmbuzz",https://i.ytimg.com/vi/AnMPwfAD69g/default.jpg,120,90,https://i.ytimg.com/vi/AnMPwfAD69g/mqdefault.jpg,320,180,https://i.ytimg.com/vi/AnMPwfAD69g/hqdefault.jpg,480,360,IWMBuzz,24,none,Gal Gadot VS Amber Heard: Who Has The Perfect Figure?,"Who do you think has a perfect figure - Gal Gadot VS Amber Heard?



Log On To Our Official Website: https://www.iwmbuzz.com/

IWMBuzz is your one-stop destination for all the latest news and updates from the Digital, Television and Bollywood Industry all under one roof and only a few clicks away.

Download IWMBuzz App and stay updated

Android Download: https://play.google.com/store/apps/details?id=com.iwmbuzz.indianwikimedia

IOS Download: https://itunes.apple.com/in/app/iwmbuzz/id1419104891?mt=8

Like us on Facebook - https://www.facebook.com/iwmbuzz 
Follow us on Instagram- https://www.instagram.com/iwmbuzz
Follow us on Twitter -https://twitter.com/iwmbuzz",PT1M5S,2d,hd,false,True,rectangular,processed,public,youtube,True,True,False,152,0,0,4,https://i.ytimg.com/vi/AnMPwfAD69g/sddefault.jpg,640.0,480.0,,,,"['IWMBuzz news', 'media coverage', 'celebrity news', 'television news', 'tv show reviews', 'tv news', 'telly news']",,
youtube#video,lkEsTQ7Hj_wEoy-w6iUD70Mwl8k,AqoA-PS_Y6M,2021-12-26T16:29:33Z,UC65ZMMX4JcLuKoLAsGf7D7Q,Amberlynn Reid change of plan,"Amberlynn Reid change of plan
#amberlynn 
#amberlynnreid live stream moments 
#amberlynnreidfood cringe 
amberlynn reid cringe 
amberlynn reid food aggression 
alr 
amberlynn reid compilation 
amber reid food 
amberlyn reid 
amberlynn reid live stream 
amberlynn reid live stream highlights 
amberlynn reid reaction 
amberlynn becky 
amber lynn
amberlynn reid diet
amberlynn reid eating food
amberlynn reid mukbang
amberlynn reid shopping 
amberlynn reid torrid 
amber reid cancer
amberlynn reid poetry 
Please consider subscribing to the channel and clicking the notification bell, so you'll stay notified about our videos",https://i.ytimg.com/vi/AqoA-PS_Y6M/default.jpg,120,90,https://i.ytimg.com/vi/AqoA-PS_Y6M/mqdefault.jpg,320,180,https://i.ytimg.com/vi/AqoA-PS_Y6M/hqdefault.jpg,480,360,Rondom fxm,22,none,Amberlynn Reid change of plan,"Amberlynn Reid change of plan
#amberlynn 
#amberlynnreid live stream moments 
#amberlynnreidfood cringe 
amberlynn reid cringe 
amberlynn reid food aggression 
alr 
amberlynn reid compilation 
amber reid food 
amberlyn reid 
amberlynn reid live stream 
amberlynn reid live stream highlights 
amberlynn reid reaction 
amberlynn becky 
amber lynn
amberlynn reid diet
amberlynn reid eating food
amberlynn reid mukbang
amberlynn reid shopping 
amberlynn reid torrid 
amber reid cancer
amberlynn reid poetry 
Please consider subscribing to the channel and clicking the notification bell, so you'll stay notified about our videos",PT21M8S,2d,sd,false,True,rectangular,processed,public,youtube,True,True,False,7417,153,0,82,https://i.ytimg.com/vi/AqoA-PS_Y6M/sddefault.jpg,640.0,480.0,https://i.ytimg.com/vi/AqoA-PS_Y6M/maxresdefault.jpg,1280.0,720.0,"['amberlynn reid', 'amberlynn reid food', 'amber reid', 'amberlynn', 'amberlynn reid cringe', 'amberlynn reid food aggression', 'amberlyn reid', 'amberlynn reid mukbang', 'amber reid food', 'foodie beauty', 'amberlyn', 'amberlynn reid compilation', 'amberlynn reid worst food combinations', 'amberlynn reid lying', 'alr', 'amberlynn reid channel', 'amberlynn food aggression', 'amber lynn', 'irked content', 'orange queen', 'amberlynn cringe', 'amberlynn reid moments', 'becky amberlynn', 'amberlynn reid poetry', 'amberly nn']",,
youtube#video,JWhgWpXEyMcj5LRBg45-L05Khd8,AxqdSVmPRU0,2021-08-11T15:45:00Z,UCAmaiEYnoTgj-dmjp8DpepQ,Amber Heard GETS ROCKED In COURT As The MEDIA BACKS JOHNNY DEPP | The Gossipy,"Amber Heard GETS ROCKED In COURT As The MEDIA BACKS JOHNNY DEPP | The Gossipy

While some celebrities prefer living a quiet life away from the public, others just have so many scandals following them. In this video, we are going to talk about Johnny Depp and Amber Heard, who have been on each other‚Äôs throats ever since they split up and how Amber Heard might be facing jail time for one mistake she made in all this.

With the initial court date being pushed back, Johnny Depp and Amber Heard have been given some more time in order to gather more evidence for their individual cases. For quite some time, the two were firing evidence at each other in order to win in court. 

Ever since the recent release of the footage of the LAPD officers from the penthouse night of Amber Heard and Johnny Depp, things have not been looking all too bright for Amber Heard. Her team has been working tirelessly in order to back up her side, however Johnny Depp seems to have made the attempt to strike back.

#AmberHeardJail‚Äã #AmberHeard‚Äã #AmberHeardCourt‚Äã #JusticeForJohnny #JusticeforJohnnyDepp
--------------------------------------------------------------------------------------------------------------------------

Welcome to The Gossipy. We make interesting videos about Hollywood in English. We give you a closer look in the lives of celebrities like Kanye West, Ed Sheeran, The Rock, Jay Z, Selena Gomez, Kylie Jenner, Kim Kardashian, Rihanna and 100s more.

We tell you interesting things about these Hollywood celebrities that you may have never heard before.
Subscribe - https://www.youtube.com/channel/UCAmaiEYnoTgj-dmjp8DpepQ?sub_confirmation=1
''THE CHANNEL GOAL IS TO GET ALL THE YOU TUBE PLAY BUTTONS"". So please do subscribe to our channel to be a part of The Gossipy community, It is really important to grow together as a family and "" we promise you, we will not let you down"".

Cheers!",https://i.ytimg.com/vi/AxqdSVmPRU0/default.jpg,120,90,https://i.ytimg.com/vi/AxqdSVmPRU0/mqdefault.jpg,320,180,https://i.ytimg.com/vi/AxqdSVmPRU0/hqdefault.jpg,480,360,The Gossipy,24,none,Amber Heard GETS ROCKED In COURT As The MEDIA BACKS JOHNNY DEPP | The Gossipy,"Amber Heard GETS ROCKED In COURT As The MEDIA BACKS JOHNNY DEPP | The Gossipy

While some celebrities prefer living a quiet life away from the public, others just have so many scandals following them. In this video, we are going to talk about Johnny Depp and Amber Heard, who have been on each other‚Äôs throats ever since they split up and how Amber Heard might be facing jail time for one mistake she made in all this.

With the initial court date being pushed back, Johnny Depp and Amber Heard have been given some more time in order to gather more evidence for their individual cases. For quite some time, the two were firing evidence at each other in order to win in court. 

Ever since the recent release of the footage of the LAPD officers from the penthouse night of Amber Heard and Johnny Depp, things have not been looking all too bright for Amber Heard. Her team has been working tirelessly in order to back up her side, however Johnny Depp seems to have made the attempt to strike back.

#AmberHeardJail‚Äã #AmberHeard‚Äã #AmberHeardCourt‚Äã #JusticeForJohnny #JusticeforJohnnyDepp
--------------------------------------------------------------------------------------------------------------------------

Welcome to The Gossipy. We make interesting videos about Hollywood in English. We give you a closer look in the lives of celebrities like Kanye West, Ed Sheeran, The Rock, Jay Z, Selena Gomez, Kylie Jenner, Kim Kardashian, Rihanna and 100s more.

We tell you interesting things about these Hollywood celebrities that you may have never heard before.
Subscribe - https://www.youtube.com/channel/UCAmaiEYnoTgj-dmjp8DpepQ?sub_confirmation=1
''THE CHANNEL GOAL IS TO GET ALL THE YOU TUBE PLAY BUTTONS"". So please do subscribe to our channel to be a part of The Gossipy community, It is really important to grow together as a family and "" we promise you, we will not let you down"".

Cheers!",PT8M10S,2d,hd,false,True,rectangular,processed,public,youtube,True,True,False,2730,62,0,22,,,,,,,"['The Gossipy', 'Amber Heard GETS ROCKED In COURT As MEDIA BACKS JOHNNY DEPP', 'celebrity craze', 'amber heard interview', 'amber heard', 'johnny depp', 'amber heard johnny depp', 'johnny depp amber heard', 'viral vision', 'celebrity news', 'clevver news', 'this happened', 'informoverload', 'inform overload', 'information overload', 'entertainment news', 'crazed culture', 'that umbrella guy', 'thatumbrellaguy', 'hollywood life', 'amber heard aquaman', 'johnny depp vs amber heard', 'justice for johnny depp', 'celeb news']",en-US,en-US
youtube#video,CNlu1EYDM6YUNIMdQyzKJO2qmI0,C-J6QCfGAWg,2021-06-09T04:20:28Z,UCF-hodpWAfpKHkoFjpRnIAw,Amber Heard Edit || randall wahran Status ||  random things  shorts,"Amber Heard Edit  randall wahran  random things  shortsAmber Heard 4k HD Full Screen WhatsApp Status  Mera  Aquaman WhatsApp Status  Super Girl Status Amber Heard || Aquaman || whatsapp status wharan full screen status ||  Hd whatsapp status

This Channel For Super Whatsapp Status Video & enjoy this video
2021 And Only for Entertainment purpose And
Not React to Any One Felling

Status:)New Love Whatsapp Status Video 2021
Enjoy listening and stay connected with us!

Romantic Whatsapp Status Video 30 Second New
Love Whatsapp Status Video Romantic Whatsapp
Status Video Sad Whatsapp Status Video 30 Second
Sad Whatsapp Status Video 30 Second Romantic
Whatsapp Status Video Romantic Whatsapp Status
Video 30 Second Whatsapp Status Video New 30
Second Whatsapp Status Video 30 Second Whatsapp

Important ¬©-
The don't own the audio and the picture. The credits
go to the respective owners. This video is purely
fan-made,and will not be used for profit or illegal
sharing.

IMPORTANT NOTICE :¬© These All Things Are
Copyrighted. We Just Edited And Published To
Audience For Entertainment Purpose Only
All Right to Above Music Label & No Copyrights
Infringement Intended.

Disclaimer :- 
video is for educational purpose only.Copyright
Disclaimer Under Section 107 of the Copyright Act
1976, allowance is made for ""fair use"" for purposes
such as criticism, comment, news reporting, teaching
scholarship, and research. Fair use is a use permitted
by copyright statute that might otherwise be
infringing. Non-profit, educational or personal use tips
the balance in favor of fair us

Tags
Spider Man status
Short Spider-Man
Thor WhatsApp status
Thor status video
Thor status
Status Video...
top romantic song
top romantic songs
hindi romantic song
hindi romantic songs
new romantic song 2021
new romantic songs 2021
romantic song statuss
romantic song status video
romantic status
new romantic status
romantic video status
new romantic status video
new romantic status video 2021
new video status
new video song status
song status video
song status
Amber Heard,Amber Heard Status,Amber Heard WhatsApp Status,Amber Heard Full Screen WhatsApp Status,Amber Heard Full Screen Status,Mera,Mera status,Aquaman,Aquaman Status,Aquaman WhatsApp status,Aquaman Full Screen WhatsApp Status,Aquaman Full Screen Status,Superheroes Status,DCEU Movies,DCEU Movies Status",https://i.ytimg.com/vi/C-J6QCfGAWg/default.jpg,120,90,https://i.ytimg.com/vi/C-J6QCfGAWg/mqdefault.jpg,320,180,https://i.ytimg.com/vi/C-J6QCfGAWg/hqdefault.jpg,480,360,Capture 26,24,none,Amber Heard Edit || randall wahran Status ||  random things  shorts,"Amber Heard Edit  randall wahran  random things  shortsAmber Heard 4k HD Full Screen WhatsApp Status  Mera  Aquaman WhatsApp Status  Super Girl Status Amber Heard || Aquaman || whatsapp status wharan full screen status ||  Hd whatsapp status

This Channel For Super Whatsapp Status Video & enjoy this video
2021 And Only for Entertainment purpose And
Not React to Any One Felling

Status:)New Love Whatsapp Status Video 2021
Enjoy listening and stay connected with us!

Romantic Whatsapp Status Video 30 Second New
Love Whatsapp Status Video Romantic Whatsapp
Status Video Sad Whatsapp Status Video 30 Second
Sad Whatsapp Status Video 30 Second Romantic
Whatsapp Status Video Romantic Whatsapp Status
Video 30 Second Whatsapp Status Video New 30
Second Whatsapp Status Video 30 Second Whatsapp

Important ¬©-
The don't own the audio and the picture. The credits
go to the respective owners. This video is purely
fan-made,and will not be used for profit or illegal
sharing.

IMPORTANT NOTICE :¬© These All Things Are
Copyrighted. We Just Edited And Published To
Audience For Entertainment Purpose Only
All Right to Above Music Label & No Copyrights
Infringement Intended.

Disclaimer :- 
video is for educational purpose only.Copyright
Disclaimer Under Section 107 of the Copyright Act
1976, allowance is made for ""fair use"" for purposes
such as criticism, comment, news reporting, teaching
scholarship, and research. Fair use is a use permitted
by copyright statute that might otherwise be
infringing. Non-profit, educational or personal use tips
the balance in favor of fair us

Tags
Spider Man status
Short Spider-Man
Thor WhatsApp status
Thor status video
Thor status
Status Video...
top romantic song
top romantic songs
hindi romantic song
hindi romantic songs
new romantic song 2021
new romantic songs 2021
romantic song statuss
romantic song status video
romantic status
new romantic status
romantic video status
new romantic status video
new romantic status video 2021
new video status
new video song status
song status video
song status
Amber Heard,Amber Heard Status,Amber Heard WhatsApp Status,Amber Heard Full Screen WhatsApp Status,Amber Heard Full Screen Status,Mera,Mera status,Aquaman,Aquaman Status,Aquaman WhatsApp status,Aquaman Full Screen WhatsApp Status,Aquaman Full Screen Status,Superheroes Status,DCEU Movies,DCEU Movies Status",PT30S,2d,hd,false,False,rectangular,processed,public,youtube,True,True,False,478,22,0,0,https://i.ytimg.com/vi/C-J6QCfGAWg/sddefault.jpg,640.0,480.0,https://i.ytimg.com/vi/C-J6QCfGAWg/maxresdefault.jpg,1280.0,720.0,"['Amber Heard', 'Amber Heard Status', 'Amber Heard WhatsApp Status', 'Amber Heard Full Screen WhatsApp Status', 'Amber Heard Full Screen Status', 'Mera', 'Mera status', 'Aquaman', 'Aquaman Status', 'Aquaman WhatsApp status', 'Aquaman Full Screen WhatsApp Status', 'Aquaman Full Screen Status', 'Superheroes Status', 'DCEU Movies', 'DCEU Movies Status']",,
youtube#video,rkz6fIsiynaTr1PE9zfg7EzKmzw,C4eq2i5-XwA,2020-12-03T17:11:16Z,UC7AJjvfHD5UtBnySpITQ7KQ,"Sollte Amber Heard ihre Rolle inAquaman 2verlieren? √úber 1,5 Millionen erz√ºrnte Johnny-Depp-Fans hab","Sollte Amber Heard ihre Rolle in ""Aquaman 2"" verlieren? √úber 1,5 Millionen erz√ºrnte Johnny-Depp-Fans haben dazu eine eindeutige Meinung.  ¬†Johnny Depp (57) hat wegen seiner toxischen Beziehung mit Amber Heard (34) und dem dazugeh√∂rigen, verlorenen Gerichtsprozess seinen Job in ""Phantastische Tierwesen 3"" an Mads Mikkelsen (55) abtreten m√ºssen. Heard hingegen, die in den Schilderungen vor Gericht ebenfalls nicht gut weggekommen ist, wird in ""Aquaman 2"" weiterhin mit von der Partie sein - ein Umstand, der in einer  Online-Petition mit dem Titel ""Entfernt Amber Heard von 'Aquaman 2'"" inzwischen schon √ºber 1,5 Millionen Menschen erz√ºrnt. So viele haben den Antrag einer Frau namens Jeanne Larson bereits virtuell unterschrieben. ¬†Zur Begr√ºndung bei der ""Change.org""-Petition: Auch Heard wurde von Depp der h√§uslichen Gewalt √ºberf√ºhrt, habe Unwahrheiten √ºber ihren Ex-Mann verbreitet und sei zudem auch schon zuvor gegen ihre Ex-Freundin Tasya Van Ree (44) handgreiflich geworden. Gr√ºnde genug, u ...",https://i.ytimg.com/vi/C4eq2i5-XwA/default.jpg,120,90,https://i.ytimg.com/vi/C4eq2i5-XwA/mqdefault.jpg,320,180,https://i.ytimg.com/vi/C4eq2i5-XwA/hqdefault.jpg,480,360,Express Messenger,22,none,"Sollte Amber Heard ihre Rolle inAquaman 2verlieren? √úber 1,5 Millionen erz√ºrnte Johnny-Depp-Fans hab","Sollte Amber Heard ihre Rolle in ""Aquaman 2"" verlieren? √úber 1,5 Millionen erz√ºrnte Johnny-Depp-Fans haben dazu eine eindeutige Meinung.  ¬†Johnny Depp (57) hat wegen seiner toxischen Beziehung mit Amber Heard (34) und dem dazugeh√∂rigen, verlorenen Gerichtsprozess seinen Job in ""Phantastische Tierwesen 3"" an Mads Mikkelsen (55) abtreten m√ºssen. Heard hingegen, die in den Schilderungen vor Gericht ebenfalls nicht gut weggekommen ist, wird in ""Aquaman 2"" weiterhin mit von der Partie sein - ein Umstand, der in einer  Online-Petition mit dem Titel ""Entfernt Amber Heard von 'Aquaman 2'"" inzwischen schon √ºber 1,5 Millionen Menschen erz√ºrnt. So viele haben den Antrag einer Frau namens Jeanne Larson bereits virtuell unterschrieben. ¬†Zur Begr√ºndung bei der ""Change.org""-Petition: Auch Heard wurde von Depp der h√§uslichen Gewalt √ºberf√ºhrt, habe Unwahrheiten √ºber ihren Ex-Mann verbreitet und sei zudem auch schon zuvor gegen ihre Ex-Freundin Tasya Van Ree (44) handgreiflich geworden. Gr√ºnde genug, u ...",PT2M14S,2d,hd,false,False,rectangular,processed,public,youtube,True,True,False,1,0,0,0,https://i.ytimg.com/vi/C4eq2i5-XwA/sddefault.jpg,640.0,480.0,https://i.ytimg.com/vi/C4eq2i5-XwA/maxresdefault.jpg,1280.0,720.0,"['Aquaman', 'Petition']",,
youtube#video,CcHhqjahsm9LgTw2R-NCOVOObck,DNqxg19OZfs,2021-03-04T10:27:06Z,UCV8P0GyWuYVpa4yyZ8HLnaQ,Amber Heard Edit | Amber Heard Status | randall wahran | random things | #shorts,"Amber Heard Edit
_
_
_
_
#edit #fanedit #amberheard #amberheardedit #shorts #whatsappstatus",https://i.ytimg.com/vi/DNqxg19OZfs/default.jpg,120,90,https://i.ytimg.com/vi/DNqxg19OZfs/mqdefault.jpg,320,180,https://i.ytimg.com/vi/DNqxg19OZfs/hqdefault.jpg,480,360,random things,22,none,Amber Heard Edit | Amber Heard Status | randall wahran | random things | #shorts,"Amber Heard Edit
_
_
_
_
#edit #fanedit #amberheard #amberheardedit #shorts #whatsappstatus",PT31S,2d,sd,false,False,rectangular,processed,public,youtube,True,True,False,74158,2566,0,55,https://i.ytimg.com/vi/DNqxg19OZfs/sddefault.jpg,640.0,480.0,https://i.ytimg.com/vi/DNqxg19OZfs/maxresdefault.jpg,1280.0,720.0,"['#edit #fanedit #amberheard #amberheardedit #shorts #whatsappstatus', 'amber heard', 'amber heard edit', 'amber heard whatsapp status', 'shorts']",,
youtube#video,YLY8lTE7sh_jzooBYOKF4mewK4c,IFYfIbmobiU,2021-10-16T16:50:00Z,UCScK9BMq5E8j5MnixZYijEg,Amber Heard Cute Scene | Amber Heard Sexy Edit,,https://i.ytimg.com/vi/IFYfIbmobiU/default.jpg,120,90,https://i.ytimg.com/vi/IFYfIbmobiU/mqdefault.jpg,320,180,https://i.ytimg.com/vi/IFYfIbmobiU/hqdefault.jpg,480,360,EDITADDICT,1,none,Amber Heard Cute Scene | Amber Heard Sexy Edit,,PT22S,2d,hd,false,False,rectangular,processed,public,youtube,True,True,False,390,10,0,0,,,,,,,,en-US,
youtube#video,AUiDZFVVY8yTG7Q7HcFB3AYvbAo,ipGocGDlJNY,2021-05-31T01:30:03Z,UCUWg7PZf1BcisjA6RZaLe4A,Amber heard status | emma watson status | kristen stewart status | gal gadot status | viral status,"wonder woman whatsapp status
gal gadot whatsapp status
wonder woman,whatsapp status
wonder woman status
wonder woman whatsapp status tamil
wonder woman cute whatsapp status
wonder woman birthday whatsapp status
wonder woman whatsappstatus
wonder woman 1984
gal gadot wonder woman
gal gadot wonder woman whatsapp status
gal gadot : wonder woman | whatsapp status #shorts
#gal gadot whatsapp status
wonder woman whatsapp status bgm
whatsapp status wonder woman
wonder woman edit whatsapp status



kristen stewart whatsapp status
kristen stewart status
kristen stewart
kristen stewart tamil whatsapp status
#kristen stewart whatsapp status
kristen steward whatsapp status
kristen stewart whatsapp status tamil
kristen steward whatsapp status hd fearless
kristen stewart new whatsapp status
kristen stewart girlfriend
kristen stewart full screen whatsapp status
kristen stewart whatsapp status full screen
full screen whatsapp status of kristen stewart


amber heard whatsapp status
amber heard status,amber heard
whatsapp status
amber heard hot whatsapp status
amber heard full screen whatsapp status
#amber heard whatsapp status
amber heard whatsapp status 4k
amber heard aquaman
#sexy amber heard whatsapp status
amber heard whatsapp status video
amber heard whatsapp status tamil
amber heard crush whatsapp status
#hot whatsapp status of amber heard
amber heard whatsapp status telugu
amber heard whatsapp status aquaman


emma watson,harry potter
whatsapp status
watson
emma watson new song
hormone song whatsapp status
emma watson birthday status
emma watson status
emma watson new latest song
whatsapp status tamil
emma watson interview
trending song whatsapp status
hollywood movie whatsapp status
whatsapp status in english
4k whatsapp status
english whatsapp status
whatsapp status english
full screen whatsapp status
harry potter harmony
emma watson belle
#emma watson
harry
harmony
harry potter edit

#celebrityexoress #whatsappstatus #short #viralsratus #trand #tranding #emmawatson #youtubeshortmovie #fashion #beautiful #style #repost #summer #girl #life #music #ootd #hair #artist #funny #gym #moda #memes #explore #meme #dress #outfit #look #live #sport #explorepage #hiphop #brasil #bhfyp #video #TikTok #youtube",https://i.ytimg.com/vi/ipGocGDlJNY/default.jpg,120,90,https://i.ytimg.com/vi/ipGocGDlJNY/mqdefault.jpg,320,180,https://i.ytimg.com/vi/ipGocGDlJNY/hqdefault.jpg,480,360,Celebrity Express,22,none,Amber heard status | emma watson status | kristen stewart status | gal gadot status | viral status,"wonder woman whatsapp status
gal gadot whatsapp status
wonder woman,whatsapp status
wonder woman status
wonder woman whatsapp status tamil
wonder woman cute whatsapp status
wonder woman birthday whatsapp status
wonder woman whatsappstatus
wonder woman 1984
gal gadot wonder woman
gal gadot wonder woman whatsapp status
gal gadot : wonder woman | whatsapp status #shorts
#gal gadot whatsapp status
wonder woman whatsapp status bgm
whatsapp status wonder woman
wonder woman edit whatsapp status



kristen stewart whatsapp status
kristen stewart status
kristen stewart
kristen stewart tamil whatsapp status
#kristen stewart whatsapp status
kristen steward whatsapp status
kristen stewart whatsapp status tamil
kristen steward whatsapp status hd fearless
kristen stewart new whatsapp status
kristen stewart girlfriend
kristen stewart full screen whatsapp status
kristen stewart whatsapp status full screen
full screen whatsapp status of kristen stewart


amber heard whatsapp status
amber heard status,amber heard
whatsapp status
amber heard hot whatsapp status
amber heard full screen whatsapp status
#amber heard whatsapp status
amber heard whatsapp status 4k
amber heard aquaman
#sexy amber heard whatsapp status
amber heard whatsapp status video
amber heard whatsapp status tamil
amber heard crush whatsapp status
#hot whatsapp status of amber heard
amber heard whatsapp status telugu
amber heard whatsapp status aquaman


emma watson,harry potter
whatsapp status
watson
emma watson new song
hormone song whatsapp status
emma watson birthday status
emma watson status
emma watson new latest song
whatsapp status tamil
emma watson interview
trending song whatsapp status
hollywood movie whatsapp status
whatsapp status in english
4k whatsapp status
english whatsapp status
whatsapp status english
full screen whatsapp status
harry potter harmony
emma watson belle
#emma watson
harry
harmony
harry potter edit

#celebrityexoress #whatsappstatus #short #viralsratus #trand #tranding #emmawatson #youtubeshortmovie #fashion #beautiful #style #repost #summer #girl #life #music #ootd #hair #artist #funny #gym #moda #memes #explore #meme #dress #outfit #look #live #sport #explorepage #hiphop #brasil #bhfyp #video #TikTok #youtube",PT35S,2d,hd,false,False,rectangular,processed,public,youtube,True,True,False,1380,51,0,5,https://i.ytimg.com/vi/ipGocGDlJNY/sddefault.jpg,640.0,480.0,https://i.ytimg.com/vi/ipGocGDlJNY/maxresdefault.jpg,1280.0,720.0,"['whatsapp status', 'boys attitude whatsapp status', 'single boys attitude whatsapp status', 'new attitude whatsapp status', 'girls attitude whatsapp status', 'college attitude whatsapp status', '30 second whatsapp status', 'attitude status', 'bao rami status', 'single boys attitude status', 'boys attitude status', 'avoid girls boys attitude status', 'ignore girls boys attitude status', 'yt neel status', 'mixer masala status', 'new whatsapp status video', 'turkish status', 'mass status', 'killer attitude status']",,
youtube#video,VmZKdybEz8ivU7a-LXhCWRp1Eqo,KBYHindHQO4,2021-02-22T21:53:49Z,UCeooMl4PFAM9kLPHvavt2KQ,Amber Heard Wants to EDIT Testimony of 65+ People!,Amber Heard Wants to EDIT Testimony of 65+ People!,https://i.ytimg.com/vi/KBYHindHQO4/default.jpg,120,90,https://i.ytimg.com/vi/KBYHindHQO4/mqdefault.jpg,320,180,https://i.ytimg.com/vi/KBYHindHQO4/hqdefault.jpg,480,360,eHacker,24,none,Amber Heard Wants to EDIT Testimony of 65+ People!,Amber Heard Wants to EDIT Testimony of 65+ People!,PT8M35S,2d,sd,false,True,rectangular,processed,public,youtube,True,True,False,6738,654,0,200,https://i.ytimg.com/vi/KBYHindHQO4/sddefault.jpg,640.0,480.0,https://i.ytimg.com/vi/KBYHindHQO4/maxresdefault.jpg,1280.0,720.0,"['amber heard', 'johnny depp', 'defamation', 'johnny depp dior', 'johnny depp vs the sun', 'amber heard mera', 'amber heard aquaman 2', 'johnny depp fantastic beasts 3', 'johnny amber', 'johnny amber court', 'Amber Heard Instagram', 'Johnny Depp Instagram', 'Amber Heard twitter', 'Johnny Depp amber heard audio']",,
youtube#video,KFI0FM2fmWzK6mh0oHOo5jiA6Ak,kFOItz8hp2g,2021-06-10T03:36:33Z,UCF-hodpWAfpKHkoFjpRnIAw,Amber heard Status || Outdoor Outfits  Amber Heard style whatsapp status,"Amber Heard Edit || amber  Heard Outdoor Outfits  Amber Heard style || shortsAmber Heard 4k HD Full Screen WhatsApp Status  Mera  Aquaman WhatsApp Status  Super Girl Status Amber Heard || Aquaman || whatsapp status wharan full screen status ||  Hd whatsapp status

This Channel For Super Whatsapp Status Video & enjoy this video
2021 And Only for Entertainment purpose And
Not React to Any One Felling

Status:)New Love Whatsapp Status Video 2021
Enjoy listening and stay connected with us!

Romantic Whatsapp Status Video 30 Second New
Love Whatsapp Status Video Romantic Whatsapp
Status Video Sad Whatsapp Status Video 30 Second
Sad Whatsapp Status Video 30 Second Romantic
Whatsapp Status Video Romantic Whatsapp Status
Video 30 Second Whatsapp Status Video New 30
Second Whatsapp Status Video 30 Second Whatsapp

Important ¬©-
The don't own the audio and the picture. The credits
go to the respective owners. This video is purely
fan-made,and will not be used for profit or illegal
sharing.

IMPORTANT NOTICE :¬© These All Things Are
Copyrighted. We Just Edited And Published To
Audience For Entertainment Purpose Only
All Right to Above Music Label & No Copyrights
Infringement Intended.

Disclaimer :- 
video is for educational purpose only.Copyright
Disclaimer Under Section 107 of the Copyright Act
1976, allowance is made for ""fair use"" for purposes
such as criticism, comment, news reporting, teaching
scholarship, and research. Fair use is a use permitted
by copyright statute that might otherwise be
infringing. Non-profit, educational or personal use tips
the balance in favor of fair us

Tags
Spider Man status
Short Spider-Man
Thor WhatsApp status
Thor status video
Thor status
Status Video...
top romantic song
top romantic songs
hindi romantic song
hindi romantic songs
new romantic song 2021
new romantic songs 2021
romantic song statuss
romantic song status video
romantic status
new romantic status
romantic video status
new romantic status video
new romantic status video 2021
new video status
new video song status
song status video
song status
Amber Heard,Amber Heard Status,Amber Heard WhatsApp Status,Amber Heard Full Screen WhatsApp Status,Amber Heard Full Screen Status,Mera,Mera status,Aquaman,Aquaman Status,Aquaman WhatsApp status,Aquaman Full Screen WhatsApp Status,Aquaman Full Screen Status,Superheroes Status,DCEU Movies,DCEU Movies Status",https://i.ytimg.com/vi/kFOItz8hp2g/default.jpg,120,90,https://i.ytimg.com/vi/kFOItz8hp2g/mqdefault.jpg,320,180,https://i.ytimg.com/vi/kFOItz8hp2g/hqdefault.jpg,480,360,Capture 26,24,none,Amber heard Status || Outdoor Outfits  Amber Heard style whatsapp status,"Amber Heard Edit || amber  Heard Outdoor Outfits  Amber Heard style || shortsAmber Heard 4k HD Full Screen WhatsApp Status  Mera  Aquaman WhatsApp Status  Super Girl Status Amber Heard || Aquaman || whatsapp status wharan full screen status ||  Hd whatsapp status

This Channel For Super Whatsapp Status Video & enjoy this video
2021 And Only for Entertainment purpose And
Not React to Any One Felling

Status:)New Love Whatsapp Status Video 2021
Enjoy listening and stay connected with us!

Romantic Whatsapp Status Video 30 Second New
Love Whatsapp Status Video Romantic Whatsapp
Status Video Sad Whatsapp Status Video 30 Second
Sad Whatsapp Status Video 30 Second Romantic
Whatsapp Status Video Romantic Whatsapp Status
Video 30 Second Whatsapp Status Video New 30
Second Whatsapp Status Video 30 Second Whatsapp

Important ¬©-
The don't own the audio and the picture. The credits
go to the respective owners. This video is purely
fan-made,and will not be used for profit or illegal
sharing.

IMPORTANT NOTICE :¬© These All Things Are
Copyrighted. We Just Edited And Published To
Audience For Entertainment Purpose Only
All Right to Above Music Label & No Copyrights
Infringement Intended.

Disclaimer :- 
video is for educational purpose only.Copyright
Disclaimer Under Section 107 of the Copyright Act
1976, allowance is made for ""fair use"" for purposes
such as criticism, comment, news reporting, teaching
scholarship, and research. Fair use is a use permitted
by copyright statute that might otherwise be
infringing. Non-profit, educational or personal use tips
the balance in favor of fair us

Tags
Spider Man status
Short Spider-Man
Thor WhatsApp status
Thor status video
Thor status
Status Video...
top romantic song
top romantic songs
hindi romantic song
hindi romantic songs
new romantic song 2021
new romantic songs 2021
romantic song statuss
romantic song status video
romantic status
new romantic status
romantic video status
new romantic status video
new romantic status video 2021
new video status
new video song status
song status video
song status
Amber Heard,Amber Heard Status,Amber Heard WhatsApp Status,Amber Heard Full Screen WhatsApp Status,Amber Heard Full Screen Status,Mera,Mera status,Aquaman,Aquaman Status,Aquaman WhatsApp status,Aquaman Full Screen WhatsApp Status,Aquaman Full Screen Status,Superheroes Status,DCEU Movies,DCEU Movies Status",PT44S,2d,hd,false,False,rectangular,processed,public,youtube,True,True,False,936,46,0,16,,,,,,,"['Amber Heard', 'Amber Heard Status', 'Amber Heard WhatsApp Status', 'Amber Heard Full Screen WhatsApp Status', 'Amber Heard Full Screen Status', 'Mera', 'Mera status', 'Aquaman', 'Aquaman Status', 'Aquaman WhatsApp status', 'Aquaman Full Screen WhatsApp Status', 'Aquaman Full Screen Status', 'Superheroes Status', 'DCEU Movies', 'DCEU Movies Status']",,
youtube#video,YibfgYGsc9MibSMiSiask9Rq9C4,MHAsHva7S7g,2021-09-15T09:00:20Z,UC2kr9b8cHTseRY4dUDsOVoA,UFC 4 | Bruce Lee vs. AMBER HEARD(EA Sports UFC 4),"UFC 4 | Bruce Lee vs. IA OSTERGREN(EA Sports UFC 4)
üëâSubscribe to chanel -
https://www.youtube.com/channel/UC2kr9b8cHTseRY4dUDsOVoA?sub_confirmation=1
Playlistüëáü•ä:
üëçUFC Bruce Lee Fights
https://www.youtube.com/watch?v=KOXYI084aRg&list=PLpHVIHt04tK_zW8QHPnhK1eVTWp-HhPLG

#brucelee #martialarts #kungfu #karate #fight #mma #fistoffury #–º–æ—Ç–∏–≤–∫—Ä—é—á–∫–æ–º #–≤—è–∑–∞–Ω–∏–µ–∫—Ä—é—á–∫–æ–º #–∫—Ä—é—á–æ–∫ #—Å–∫–∞—Ç–µ—Ä—Ç–∏–∫—Ä—é—á–∫–æ–º #–ø–ª–∞—Ç—å–µ–∫—Ä—é—á–∫–æ–º #—ç–º–º–∞–æ—Å—Ç–µ—Ä–≥—Ä–µ–Ω #rarebeauty #–ø–ª–∞—Ç—å–µ–æ—Ç—ç–º–º—ã–æ—Å—Ç–µ—Ä–≥—Ä–µ–Ω #infobazaar #uniquebeauty 

Lee Jun-fan (Chinese: ÊùéÊåØËó©; November 27, 1940 ‚Äì July 20, 1973), commonly known as Bruce Lee (Chinese: ÊùéÂ∞èÈæç), was a Hong Kong American martial artist, actor, director, martial arts instructor and philosopher. He was the founder of Jeet Kune Do, a hybrid martial arts philosophy drawing from different combat disciplines that is often credited with paving the way for modern mixed martial arts (MMA). Lee is considered by commentators, critics, media, and other martial artists to be the most influential martial artist of all time and a pop culture icon of the 20th century, who bridged the gap between East and West. He is credited with helping to change the way Asians were presented in American films.

The son of Cantonese opera star Lee Hoi-chuen, Lee was born in the Chinatown area of San Francisco, on November 27, 1940, to parents from Hong Kong, and was raised with his family in Kowloon, Hong Kong. He was introduced to the film industry by his father and appeared in several films as a child actor. His early martial arts experience included Wing Chun (trained under Yip Man), tai chi, boxing (winning the Hong Kong schools boxing tournament), and street fighting (frequently participating in Hong Kong rooftop fights). Lee moved to the United States at the age of 18 to receive his higher education at the University of Washington in Seattle; it was during this time that he began teaching martial arts, later drawing significant attention at the 1964 Long Beach International Karate Championships. In the 1970s, his Hong Kong and Hollywood-produced films elevated the traditional martial arts film to a new level of popularity and acclaim, sparking a surge of interest in the Chinese nation and Chinese martial arts in the West. The direction and tone of his films dramatically influenced and changed martial arts and martial arts films worldwide.",https://i.ytimg.com/vi/MHAsHva7S7g/default.jpg,120,90,https://i.ytimg.com/vi/MHAsHva7S7g/mqdefault.jpg,320,180,https://i.ytimg.com/vi/MHAsHva7S7g/hqdefault.jpg,480,360,Legend of UFC Bruce Lee,20,none,UFC 4 | Bruce Lee vs. AMBER HEARD(EA Sports UFC 4),"UFC 4 | Bruce Lee vs. IA OSTERGREN(EA Sports UFC 4)
üëâSubscribe to chanel -
https://www.youtube.com/channel/UC2kr9b8cHTseRY4dUDsOVoA?sub_confirmation=1
Playlistüëáü•ä:
üëçUFC Bruce Lee Fights
https://www.youtube.com/watch?v=KOXYI084aRg&list=PLpHVIHt04tK_zW8QHPnhK1eVTWp-HhPLG

#brucelee #martialarts #kungfu #karate #fight #mma #fistoffury #–º–æ—Ç–∏–≤–∫—Ä—é—á–∫–æ–º #–≤—è–∑–∞–Ω–∏–µ–∫—Ä—é—á–∫–æ–º #–∫—Ä—é—á–æ–∫ #—Å–∫–∞—Ç–µ—Ä—Ç–∏–∫—Ä—é—á–∫–æ–º #–ø–ª–∞—Ç—å–µ–∫—Ä—é—á–∫–æ–º #—ç–º–º–∞–æ—Å—Ç–µ—Ä–≥—Ä–µ–Ω #rarebeauty #–ø–ª–∞—Ç—å–µ–æ—Ç—ç–º–º—ã–æ—Å—Ç–µ—Ä–≥—Ä–µ–Ω #infobazaar #uniquebeauty 

Lee Jun-fan (Chinese: ÊùéÊåØËó©; November 27, 1940 ‚Äì July 20, 1973), commonly known as Bruce Lee (Chinese: ÊùéÂ∞èÈæç), was a Hong Kong American martial artist, actor, director, martial arts instructor and philosopher. He was the founder of Jeet Kune Do, a hybrid martial arts philosophy drawing from different combat disciplines that is often credited with paving the way for modern mixed martial arts (MMA). Lee is considered by commentators, critics, media, and other martial artists to be the most influential martial artist of all time and a pop culture icon of the 20th century, who bridged the gap between East and West. He is credited with helping to change the way Asians were presented in American films.

The son of Cantonese opera star Lee Hoi-chuen, Lee was born in the Chinatown area of San Francisco, on November 27, 1940, to parents from Hong Kong, and was raised with his family in Kowloon, Hong Kong. He was introduced to the film industry by his father and appeared in several films as a child actor. His early martial arts experience included Wing Chun (trained under Yip Man), tai chi, boxing (winning the Hong Kong schools boxing tournament), and street fighting (frequently participating in Hong Kong rooftop fights). Lee moved to the United States at the age of 18 to receive his higher education at the University of Washington in Seattle; it was during this time that he began teaching martial arts, later drawing significant attention at the 1964 Long Beach International Karate Championships. In the 1970s, his Hong Kong and Hollywood-produced films elevated the traditional martial arts film to a new level of popularity and acclaim, sparking a surge of interest in the Chinese nation and Chinese martial arts in the West. The direction and tone of his films dramatically influenced and changed martial arts and martial arts films worldwide.",PT27M4S,2d,hd,false,True,rectangular,processed,public,youtube,True,True,False,22,1,0,0,https://i.ytimg.com/vi/MHAsHva7S7g/sddefault.jpg,640.0,480.0,https://i.ytimg.com/vi/MHAsHva7S7g/maxresdefault.jpg,1280.0,720.0,"['bruce lee', 'martial arts', 'kung fu', 'fight', 'mma', 'karate', 'bruce lee fight', 'jeet kune do', 'wing chun', 'fist of fury', 'enter the dragon', '–±—Ä—é—Å –ª–∏', 'taekwondo', 'training', 'game of death', 'ÊùéÂ∞èÈæô', 'ufc 4', 'fights', 'ufc', 'ÊùéÂ∞èÈæç', 'martial', 'chinese', 'chuck norris', 'boxing', 'bruce lee ufc', 'top 10', 'ultimate fighting championship', 'ufc 265', 'ko', 'knockout']",en-US,en-US
youtube#video,czwrmzCee2ezW7ffGkP2V9qSgrI,PuVGVnkQQGw,2020-02-21T14:04:59Z,UCZHk27LUuRw0zK7AZ20N_pw,‚úÖ  VIDEO. Des fans de Johnny Depp lancent une p√©tition pour que L‚ÄôOr√©al rompe son contrat avec Amber,"üíñ Please Visit: https://www.facebook.com/Scathc/
üíñ Please Subscribe: https://www.youtube.com/channel/UCZHk27LUuRw0zK7AZ20N_pw?sub_confirmation=1
‚úç ¬†La guerre continue entre Johnny Depp et   Amber Heard et cette fois-ci, ce sont les fans qui pourraient bien faire bouger les choses. D‚Äôapr√®s le New York Post, une nouvelle initiative des soutiens de l‚Äôacteur de Pirates des Cara√Øbes entend faire pencher la balance en sa faveur, si ce n‚Äôest d‚Äôun point de vue juridique, au moins en termes d‚Äôimage publique. Une p√©tition, mise en ligne sur le site   Change.org r√©clame tout simplement que   L'Or√©al rompe son contrat avec Amber Heard, qui est toujours ambassadrice de la marque.  ¬†¬´¬†Une menteuse violente, une honte pour les femmes¬†¬ª, peut-on lire d√®s la premi√®re phrase de la p√©tition, qui compte d√©j√† plus de 7.000 signatures. Une autre p√©tition, √† l‚Äôobjectif identique, a r√©cemment d√©pass√© les 5.000 signatures.   Le temps des aveux  ¬†Ces deux p√©titions ont √©t√© lanc√©es apr√®s la mise en ligne par le Daily Mail, en janvier dernier,   d'enregistrements audio dans lesquels Amber Heard reconna√Æt avoir frapp√© Johnny Depp. Dans le document, la star d ...
üíñ #Vid√©o, #acteur, #People, #actrice, #violencesconjugales, #proc√®s, #johnnydepp",https://i.ytimg.com/vi/PuVGVnkQQGw/default.jpg,120,90,https://i.ytimg.com/vi/PuVGVnkQQGw/mqdefault.jpg,320,180,https://i.ytimg.com/vi/PuVGVnkQQGw/hqdefault.jpg,480,360,chanel 4 mxl,22,none,‚úÖ  VIDEO. Des fans de Johnny Depp lancent une p√©tition pour que L‚ÄôOr√©al rompe son contrat avec Amber,"üíñ Please Visit: https://www.facebook.com/Scathc/
üíñ Please Subscribe: https://www.youtube.com/channel/UCZHk27LUuRw0zK7AZ20N_pw?sub_confirmation=1
‚úç ¬†La guerre continue entre Johnny Depp et   Amber Heard et cette fois-ci, ce sont les fans qui pourraient bien faire bouger les choses. D‚Äôapr√®s le New York Post, une nouvelle initiative des soutiens de l‚Äôacteur de Pirates des Cara√Øbes entend faire pencher la balance en sa faveur, si ce n‚Äôest d‚Äôun point de vue juridique, au moins en termes d‚Äôimage publique. Une p√©tition, mise en ligne sur le site   Change.org r√©clame tout simplement que   L'Or√©al rompe son contrat avec Amber Heard, qui est toujours ambassadrice de la marque.  ¬†¬´¬†Une menteuse violente, une honte pour les femmes¬†¬ª, peut-on lire d√®s la premi√®re phrase de la p√©tition, qui compte d√©j√† plus de 7.000 signatures. Une autre p√©tition, √† l‚Äôobjectif identique, a r√©cemment d√©pass√© les 5.000 signatures.   Le temps des aveux  ¬†Ces deux p√©titions ont √©t√© lanc√©es apr√®s la mise en ligne par le Daily Mail, en janvier dernier,   d'enregistrements audio dans lesquels Amber Heard reconna√Æt avoir frapp√© Johnny Depp. Dans le document, la star d ...
üíñ #Vid√©o, #acteur, #People, #actrice, #violencesconjugales, #proc√®s, #johnnydepp",PT3M23S,2d,hd,false,False,rectangular,processed,public,youtube,True,True,False,12,0,0,0,https://i.ytimg.com/vi/PuVGVnkQQGw/sddefault.jpg,640.0,480.0,https://i.ytimg.com/vi/PuVGVnkQQGw/maxresdefault.jpg,1280.0,720.0,"['Vid√©o', 'acteur', 'People', 'actrice', 'violences conjugales', 'proc√®s', 'johnny depp']",,
youtube#video,TfEZg8XvzBdr2QAuGS9dF4U1TSo,QH4fSg6R7-k,2021-12-01T05:00:09Z,UCSofCB-EMMpVEGFdOr4xl7A,Amber Heard Editü•∞ #shorts #amberheard,"#shorts #youtubeshorts
If any Song added in this video then songs credit to their original creatorüôè
Music will change after 10-20 shorts, if you found repeated bgm :)
Shop amazing products products : https://amzn.to/30v",https://i.ytimg.com/vi/QH4fSg6R7-k/default.jpg,120,90,https://i.ytimg.com/vi/QH4fSg6R7-k/mqdefault.jpg,320,180,https://i.ytimg.com/vi/QH4fSg6R7-k/hqdefault.jpg,480,360,AKD,24,none,Amber Heard Editü•∞ #shorts #amberheard,"#shorts #youtubeshorts
If any Song added in this video then songs credit to their original creatorüôè
Music will change after 10-20 shorts, if you found repeated bgm :)
Shop amazing products products : https://amzn.to/30v",PT21S,2d,hd,false,False,rectangular,processed,public,youtube,True,True,False,41,3,0,0,,,,,,,"['ytshorts', 'shorts', 'funnyshorts', 'daily life shorts', 'akd shorts', 'akd', 'hindi funny video', 'hindi comedy', 'hindi comedy shorts', 'edited shorts', 'celibrity edits', 'amber heard', 'amber heard edit']",hi,en
youtube#video,WH9SGaTrtWcu90vx4ZpNb-zxlno,qrOszpaimI0,2020-04-15T23:00:16Z,UCLwNTXWEjVd2qIHLcXxQWxA,"Amber Heard Is Accused Of Doing Terrible Things To Johnny Depp's Bed, The Divorce Drama Is REAL","In a continuation of the Depp/Heard divorce drama, it appears that Amber acted very immaturely before the divorce was finalized, and it is a source of much amusement to the crew. 

https://www.change.org/p/dc-entertainment-remove-amber-heard-from-aquaman-2

Merch - https://teespring.com/stores/timcast-2

Podcast available on iTunes and Spotify, coming soon to all podcast platforms!",https://i.ytimg.com/vi/qrOszpaimI0/default.jpg,120,90,https://i.ytimg.com/vi/qrOszpaimI0/mqdefault.jpg,320,180,https://i.ytimg.com/vi/qrOszpaimI0/hqdefault.jpg,480,360,Timcast IRL,24,none,"Amber Heard Is Accused Of Doing Terrible Things To Johnny Depp's Bed, The Divorce Drama Is REAL","In a continuation of the Depp/Heard divorce drama, it appears that Amber acted very immaturely before the divorce was finalized, and it is a source of much amusement to the crew. 

https://www.change.org/p/dc-entertainment-remove-amber-heard-from-aquaman-2

Merch - https://teespring.com/stores/timcast-2

Podcast available on iTunes and Spotify, coming soon to all podcast platforms!",PT15M50S,2d,hd,false,True,rectangular,processed,public,youtube,True,True,False,94717,4674,0,1004,https://i.ytimg.com/vi/qrOszpaimI0/sddefault.jpg,640.0,480.0,,,,"['timcastIRL', 'timcast IRL', 'podcast']",,
youtube#video,PVWwKIWCvmbOOZyV8du3cTgFNxU,rcPBZ_BL24s,2021-02-01T03:12:24Z,UCYOu7X0CowfDbMyGtRJImSQ,Amber Heard edit aesthetic - My Type.,,https://i.ytimg.com/vi/rcPBZ_BL24s/default.jpg,120,90,https://i.ytimg.com/vi/rcPBZ_BL24s/mqdefault.jpg,320,180,https://i.ytimg.com/vi/rcPBZ_BL24s/hqdefault.jpg,480,360,Edits Aesthetic,22,none,Amber Heard edit aesthetic - My Type.,,PT14S,2d,hd,false,False,rectangular,processed,public,youtube,True,True,False,3774,73,0,1,https://i.ytimg.com/vi/rcPBZ_BL24s/sddefault.jpg,640.0,480.0,https://i.ytimg.com/vi/rcPBZ_BL24s/maxresdefault.jpg,1280.0,720.0,,,
youtube#video,g_70wk2DvVjWF0D9d0S3ffT0FW0,TgfUqVdse2Y,2021-08-06T18:40:00Z,UChWQDUQVG4enyukSduJdFiQ,Amber Heard Status,.,https://i.ytimg.com/vi/TgfUqVdse2Y/default.jpg,120,90,https://i.ytimg.com/vi/TgfUqVdse2Y/mqdefault.jpg,320,180,https://i.ytimg.com/vi/TgfUqVdse2Y/hqdefault.jpg,480,360,Status Zone,1,none,Amber Heard Status,.,PT24S,2d,hd,false,False,rectangular,processed,public,youtube,True,True,False,49,3,0,0,https://i.ytimg.com/vi/TgfUqVdse2Y/sddefault.jpg,640.0,480.0,https://i.ytimg.com/vi/TgfUqVdse2Y/maxresdefault.jpg,1280.0,720.0,"['amber heard', 'amber heard status', 'hollywood actress', 'top 10 hollywood actress', 'top 5 hollywood actress']",zxx,
youtube#video,tUA_0EdIjfd0VJtXaoe24K899OI,U5qkKvUIg-w,2021-04-24T13:03:46Z,UCUWg7PZf1BcisjA6RZaLe4A,amber heard whatsapp status |jonny depp and amber heard full screen whatsapp status |hot girl status,"amber heard whatsapp status
amber heard status
amber heard
amber heard whatsapp status video
amber heard whatsapp status tamil
amber heard full screen whatsapp status
johnny depp and amber heard status fight
johnny depp and amber heard status status
whatsapp status
amber heard edit whatsapp status
johnny depp and amber heard status fight video
amber heard aquaman
amber hears badass status
hot amber heard
queen mera whatsapp status
naked amber heard
amber heard hd whatsapp status",https://i.ytimg.com/vi/U5qkKvUIg-w/default.jpg,120,90,https://i.ytimg.com/vi/U5qkKvUIg-w/mqdefault.jpg,320,180,https://i.ytimg.com/vi/U5qkKvUIg-w/hqdefault.jpg,480,360,Celebrity Express,22,none,amber heard whatsapp status |jonny depp and amber heard full screen whatsapp status |hot girl status,"amber heard whatsapp status
amber heard status
amber heard
amber heard whatsapp status video
amber heard whatsapp status tamil
amber heard full screen whatsapp status
johnny depp and amber heard status fight
johnny depp and amber heard status status
whatsapp status
amber heard edit whatsapp status
johnny depp and amber heard status fight video
amber heard aquaman
amber hears badass status
hot amber heard
queen mera whatsapp status
naked amber heard
amber heard hd whatsapp status",PT36S,2d,hd,false,False,rectangular,processed,public,youtube,True,True,False,36948,2689,0,48,https://i.ytimg.com/vi/U5qkKvUIg-w/sddefault.jpg,640.0,480.0,https://i.ytimg.com/vi/U5qkKvUIg-w/maxresdefault.jpg,1280.0,720.0,"['amber heard whatsapp status', 'amber heard status', 'amber heard', 'amber heard whatsapp status video', 'amber heard whatsapp status tamil', 'amber heard full screen whatsapp status', 'johnny depp and amber heard status fight', 'johnny depp and amber heard status status', 'whatsapp status', 'amber heard edit whatsapp status', 'johnny depp and amber heard status fight video', 'amber heard aquaman', 'amber hears badass status', 'hot amber heard', 'naked amber heard', 'amber heard hd whatsapp status', 'Hot girl']",,
youtube#video,2yW-f6EI7e8fqIS02h2DGDIv904,vbx-GdR2HGE,2020-07-09T18:00:07Z,UCll6-AEUOdNtURYFNuozf4g,Revisiting Johnny Depp vs Amber Heard: Who will come out on top & how might things change after?,"*ALL ALLEGED FOR ENTERTAINMENT PURPOSES ONLY*
Hey guys!  Today, I am revisiting a reading I did early on in the creation of my channel (about 5 months ago) and am taking a look into what the outcome of the Johnny Depp Trial MAY be as well as how the lives of Johnny Depp and Amber Heard may change afterward.  I hope you enjoy this and if you have any requests for a reading or other subjects, feel free to leave them in the comments below! ü§ó

Hello and welcome to my channel!  I‚Äôm Beauty Heathen and this is where we explore Paganism through the medium of cosmetics!  Not gunna lie, I‚Äôm more than a bit nervous doing this, but I felt it was time to end the misinformation and help inform and educate anyone who may be interested in this subject!  There will be beginner instruction on rituals and spellwork on this channel. For more advanced or adult themed instruction, be sure to follow my social media below and stay tuned for updates regarding my upcoming Patreon!  If you have any requests for a subject you may be interested in, please be sure to comment below and I will try to cover it in a future video!  With all of this said, welcome and let‚Äôs have fun learning together üòä

*Disclaimer*
No two pagans are alike and it will not always be feasible to verify information with practitioners of certain paths. I will do my best to cover information as well as I can. If anything is ever incorrect, please feel free to leave corrected/alternate information below. Respect is paramount on my channel. I have my own views and beliefs and respect those of others, but please remember that if yours differ, they are yours and please be respectful that mine are my own. If there is hate or derogatory comments, they will be deleted and users banned.

Social media platforms:
Twitter: @BeautyHeathen
Facebook: @BeautyHeathen
Twitter: @BeautyHeathen


#JohnnyDepp #AmberHeard #JohnnyDeppTrial",https://i.ytimg.com/vi/vbx-GdR2HGE/default.jpg,120,90,https://i.ytimg.com/vi/vbx-GdR2HGE/mqdefault.jpg,320,180,https://i.ytimg.com/vi/vbx-GdR2HGE/hqdefault.jpg,480,360,Beauty Heathen Pagan and Tarot Channel,26,none,Revisiting Johnny Depp vs Amber Heard: Who will come out on top & how might things change after?,"*ALL ALLEGED FOR ENTERTAINMENT PURPOSES ONLY*
Hey guys!  Today, I am revisiting a reading I did early on in the creation of my channel (about 5 months ago) and am taking a look into what the outcome of the Johnny Depp Trial MAY be as well as how the lives of Johnny Depp and Amber Heard may change afterward.  I hope you enjoy this and if you have any requests for a reading or other subjects, feel free to leave them in the comments below! ü§ó

Hello and welcome to my channel!  I‚Äôm Beauty Heathen and this is where we explore Paganism through the medium of cosmetics!  Not gunna lie, I‚Äôm more than a bit nervous doing this, but I felt it was time to end the misinformation and help inform and educate anyone who may be interested in this subject!  There will be beginner instruction on rituals and spellwork on this channel. For more advanced or adult themed instruction, be sure to follow my social media below and stay tuned for updates regarding my upcoming Patreon!  If you have any requests for a subject you may be interested in, please be sure to comment below and I will try to cover it in a future video!  With all of this said, welcome and let‚Äôs have fun learning together üòä

*Disclaimer*
No two pagans are alike and it will not always be feasible to verify information with practitioners of certain paths. I will do my best to cover information as well as I can. If anything is ever incorrect, please feel free to leave corrected/alternate information below. Respect is paramount on my channel. I have my own views and beliefs and respect those of others, but please remember that if yours differ, they are yours and please be respectful that mine are my own. If there is hate or derogatory comments, they will be deleted and users banned.

Social media platforms:
Twitter: @BeautyHeathen
Facebook: @BeautyHeathen
Twitter: @BeautyHeathen


#JohnnyDepp #AmberHeard #JohnnyDeppTrial",PT30M6S,2d,hd,false,True,rectangular,processed,public,youtube,True,True,False,1043,38,0,20,https://i.ytimg.com/vi/vbx-GdR2HGE/sddefault.jpg,640.0,480.0,https://i.ytimg.com/vi/vbx-GdR2HGE/maxresdefault.jpg,1280.0,720.0,"['psychic', 'oracle', 'tarot', 'psychicreading', 'oraclecards', 'tarotcards', 'oraclereading', 'intuition', 'intuitive', 'empath', 'allegations', 'outcome', 'allegedly', 'truth', 'case', 'nobullshit', 'reading', 'Johnny Depp', 'Amber Heard', 'Justice', 'Justice For Johnny Depp', 'tarot reading', 'oracle reading', 'insight', 'guidance', 'slander', 'liable', 'healing', 'restitution', 'lawsuit', 'legal proceedings', 'true crime', 'punitive', 'legal', 'Johnny Depp Trial', 'entertainment news', 'johnny depp amber heard', 'high court', 'pirates of the caribbean', 'amber heard and johnny depp']",en-US,
youtube#video,GTzIkW87NoD-BBr5IzgxZEDJ2Hs,vJET0dKVAT4,2017-01-01T17:50:38Z,UC8DatlvDbiX5CbYfY9TSGZQ,The Rum Diary - Music Video - Johnny Depp and Amber Heard Tribute \ Edit \ 2017,,https://i.ytimg.com/vi/vJET0dKVAT4/default.jpg,120,90,https://i.ytimg.com/vi/vJET0dKVAT4/mqdefault.jpg,320,180,https://i.ytimg.com/vi/vJET0dKVAT4/hqdefault.jpg,480,360,Justin Maker,10,none,The Rum Diary - Music Video - Johnny Depp and Amber Heard Tribute \ Edit \ 2017,,PT23S,2d,hd,false,False,rectangular,processed,public,youtube,True,True,False,2814,44,0,3,https://i.ytimg.com/vi/vJET0dKVAT4/sddefault.jpg,640.0,480.0,https://i.ytimg.com/vi/vJET0dKVAT4/maxresdefault.jpg,1280.0,720.0,,,
youtube#video,Pdf7be9grOHR-m1ZGpPiozoiVWw,v_Uk72KJDz0,2020-11-10T07:51:25Z,UC5qs1Ysel5RZ70mSM5MuN3A,Amber Heard edit whatsapp status #Shorts,#Amber_Heard #Edit #Whatsapp_Status  #Shorts,https://i.ytimg.com/vi/v_Uk72KJDz0/default.jpg,120,90,https://i.ytimg.com/vi/v_Uk72KJDz0/mqdefault.jpg,320,180,https://i.ytimg.com/vi/v_Uk72KJDz0/hqdefault.jpg,480,360,Status League,22,none,Amber Heard edit whatsapp status #Shorts,#Amber_Heard #Edit #Whatsapp_Status  #Shorts,PT45S,2d,hd,false,False,rectangular,processed,public,youtube,True,True,False,8956,325,0,15,https://i.ytimg.com/vi/v_Uk72KJDz0/sddefault.jpg,640.0,480.0,https://i.ytimg.com/vi/v_Uk72KJDz0/maxresdefault.jpg,1280.0,720.0,"['Amber Heard', 'Status', 'Shorts', 'edits', ""It's Your Time""]",en-GB,
youtube#video,Y0JkE6laZCRdgq3hZnsJ2oFtS1g,w0wyyYdeM_M,2021-06-15T04:33:51Z,UCFuhwoTk6q6qKjN0VCLamYA,Amber Heard Hot Editüî•//WhatsApp Statusüî•//#shorts,Background Song: My Baby Loves You More,https://i.ytimg.com/vi/w0wyyYdeM_M/default.jpg,120,90,https://i.ytimg.com/vi/w0wyyYdeM_M/mqdefault.jpg,320,180,https://i.ytimg.com/vi/w0wyyYdeM_M/hqdefault.jpg,480,360,I'M_ DAGON,20,none,Amber Heard Hot Editüî•//WhatsApp Statusüî•//#shorts,Background Song: My Baby Loves You More,PT24S,2d,hd,false,False,rectangular,processed,public,youtube,True,True,False,526,33,0,1,https://i.ytimg.com/vi/w0wyyYdeM_M/sddefault.jpg,640.0,480.0,,,,"['#Amber', '#Amber Heard', '#Amber Heard Status', '#Amber Heard Status full Screen', '#Amber Heard WhatsApp Status', '#Amber Heard Hot WhatsApp Status', '#Hot', '#sexy', '#Amber Heard Playdate Status', '#Amber Heard and Johnny Deep Status', '#Amber Heard bold hot', '#WhatsApp Status', ""#I'M_DAGON""]",en-IN,en-IN
youtube#video,u2Y_oai_Xa6B_mpjsu4JyYy6ap4,yhYU08X1DeM,2020-08-03T11:38:33Z,UClU1LZmqxR7ZQVBY-Y5Naxw,Sky News/Sun Feminist Lies Gender Pay Gap/Johnny Depp/ Amber Heard,"Sky News continues to insist that the Gender Pay Gap is Real. Please contact Sky News and tell them its a lie. Please call them on - 1300 32 88 80
The Murdoch Press has also a long history of supporting Feminist Causes. The Sun has waged War on Johnny Deep please send this Petition Justice for Johnny. https://www.change.org/p/justice-for-johnny-depp
Below is a full list of Women who are against Feminism.
Example 1 - Bettina Arndt 
Example 2 - Christina Hoff Sommers
Example 3 - Cassie Jaye
Example 4 - The Right Honourable Ann Widdecombe
Example 5 - Professor Janice Fiamengo 
 Example 6 - Erin Pizzey 
Example 7 - June Lapine/Shoe0nHead
Example 8 - Kate Andrews  
Example 9 - Karen Straughan 
Example 10 - Sydney Watson 
Example 11 - Daisy Cousens 
Example 12 - Lauren Southern 
Example 13 - Miranda Devine 
Example 14 - Tomi Lahren 
Example 15 - Youtuber - awks_pew_roo 
Example 16 - Camille Paglia
Example 17 - Anne Coulter 
Example 18 - Michelle Dewberry 
Example 19 - Janet Bloomfield 
Example 20 - Edwina Currie 
Example 21 - Romina Boccia 
Example 22 - Dr Elizabeth Celi 
Example 23 - Dr Helen Smith 
Example 24 - Karin Agness  
Example 25 Mona Charen 
Example 26 - Diana Furchtgott-Roth
Example 27 - Lauren Chen
Example 28 - Inez Stepman 
Example 29 - Carrie Lukas
Example 30 - Phyllis Schlafly
Example 31 - Alex Clark
Example 32 - Weebo Jones
Example 33 - Hadley Heath Manning
Example 34 - Laura Ingraham
Example 35 - Julie Borowski
Example 36 - Brittany Sellner
Example 37 - Candace Owens
Example 38 - Akancha Srivastava
Example 39 - Arielle Azur
Example 40 - Kara Bell
Example 41 - Jennifer Moleski
Example 42 - Blaire White
Example 43 - Nadia Cairns
Example 44 - Dr. Tara Palmatier
Example 45 - Diana Davison
Example 46 ‚Äì Allison Tieman
Example 47 - Rita Panahi
Example 48 - Katie Hopkins
Example 49 - Dr. Karlyn Borysen
Example 50 ‚Äì Jayne Jaye
Example 51 - Loren Murray
Example 52 - Karen DeCrow
Example 53 - DeAnna Lorraine
Example 54 - Cathy Young
Example 55 - Mercedes Carrer
Example 56 ‚Äì Senator Anne Cools
Example 57 - Dr. Tonia Nicholls
Example 58 - Judith Sloan
Example 59 - Emily Hewertson
Example 60 - Caroline Kitchens
Example 61 - Sally Satel
Example 62 - Youtuber - Barbara4u2c (214,000 Subscribers)
Example 63 - Zara Faris - Author Women's without Feminism
Example 64 - Elizabeth Hobson
Example 65 - Barbara Kay
Example 66 - Matthew & Doris
Example 67 - Ava Brighton
Example 68 - Faith Goldy
Example 69 - Marianne Azizi
Example 70 - Greta Aurora
Example 71 - Shmufkin TV
Example 72 - Tara Babcock
Example 73 - Youtuber - ABitOfBritt
Example 74 - Xiaxue
Example 75 - Tori Hadley",https://i.ytimg.com/vi/yhYU08X1DeM/default.jpg,120,90,https://i.ytimg.com/vi/yhYU08X1DeM/mqdefault.jpg,320,180,https://i.ytimg.com/vi/yhYU08X1DeM/hqdefault.jpg,480,360,Feminism Debunked,22,none,Sky News/Sun Feminist Lies Gender Pay Gap/Johnny Depp/ Amber Heard,"Sky News continues to insist that the Gender Pay Gap is Real. Please contact Sky News and tell them its a lie. Please call them on - 1300 32 88 80
The Murdoch Press has also a long history of supporting Feminist Causes. The Sun has waged War on Johnny Deep please send this Petition Justice for Johnny. https://www.change.org/p/justice-for-johnny-depp
Below is a full list of Women who are against Feminism.
Example 1 - Bettina Arndt 
Example 2 - Christina Hoff Sommers
Example 3 - Cassie Jaye
Example 4 - The Right Honourable Ann Widdecombe
Example 5 - Professor Janice Fiamengo 
 Example 6 - Erin Pizzey 
Example 7 - June Lapine/Shoe0nHead
Example 8 - Kate Andrews  
Example 9 - Karen Straughan 
Example 10 - Sydney Watson 
Example 11 - Daisy Cousens 
Example 12 - Lauren Southern 
Example 13 - Miranda Devine 
Example 14 - Tomi Lahren 
Example 15 - Youtuber - awks_pew_roo 
Example 16 - Camille Paglia
Example 17 - Anne Coulter 
Example 18 - Michelle Dewberry 
Example 19 - Janet Bloomfield 
Example 20 - Edwina Currie 
Example 21 - Romina Boccia 
Example 22 - Dr Elizabeth Celi 
Example 23 - Dr Helen Smith 
Example 24 - Karin Agness  
Example 25 Mona Charen 
Example 26 - Diana Furchtgott-Roth
Example 27 - Lauren Chen
Example 28 - Inez Stepman 
Example 29 - Carrie Lukas
Example 30 - Phyllis Schlafly
Example 31 - Alex Clark
Example 32 - Weebo Jones
Example 33 - Hadley Heath Manning
Example 34 - Laura Ingraham
Example 35 - Julie Borowski
Example 36 - Brittany Sellner
Example 37 - Candace Owens
Example 38 - Akancha Srivastava
Example 39 - Arielle Azur
Example 40 - Kara Bell
Example 41 - Jennifer Moleski
Example 42 - Blaire White
Example 43 - Nadia Cairns
Example 44 - Dr. Tara Palmatier
Example 45 - Diana Davison
Example 46 ‚Äì Allison Tieman
Example 47 - Rita Panahi
Example 48 - Katie Hopkins
Example 49 - Dr. Karlyn Borysen
Example 50 ‚Äì Jayne Jaye
Example 51 - Loren Murray
Example 52 - Karen DeCrow
Example 53 - DeAnna Lorraine
Example 54 - Cathy Young
Example 55 - Mercedes Carrer
Example 56 ‚Äì Senator Anne Cools
Example 57 - Dr. Tonia Nicholls
Example 58 - Judith Sloan
Example 59 - Emily Hewertson
Example 60 - Caroline Kitchens
Example 61 - Sally Satel
Example 62 - Youtuber - Barbara4u2c (214,000 Subscribers)
Example 63 - Zara Faris - Author Women's without Feminism
Example 64 - Elizabeth Hobson
Example 65 - Barbara Kay
Example 66 - Matthew & Doris
Example 67 - Ava Brighton
Example 68 - Faith Goldy
Example 69 - Marianne Azizi
Example 70 - Greta Aurora
Example 71 - Shmufkin TV
Example 72 - Tara Babcock
Example 73 - Youtuber - ABitOfBritt
Example 74 - Xiaxue
Example 75 - Tori Hadley",PT10M,2d,hd,false,False,rectangular,processed,public,youtube,True,True,False,173,16,0,5,https://i.ytimg.com/vi/yhYU08X1DeM/sddefault.jpg,640.0,480.0,,,,"['Johnny Depp', 'Amber Heard', 'Gender Pay Gap', 'Equal Pay', 'Hillsborough disaster', 'Rupert Murdoch']",,
youtube#video,51ZiD3JN0q6YcjmVt_KkYbj4YxY,zw6Jhr8i1kQ,2020-11-09T16:02:10Z,UCJHzU1USjFcK0jnudBGBNCA,Grindelwald's Theme (Violin + Piano Cover) Fantastic Beasts,"Sign the petitions to help Jonny Depp: 
https://www.change.org/p/dc-entertainment-remove-amber-heard-from-aquaman-2 
https://www.change.org/p/l-or%C3%A9al-remove-amber-heard-as-l-oreal-spokesperson 
https://www.change.org/p/the-people-warner-bros-bring-johnny-depp-back-as-gellert-grindelwald 
https://www.change.org/p/walt-disney-we-want-johnny-depp-back-as-captain-jack-sparrow

Piano and violin cover improvisation inspired by Gellert Grindelwald's theme / ""The Thestral Chase"" / ""Relieve Him of His Wand"" from Fantastic Beasts: The Crimes of Grindelwald by James Newton Howard. Extended Version. Includes Hedwig's theme by John Williams.

üéπ Learn the music: https://goo.gl/7d8K5o 
üéµ Get the MP3: https://goo.gl/jrhpKE
üé∂ Synthesia Tutorial Video + MIDI file + MP3 file download: https://www.patreon.com/redcaio 
üîî Subscribe to RedCaio for amazing and unique arrangements of Hollywood's most popular and iconic Film Scores! https://www.youtube.com/user/RedCaio/?sub_confirmation=1

PLAYLISTS:
‚ñ∫Star Wars: https://www.youtube.com/playlist?list=PLgO4D_FHcHEFD3oxmS_qptTYsFWnhWKvZ
‚ñ∫John Williams: https://www.youtube.com/playlist?list=PLD143D3F61FA1FEF4
‚ñ∫Star Trek: https://www.youtube.com/playlist?list=PLgO4D_FHcHEGz8bJjjO-VLD792jj49Inc 
‚ñ∫Great Soundtracks: https://www.youtube.com/playlist?list=PLgO4D_FHcHEEPx2E96IPYInx1586aTKuJ
‚ñ∫James Newton Howard: https://www.youtube.com/playlist?list=PLgO4D_FHcHEG_JYGpauSmLjaunGLztvok
‚ñ∫Marvel/DC: https://www.youtube.com/playlist?list=PLBC1F7A79C2CC5B0A
‚ñ∫Zelda: https://www.youtube.com/playlist?list=PLgO4D_FHcHEEdEsk_voCqKWYlz-NrcC_b
‚ñ∫Fantastic Beasts+Harry Potter: https://www.youtube.com/playlist?list=PL2F569FDB62593F29
‚ñ∫Jurassic World: https://www.youtube.com/playlist?list=PLgO4D_FHcHEHqOuQqEDXkSxbOcFDQUgvu
‚ñ∫Halloween: https://www.youtube.com/playlist?list=PLgO4D_FHcHEHVcOIpREaOFf6WYaNaEU7B
‚ñ∫Discussion https://www.youtube.com/playlist?list=PLgO4D_FHcHEEeeVu99NBzAjOzTEI_XFlG

Gellert Grindelwald's Theme (Violin + Piano Cover) Fantastic Beasts: Crimes of Grindelwald

#JusticeForJohnnyDepp #FantasticBeasts #Grindelwald  
 #FantasticBeasts3 #JohnnyDepp 
Fantastic Beasts - The Crimes of Grindelwald soundtrack by James Newton Howard: 
1. The Thestral Chase 
2. Newt and Leta 
3. Dumbledore 
4. The Kelpie 
5. Newt and Jacob Pack for Paris
6. Nagini 
7. Newt Tracks Tina
8. Queenie Searches for Jacob 
9. Irma and the Obscurus
10. Blood Pact
11. Capturing the Zouwu 
12. Traveling to Hogwarts
13. Leta‚Äôs Flashback 
14. Salamander Eyes 
15. Matagots
16. Your Story is Our Story 
17. Leta‚Äôs Confession 
18. Vision of War 
19. Spread the Word
20. Wands into the Earth 
21. Restoring Your Name 
22. Fantastic Beasts: The Crimes of Grindelwald
23. Dumbledore‚Äôs Theme (Piano Solo)
24. Fantastic Beasts Theme (Piano Solo)
25. Leta‚Äôs Theme (Piano Solo) 

Composer: James Newton Howard https://www.youtube.com/channel/UCLmiAyjk0uFbhQkO5tHRhNg
Composer: John Williams https://www.youtube.com/channel/UCfv8TEQ44ej9uPGF-SNsDBA
Performer: RedCaio
Arranger: RedCaio 
Artist: RedCaio
Youtube channel: RedCaio https://www.youtube.com/user/RedCaio/?sub_confirmation=1
Video Editing: RedCaio
Footage Remixed: none",https://i.ytimg.com/vi/zw6Jhr8i1kQ/default.jpg,120,90,https://i.ytimg.com/vi/zw6Jhr8i1kQ/mqdefault.jpg,320,180,https://i.ytimg.com/vi/zw6Jhr8i1kQ/hqdefault.jpg,480,360,RedCaio,10,none,Grindelwald's Theme (Violin + Piano Cover) Fantastic Beasts,"Sign the petitions to help Jonny Depp: 
https://www.change.org/p/dc-entertainment-remove-amber-heard-from-aquaman-2 
https://www.change.org/p/l-or%C3%A9al-remove-amber-heard-as-l-oreal-spokesperson 
https://www.change.org/p/the-people-warner-bros-bring-johnny-depp-back-as-gellert-grindelwald 
https://www.change.org/p/walt-disney-we-want-johnny-depp-back-as-captain-jack-sparrow

Piano and violin cover improvisation inspired by Gellert Grindelwald's theme / ""The Thestral Chase"" / ""Relieve Him of His Wand"" from Fantastic Beasts: The Crimes of Grindelwald by James Newton Howard. Extended Version. Includes Hedwig's theme by John Williams.

üéπ Learn the music: https://goo.gl/7d8K5o 
üéµ Get the MP3: https://goo.gl/jrhpKE
üé∂ Synthesia Tutorial Video + MIDI file + MP3 file download: https://www.patreon.com/redcaio 
üîî Subscribe to RedCaio for amazing and unique arrangements of Hollywood's most popular and iconic Film Scores! https://www.youtube.com/user/RedCaio/?sub_confirmation=1

PLAYLISTS:
‚ñ∫Star Wars: https://www.youtube.com/playlist?list=PLgO4D_FHcHEFD3oxmS_qptTYsFWnhWKvZ
‚ñ∫John Williams: https://www.youtube.com/playlist?list=PLD143D3F61FA1FEF4
‚ñ∫Star Trek: https://www.youtube.com/playlist?list=PLgO4D_FHcHEGz8bJjjO-VLD792jj49Inc 
‚ñ∫Great Soundtracks: https://www.youtube.com/playlist?list=PLgO4D_FHcHEEPx2E96IPYInx1586aTKuJ
‚ñ∫James Newton Howard: https://www.youtube.com/playlist?list=PLgO4D_FHcHEG_JYGpauSmLjaunGLztvok
‚ñ∫Marvel/DC: https://www.youtube.com/playlist?list=PLBC1F7A79C2CC5B0A
‚ñ∫Zelda: https://www.youtube.com/playlist?list=PLgO4D_FHcHEEdEsk_voCqKWYlz-NrcC_b
‚ñ∫Fantastic Beasts+Harry Potter: https://www.youtube.com/playlist?list=PL2F569FDB62593F29
‚ñ∫Jurassic World: https://www.youtube.com/playlist?list=PLgO4D_FHcHEHqOuQqEDXkSxbOcFDQUgvu
‚ñ∫Halloween: https://www.youtube.com/playlist?list=PLgO4D_FHcHEHVcOIpREaOFf6WYaNaEU7B
‚ñ∫Discussion https://www.youtube.com/playlist?list=PLgO4D_FHcHEEeeVu99NBzAjOzTEI_XFlG

Gellert Grindelwald's Theme (Violin + Piano Cover) Fantastic Beasts: Crimes of Grindelwald

#JusticeForJohnnyDepp #FantasticBeasts #Grindelwald  
 #FantasticBeasts3 #JohnnyDepp 
Fantastic Beasts - The Crimes of Grindelwald soundtrack by James Newton Howard: 
1. The Thestral Chase 
2. Newt and Leta 
3. Dumbledore 
4. The Kelpie 
5. Newt and Jacob Pack for Paris
6. Nagini 
7. Newt Tracks Tina
8. Queenie Searches for Jacob 
9. Irma and the Obscurus
10. Blood Pact
11. Capturing the Zouwu 
12. Traveling to Hogwarts
13. Leta‚Äôs Flashback 
14. Salamander Eyes 
15. Matagots
16. Your Story is Our Story 
17. Leta‚Äôs Confession 
18. Vision of War 
19. Spread the Word
20. Wands into the Earth 
21. Restoring Your Name 
22. Fantastic Beasts: The Crimes of Grindelwald
23. Dumbledore‚Äôs Theme (Piano Solo)
24. Fantastic Beasts Theme (Piano Solo)
25. Leta‚Äôs Theme (Piano Solo) 

Composer: James Newton Howard https://www.youtube.com/channel/UCLmiAyjk0uFbhQkO5tHRhNg
Composer: John Williams https://www.youtube.com/channel/UCfv8TEQ44ej9uPGF-SNsDBA
Performer: RedCaio
Arranger: RedCaio 
Artist: RedCaio
Youtube channel: RedCaio https://www.youtube.com/user/RedCaio/?sub_confirmation=1
Video Editing: RedCaio
Footage Remixed: none",PT3M49S,2d,hd,false,True,rectangular,processed,public,youtube,True,True,False,1128,53,0,16,https://i.ytimg.com/vi/zw6Jhr8i1kQ/sddefault.jpg,640.0,480.0,https://i.ytimg.com/vi/zw6Jhr8i1kQ/maxresdefault.jpg,1280.0,720.0,"['redcaio', 'piano cover', 'violin cover', 'The Thestral Chase', 'Fantastic Beasts The Crimes of Grindelwald', 'fantastic beasts', ""Grindelwald's theme"", 'the thestral chase piano', 'crimes of grindelwald piano', 'grindelwald theme piano', 'james newton howard', 'synthesia', 'midi', 'harry potter', 'john williams', 'violin', 'Extended Version', 'fantastic beasts piano', ""hedwig's theme"", 'Grindelwald', 'gellert grindelwald speech', 'gellert grindelwald', 'crimes of grindelwald main title', ""grindelwald's escape scene""]",,
youtube#video,9gIw3yolhGbJZ-OE0mRluUPgb9I,__N8Suf8bu8,2018-06-22T14:41:44Z,UC_y9gvQ5D7jeZKslosQXVRw,Amber Heard | Change from Childhood to 32 Years Old,"Amber Laura Heard (born April 22, 1986) is an American actress. She made her film debut in 2004 in the sports drama Friday Night Lights. After small roles in North Country and Alpha Dog, Heard played her first leading role in All the Boys Love Mandy Lane (2006) and appeared in The CW television show Hidden Palms (2007).
Heard's breakthrough came in 2008 with roles in Never Back Down and Pineapple Express. She received the Breakthrough Award at Young Hollywood Awards. Her appearance in films such as The Informers, The Stepfather, Zombieland, and The Joneses brought her further attention. She next starred in John Carpenter's The Ward, alongside Nicolas Cage in Drive Angry, and alongside Johnny Depp in The Rum Diary, for which she won a Spotlight Award at the Hollywood Film Festival. In 2014 she appeared in 3 Days to Kill, and in 2015 in Magic Mike XXL and The Danish Girl. She played Mera in the 2017 superhero film Justice League, a role she will reprise in the 2018 film Aquaman. #AmberHeard

Music: 
Tobu - Caelum (http://7obu.com/downloads)",https://i.ytimg.com/vi/__N8Suf8bu8/default.jpg,120,90,https://i.ytimg.com/vi/__N8Suf8bu8/mqdefault.jpg,320,180,https://i.ytimg.com/vi/__N8Suf8bu8/hqdefault.jpg,480,360,TheOwlDotCom,24,none,Amber Heard | Change from Childhood to 32 Years Old,"Amber Laura Heard (born April 22, 1986) is an American actress. She made her film debut in 2004 in the sports drama Friday Night Lights. After small roles in North Country and Alpha Dog, Heard played her first leading role in All the Boys Love Mandy Lane (2006) and appeared in The CW television show Hidden Palms (2007).
Heard's breakthrough came in 2008 with roles in Never Back Down and Pineapple Express. She received the Breakthrough Award at Young Hollywood Awards. Her appearance in films such as The Informers, The Stepfather, Zombieland, and The Joneses brought her further attention. She next starred in John Carpenter's The Ward, alongside Nicolas Cage in Drive Angry, and alongside Johnny Depp in The Rum Diary, for which she won a Spotlight Award at the Hollywood Film Festival. In 2014 she appeared in 3 Days to Kill, and in 2015 in Magic Mike XXL and The Danish Girl. She played Mera in the 2017 superhero film Justice League, a role she will reprise in the 2018 film Aquaman. #AmberHeard

Music: 
Tobu - Caelum (http://7obu.com/downloads)",PT3M27S,2d,hd,false,False,rectangular,processed,public,youtube,True,False,False,264,1,0,0,https://i.ytimg.com/vi/__N8Suf8bu8/sddefault.jpg,640.0,480.0,https://i.ytimg.com/vi/__N8Suf8bu8/maxresdefault.jpg,1280.0,720.0,"['Amber Heard', 'Amber Heard childhood', 'amber heard perfect', 'amber heard hot', 'amber heard aquaman', 'amber heard photoshoot', 'slideshow', 'amber heard paparazzi', 'amber heard 2017', 'amber heard 2018', 'amber', 'heard', 'amberheard', ""Children's photos of celebrities"", 'amber heard children', 'Amber Laura Heard', 'Amber Heard wiki', 'Wonderful Actor', 'young Amber Heard', 'then and now', 'before after', 'Amber Heard now']",,
