kind,etag,id,snippet.publishedAt,snippet.channelId,snippet.title,snippet.description,snippet.thumbnails.default.url,snippet.thumbnails.default.width,snippet.thumbnails.default.height,snippet.thumbnails.medium.url,snippet.thumbnails.medium.width,snippet.thumbnails.medium.height,snippet.thumbnails.high.url,snippet.thumbnails.high.width,snippet.thumbnails.high.height,snippet.channelTitle,snippet.tags,snippet.categoryId,snippet.liveBroadcastContent,snippet.defaultLanguage,snippet.localized.title,snippet.localized.description,snippet.defaultAudioLanguage,contentDetails.duration,contentDetails.dimension,contentDetails.definition,contentDetails.caption,contentDetails.licensedContent,contentDetails.projection,status.uploadStatus,status.privacyStatus,status.license,status.embeddable,status.publicStatsViewable,status.madeForKids,statistics.viewCount,statistics.likeCount,statistics.favoriteCount,statistics.commentCount,snippet.thumbnails.standard.url,snippet.thumbnails.standard.width,snippet.thumbnails.standard.height,snippet.thumbnails.maxres.url,snippet.thumbnails.maxres.width,snippet.thumbnails.maxres.height
youtube#video,HYLCwS4rDGnubhvqkrsMitRLvQs,94pEs8_cmAk,2021-11-07T13:45:00Z,UCAmaiEYnoTgj-dmjp8DpepQ,Amber Heard DESTROYED Channing Tatum's Career - Tatum BACKED Amber Over Johnny Depp | The Gossipy,"Amber Heard DESTROYED Channing Tatum's Career - Tatum BACKED Amber Over Johnny Depp | The Gossipy

With the initial court date being pushed back, Johnny Depp and Amber Heard have been given some more time in order to gather more evidence for their individual cases. For quite some time, the two were firing evidence at each other in order to win in court. 

Ever since the recent release of the footage of the LAPD officers from the penthouse night of Amber Heard and Johnny Depp, things have not been looking all too bright for Amber Heard. Her team has been working tirelessly in order to back up her side, however Johnny Depp seems to have made the attempt to strike back.

#JohnnyDepp #AMBERHEARD
----------------------------------------------------------------------------------------------

Welcome to The Gossipy. We make interesting videos about Hollywood in English. We give you a closer look in the lives of celebrities like Kanye West, Ed Sheeran, The Rock, Jay Z, Selena Gomez, Kylie Jenner, Kim Kardashian, Rihanna and 100s more.

We tell you interesting things about these Hollywood celebrities that you may have never heard before.
Subscribe - https://www.youtube.com/channel/UCAmaiEYnoTgj-dmjp8DpepQ?sub_confirmation=1
''THE CHANNEL GOAL IS TO GET ALL THE YOU TUBE PLAY BUTTONS"". So please do subscribe to our channel to be a part of The Gossipy community, It is really important to grow together as a family and "" we promise you, we will not let you down"".

Cheers!",https://i.ytimg.com/vi/94pEs8_cmAk/default.jpg,120,90,https://i.ytimg.com/vi/94pEs8_cmAk/mqdefault.jpg,320,180,https://i.ytimg.com/vi/94pEs8_cmAk/hqdefault.jpg,480,360,The Gossipy,"['The Gossipy', 'celebrity craze', 'celebrity', 'amber heard interview', 'amber heard', 'johnny depp', 'amber heard johnny depp', 'johnny depp amber heard', 'viral vision', 'celebrity news', 'clevver news', 'this happened', 'informoverload', 'inform overload', 'information overload', 'entertainment news', 'crazed culture', 'that umbrella guy', 'umbrella guy', 'thatumbrellaguy', 'hollywood life', ""Amber Heard DESTROYED Channing Tatum's Career - Tatum BACKED Amber Over Johnny Depp"", 'celeb news', 'hollywood news', 'aquaman']",24,none,en-US,Amber Heard DESTROYED Channing Tatum's Career - Tatum BACKED Amber Over Johnny Depp | The Gossipy,"Amber Heard DESTROYED Channing Tatum's Career - Tatum BACKED Amber Over Johnny Depp | The Gossipy

With the initial court date being pushed back, Johnny Depp and Amber Heard have been given some more time in order to gather more evidence for their individual cases. For quite some time, the two were firing evidence at each other in order to win in court. 

Ever since the recent release of the footage of the LAPD officers from the penthouse night of Amber Heard and Johnny Depp, things have not been looking all too bright for Amber Heard. Her team has been working tirelessly in order to back up her side, however Johnny Depp seems to have made the attempt to strike back.

#JohnnyDepp #AMBERHEARD
----------------------------------------------------------------------------------------------

Welcome to The Gossipy. We make interesting videos about Hollywood in English. We give you a closer look in the lives of celebrities like Kanye West, Ed Sheeran, The Rock, Jay Z, Selena Gomez, Kylie Jenner, Kim Kardashian, Rihanna and 100s more.

We tell you interesting things about these Hollywood celebrities that you may have never heard before.
Subscribe - https://www.youtube.com/channel/UCAmaiEYnoTgj-dmjp8DpepQ?sub_confirmation=1
''THE CHANNEL GOAL IS TO GET ALL THE YOU TUBE PLAY BUTTONS"". So please do subscribe to our channel to be a part of The Gossipy community, It is really important to grow together as a family and "" we promise you, we will not let you down"".

Cheers!",en-US,PT8M6S,2d,hd,false,True,rectangular,processed,public,youtube,True,True,False,1224,17,0,2,,,,,,
youtube#video,NBGAfQ5uwuEkqu_7vN4_n1xPdhk,Bg6KQmuF9-0,2021-12-28T19:00:11Z,UCRht6brEw1f977jwQj1xQ4g,He did a Voice Over for a P0rno üîû - with Luke and Amber,"Full Happy Hour Live with Luke & Amber: https://youtu.be/yuHoXjR_Ju0

Get exclusive content, early access to videos and more by joining me on Patreon: https://patreon.com/paultaylor

Come see me live: https://paultaylorcomedy.com/tickets

https://www.facebook.com/ptcomedy
http://instagram.com/ptcomedy
https://twitter.com/ptcomedy",https://i.ytimg.com/vi/Bg6KQmuF9-0/default.jpg,120,90,https://i.ytimg.com/vi/Bg6KQmuF9-0/mqdefault.jpg,320,180,https://i.ytimg.com/vi/Bg6KQmuF9-0/hqdefault.jpg,480,360,Paul Taylor's Happy Hour Live,"['Paul Taylor Happy Hour', 'paul taylor', 'happy hour live', 'voice over', 'luke thompson', 'amber minogue', 'porno', 'porno voice over', 'voice over porn']",23,none,en-GB,He did a Voice Over for a P0rno üîû - with Luke and Amber,"Full Happy Hour Live with Luke & Amber: https://youtu.be/yuHoXjR_Ju0

Get exclusive content, early access to videos and more by joining me on Patreon: https://patreon.com/paultaylor

Come see me live: https://paultaylorcomedy.com/tickets

https://www.facebook.com/ptcomedy
http://instagram.com/ptcomedy
https://twitter.com/ptcomedy",en-GB,PT5M20S,2d,hd,true,True,rectangular,processed,public,youtube,True,True,False,1754,84,0,3,,,,,,
youtube#video,_zoVjUdwtWUOOQI6tBrct5rnq8I,DwsYVB4xuyw,2021-05-08T15:45:00Z,UCWxHNx_zFj4t9Dfn4Zx5ovg,Why did people start to dislike Amber?,"In this video we go over why people started to dislike / hate #Amber from #Invincible and see if there is anything we can do to remedy it.


üê¶Twitter ‚ñ∫https://twitter.com/MellowFellow626
Art by Sul Twitter ‚ñ∫https://twitter.com/cosmosully
Outro Song‚ñ∫https://www.youtube.com/watch?v=v75FB-BhWpg&list=PLHrP90_V9JNATNg4w0kriJZEDbv9YZsO8&index=58

FAIR USE NOTICE
This video may contain copyrighted material; the use of which has not been specifically authorized by the copyright owner. We are making such material available for the purposes of criticism, comment, review and news reporting which constitute the 'fair use' of any such copyrighted material as provided for in section 107 of the US Copyright Law. Not withstanding the provisions of sections 106 and 106A, the fair use of a copyrighted work for purposes such as criticism, comment, review and news reporting is not an infringement of copyright.",https://i.ytimg.com/vi/DwsYVB4xuyw/default.jpg,120,90,https://i.ytimg.com/vi/DwsYVB4xuyw/mqdefault.jpg,320,180,https://i.ytimg.com/vi/DwsYVB4xuyw/hqdefault.jpg,480,360,Mello Vibez,['invincible'],24,none,,Why did people start to dislike Amber?,"In this video we go over why people started to dislike / hate #Amber from #Invincible and see if there is anything we can do to remedy it.


üê¶Twitter ‚ñ∫https://twitter.com/MellowFellow626
Art by Sul Twitter ‚ñ∫https://twitter.com/cosmosully
Outro Song‚ñ∫https://www.youtube.com/watch?v=v75FB-BhWpg&list=PLHrP90_V9JNATNg4w0kriJZEDbv9YZsO8&index=58

FAIR USE NOTICE
This video may contain copyrighted material; the use of which has not been specifically authorized by the copyright owner. We are making such material available for the purposes of criticism, comment, review and news reporting which constitute the 'fair use' of any such copyrighted material as provided for in section 107 of the US Copyright Law. Not withstanding the provisions of sections 106 and 106A, the fair use of a copyrighted work for purposes such as criticism, comment, review and news reporting is not an infringement of copyright.",,PT7M29S,2d,hd,false,True,rectangular,processed,public,youtube,True,True,False,628081,36195,0,7194,https://i.ytimg.com/vi/DwsYVB4xuyw/sddefault.jpg,640.0,480.0,https://i.ytimg.com/vi/DwsYVB4xuyw/maxresdefault.jpg,1280.0,720.0
youtube#video,Of7wdrDR-lrE0Uo6QotzFexSV_Y,Ec4vIbomLb8,2021-02-06T20:31:51Z,UCYwWArsuRZoZ94V7F3pXKGQ,I'm so scared of Amber Heard!,Help me!! I'm fucking afraid of that creepy bimbo!!! #johnnydepp #AmberHeard #marilynmanson #doublestandard.,https://i.ytimg.com/vi/Ec4vIbomLb8/default.jpg,120,90,https://i.ytimg.com/vi/Ec4vIbomLb8/mqdefault.jpg,320,180,https://i.ytimg.com/vi/Ec4vIbomLb8/hqdefault.jpg,480,360,Williany Amill,,22,none,,I'm so scared of Amber Heard!,Help me!! I'm fucking afraid of that creepy bimbo!!! #johnnydepp #AmberHeard #marilynmanson #doublestandard.,,PT2M8S,2d,hd,false,False,rectangular,processed,public,youtube,True,True,False,146,9,0,1,https://i.ytimg.com/vi/Ec4vIbomLb8/sddefault.jpg,640.0,480.0,https://i.ytimg.com/vi/Ec4vIbomLb8/maxresdefault.jpg,1280.0,720.0
youtube#video,SuG1y8zbQ1emImgRQ0jM2UzlbTc,ewft19dOQuE,2020-07-10T12:10:15Z,UC3qdAuPk7Xd0TtX_1K-5i9Q,JOHNNY DEPP and Amber Heard back IN COURT; BILLIE EILISH almost went to THERAPY; Tinder dates online,"It‚Äôs teen spirit news! Few minutes of coolest news in the world of YouTube, games, technology, movies and music! Like, subscribe and let‚Äôs go!

In this video:
Johnny Depp and Amber Heard back in court 00:23
Billie Eilish nearly went to therapy over her Justin Bieber obsession 1:39
Tinder starts testing video dates 2:26

#TSNews #JohnnyDepp #BillieEilish",https://i.ytimg.com/vi/ewft19dOQuE/default.jpg,120,90,https://i.ytimg.com/vi/ewft19dOQuE/mqdefault.jpg,320,180,https://i.ytimg.com/vi/ewft19dOQuE/hqdefault.jpg,480,360,Teen Spirit News,"['amber heard', 'johnny depp amber heard', 'Johnny Depp', 'amber heard johnny depp', 'johnny depp defamation suit', 'amber heard abusive to johnny depp', 'Johnny Depp Court', 'Billie Eilish', 'justin bieber', 'as long as you love me', 'US news', 'hollywood news', 'celebrity news', 'entertainment', 'Tinder', 'online dating', 'billie eilish justin bieber', 'tinder date', 'hollywood', 'celebrity']",24,none,en,JOHNNY DEPP and Amber Heard back IN COURT; BILLIE EILISH almost went to THERAPY; Tinder dates online,"It‚Äôs teen spirit news! Few minutes of coolest news in the world of YouTube, games, technology, movies and music! Like, subscribe and let‚Äôs go!

In this video:
Johnny Depp and Amber Heard back in court 00:23
Billie Eilish nearly went to therapy over her Justin Bieber obsession 1:39
Tinder starts testing video dates 2:26

#TSNews #JohnnyDepp #BillieEilish",ru,PT3M17S,2d,hd,false,False,rectangular,processed,public,youtube,True,True,False,628,7,0,0,https://i.ytimg.com/vi/ewft19dOQuE/sddefault.jpg,640.0,480.0,https://i.ytimg.com/vi/ewft19dOQuE/maxresdefault.jpg,1280.0,720.0
youtube#video,aTufgevw3_yX-44R1mbrDD-J0aM,Fl3WXIx87r8,2015-11-13T21:50:35Z,UCCHPcAPFxs_g7UY5GFphJqg,Overhaulin‚Äô | Foose finishes a ‚Äô68 Mustang,"Overhaulin‚Äô got into Depp with Amber Heard‚Äôs ‚Äô68 Mustang. Watch as Amber‚Äôs Foose-improved vintage baby leaves her wondering if it‚Äôs legal.

Overhaulin‚Äô airs on Thursday 9ET.

 
For more, visit http://www.discoveryvelocity.ca/",https://i.ytimg.com/vi/Fl3WXIx87r8/default.jpg,120,90,https://i.ytimg.com/vi/Fl3WXIx87r8/mqdefault.jpg,320,180,https://i.ytimg.com/vi/Fl3WXIx87r8/hqdefault.jpg,480,360,Discovery Canada,"['Chip', 'Foose', 'Luxury', 'Johnny Depp', 'David Heard', 'Amber Heard', '‚Äô68 Mustang', 'Arianny', 'Chris', 'Restoration', 'Classic Car', 'Vintage', '5.0 Mustang Coyote Motor']",28,none,,Overhaulin‚Äô | Foose finishes a ‚Äô68 Mustang,"Overhaulin‚Äô got into Depp with Amber Heard‚Äôs ‚Äô68 Mustang. Watch as Amber‚Äôs Foose-improved vintage baby leaves her wondering if it‚Äôs legal.

Overhaulin‚Äô airs on Thursday 9ET.

 
For more, visit http://www.discoveryvelocity.ca/",,PT41S,2d,hd,false,True,rectangular,processed,public,youtube,True,False,False,317512,866,0,77,https://i.ytimg.com/vi/Fl3WXIx87r8/sddefault.jpg,640.0,480.0,https://i.ytimg.com/vi/Fl3WXIx87r8/maxresdefault.jpg,1280.0,720.0
youtube#video,1dv2M2UpYFnlgG1kbSBFlMG4IS0,gfhqW5suyDI,2015-04-18T00:20:03Z,UCbp3fkS6cxI1aekmIPIDCGg,"Amber Heard sings ""Montreal"" (When I Live My Life Over Again)","Follow us on Twitter: https://www.twitter.com/AmberHeardBRA, check our Tumblr: https://www.amberheardbrasil.tumblr.com and Facebook: https://www.facebook.com/AmberHeardBR

Original Song from the Motion Picture WHEN I LIVE MY LIFE OVER AGAIN

Peformed by: Amber Heard
Music by : Joe McGinty
Lyrics by: Robert Edwards",https://i.ytimg.com/vi/gfhqW5suyDI/default.jpg,120,90,https://i.ytimg.com/vi/gfhqW5suyDI/mqdefault.jpg,320,180,https://i.ytimg.com/vi/gfhqW5suyDI/hqdefault.jpg,480,360,Amber Heard,"['Amber Heard', 'When I Live My Life Over Again', 'Amber Heard singing', 'Amber Heard When I Live My Life Over Again', 'Amber Heard Montreal']",22,none,,"Amber Heard sings ""Montreal"" (When I Live My Life Over Again)","Follow us on Twitter: https://www.twitter.com/AmberHeardBRA, check our Tumblr: https://www.amberheardbrasil.tumblr.com and Facebook: https://www.facebook.com/AmberHeardBR

Original Song from the Motion Picture WHEN I LIVE MY LIFE OVER AGAIN

Peformed by: Amber Heard
Music by : Joe McGinty
Lyrics by: Robert Edwards",,PT3M43S,2d,sd,false,False,rectangular,processed,public,youtube,True,True,False,41336,386,0,92,https://i.ytimg.com/vi/gfhqW5suyDI/sddefault.jpg,640.0,480.0,,,
youtube#video,ZtX2qEy0Lafolp74Mfgt53t7TN0,H-zgySw8r6Q,2021-03-25T18:14:31Z,UCxvE6krmQKUsfekdbgvzuZw,BRUTAL Loss For Johnny Depp! Amber Heard LAUGHS As Depp Career Is OVER! UK Court REJECTS Appeal!,"The Hollywood actor Johnny Depp has lost an attempt to overturn a damning high court ruling that concluded he ""hurt"" his ex-wife Amber Heard and left her in fear for her life.

NEW VIDEO ON SECOND CHANNEL: https://bit.ly/mannixplus
FOLLOW ME ON TWITTER @SirMannix",https://i.ytimg.com/vi/H-zgySw8r6Q/default.jpg,120,90,https://i.ytimg.com/vi/H-zgySw8r6Q/mqdefault.jpg,320,180,https://i.ytimg.com/vi/H-zgySw8r6Q/hqdefault.jpg,480,360,Mannix,,20,none,,BRUTAL Loss For Johnny Depp! Amber Heard LAUGHS As Depp Career Is OVER! UK Court REJECTS Appeal!,"The Hollywood actor Johnny Depp has lost an attempt to overturn a damning high court ruling that concluded he ""hurt"" his ex-wife Amber Heard and left her in fear for her life.

NEW VIDEO ON SECOND CHANNEL: https://bit.ly/mannixplus
FOLLOW ME ON TWITTER @SirMannix",,PT8M6S,2d,hd,false,True,rectangular,processed,public,youtube,True,True,False,12270,1313,0,245,https://i.ytimg.com/vi/H-zgySw8r6Q/sddefault.jpg,640.0,480.0,https://i.ytimg.com/vi/H-zgySw8r6Q/maxresdefault.jpg,1280.0,720.0
youtube#video,gGB_L-jwnpsFVKsnAAQXLP1PDmM,H2Qib4YgOHI,2016-08-15T16:26:07Z,UCgmm9EOCJ5a7QH8OWLlLXtA,Vertelt Amber Heard de waarheid over Johnny Depp?,Amber Heard heeft in de scheindingszaak tegen haar man Johnny Depp geclaimt mishandeld te zijn. Een opgedoken video lijkt het bewijs te zijn.,https://i.ytimg.com/vi/H2Qib4YgOHI/default.jpg,120,90,https://i.ytimg.com/vi/H2Qib4YgOHI/mqdefault.jpg,320,180,https://i.ytimg.com/vi/H2Qib4YgOHI/hqdefault.jpg,480,360,Zoomin.TV Nederland,"['amber heard', 'Johnny Depp', 'mishandeling', 'scheiding', 'tmz', 'video']",1,none,,Vertelt Amber Heard de waarheid over Johnny Depp?,Amber Heard heeft in de scheindingszaak tegen haar man Johnny Depp geclaimt mishandeld te zijn. Een opgedoken video lijkt het bewijs te zijn.,,PT1M2S,2d,hd,false,True,rectangular,processed,public,youtube,True,True,False,419,0,0,0,https://i.ytimg.com/vi/H2Qib4YgOHI/sddefault.jpg,640.0,480.0,https://i.ytimg.com/vi/H2Qib4YgOHI/maxresdefault.jpg,1280.0,720.0
youtube#video,XrsdPLUAnrs46LoRC6m5NqIdxSE,igj5XTM7-_c,2021-12-22T22:54:38Z,UCbRm0a7kxIjAbKzDswQ3xBA,Johnny Depp's former bandmate says Amber Heard 'f***ed his career over' and drove him to abuse drugs,"Thank you for watching video!
Subscribe to our channel for more latest videos!
CLICK HERE TO SUBSCRIBE: https://bit.ly/3BkCunh

Johnny Depp's former bandmate says Amber Heard 'f***ed his career over' and drove him to abuse drugs72 336897",https://i.ytimg.com/vi/igj5XTM7-_c/default.jpg,120,90,https://i.ytimg.com/vi/igj5XTM7-_c/mqdefault.jpg,320,180,https://i.ytimg.com/vi/igj5XTM7-_c/hqdefault.jpg,480,360,Channel Star,"['dailymail', 'tvshowbiz', 'Johnny Depp', 'Amber Heard']",22,none,en-GB,Johnny Depp's former bandmate says Amber Heard 'f***ed his career over' and drove him to abuse drugs,"Thank you for watching video!
Subscribe to our channel for more latest videos!
CLICK HERE TO SUBSCRIBE: https://bit.ly/3BkCunh

Johnny Depp's former bandmate says Amber Heard 'f***ed his career over' and drove him to abuse drugs72 336897",en-GB,PT5M46S,2d,hd,false,False,rectangular,processed,public,youtube,True,True,False,61,2,0,0,,,,,,
youtube#video,2gA4H1SlJkiNkWCCvW3E0UHQ1jQ,jfPGb0WJrEo,2019-09-09T17:06:52Z,UCZuCGbJ9abM-ZBkaUTHIrXw,Amber Heard e le Accuse di Violenza: Anatomia di una Bugia - DOPPIATO ITA,"Video, testi, montaggio e grafica di
Brian McPherson
https://youtu.be/mN1B-H7i0nE

Brian su Twitter
https://twitter.com/thatbrianfella

Doppiaggio italiano di
Andrea Franchini
a cura di
Emily Renon
per IFOD: Italian Fans Of Depp

Playlist completa di Brian McPherson
https://youtu.be/mN1B-H7i0nE",https://i.ytimg.com/vi/jfPGb0WJrEo/default.jpg,120,90,https://i.ytimg.com/vi/jfPGb0WJrEo/mqdefault.jpg,320,180,https://i.ytimg.com/vi/jfPGb0WJrEo/hqdefault.jpg,480,360,IFOD,"['amber heard', 'johnny depp', 'doppiaggio', 'italiano', 'me too', ""time's up"", 'aquaman', 'jack sparrow', 'animali fanstastici', 'loreal', 'violenza domestica', 'violenza', 'violenza sulle donne', 'donne', 'femminismo', 'femminista']",1,none,,Amber Heard e le Accuse di Violenza: Anatomia di una Bugia - DOPPIATO ITA,"Video, testi, montaggio e grafica di
Brian McPherson
https://youtu.be/mN1B-H7i0nE

Brian su Twitter
https://twitter.com/thatbrianfella

Doppiaggio italiano di
Andrea Franchini
a cura di
Emily Renon
per IFOD: Italian Fans Of Depp

Playlist completa di Brian McPherson
https://youtu.be/mN1B-H7i0nE",,PT51M15S,2d,hd,false,False,rectangular,processed,public,youtube,True,True,False,10108,333,0,38,https://i.ytimg.com/vi/jfPGb0WJrEo/sddefault.jpg,640.0,480.0,https://i.ytimg.com/vi/jfPGb0WJrEo/maxresdefault.jpg,1280.0,720.0
youtube#video,dQDCGAsF2QTVhDCerIyWwNcSqOY,KT4Dib0IWEg,2020-12-15T21:55:16Z,UCMrpRnyBJhgVBy3rm0K4P5w,Amber Heard LOVES nerds! Desperate to win over comic fans!,"While Johnny Depp is having a hard time, Heard is doing just fine! Working with royalty, getting paid thousands for public speaking, and now shooting scene for The Snyder Cut! Word is Warner wants her to be as big as Wonder Woman! But can she win over comic fans? She thinks so!

‚ñ∫Check out my store: https://teespring.com/stores/yellowflash-merch

‚ñ∫Check out my Patreon: https://www.patreon.com/yellowflashcomics

‚ñ∫Check out my Twitch: https://www.twitch.tv/yellowflashtwo

‚ñ∫Follow me on Twitter: @yellowflashguy

‚ñ∫Follow me on Parler: https://parler.com/profile/YellowFlash
#AmberHeard #JohnnyDepp #JusticeForJohnny",https://i.ytimg.com/vi/KT4Dib0IWEg/default.jpg,120,90,https://i.ytimg.com/vi/KT4Dib0IWEg/mqdefault.jpg,320,180,https://i.ytimg.com/vi/KT4Dib0IWEg/hqdefault.jpg,480,360,YellowFlash 2,"['The YellowFlash', 'YellowFlashGuy', 'YellowFlash', 'Yellow Flash', 'YellowFlash 2', 'Yellow Flash 2', 'YellowFlash2', 'hollywood', 'commentary', 'Johnny Depp', 'Amber Heard', 'Johnny Depp Amber Heard', 'Amber Heard Johnny Depp', 'Amber Heard Aquaman', 'Amber Head Aquaman 2', 'Aquaman 2', 'pirates of the caribbean', 'Amber Heard audio', 'Amber Heard Johnny Depp audio', 'Fantastic Beasts 3', 'Johnny Depp Fired', 'Harry Potter', 'Hollywood', 'Depp', 'Gellert Grindelwald', 'Warner', 'JK Rowling', 'DCEU', 'Wonder Woman', 'Wonder Woman 1984', 'Mera']",24,none,,Amber Heard LOVES nerds! Desperate to win over comic fans!,"While Johnny Depp is having a hard time, Heard is doing just fine! Working with royalty, getting paid thousands for public speaking, and now shooting scene for The Snyder Cut! Word is Warner wants her to be as big as Wonder Woman! But can she win over comic fans? She thinks so!

‚ñ∫Check out my store: https://teespring.com/stores/yellowflash-merch

‚ñ∫Check out my Patreon: https://www.patreon.com/yellowflashcomics

‚ñ∫Check out my Twitch: https://www.twitch.tv/yellowflashtwo

‚ñ∫Follow me on Twitter: @yellowflashguy

‚ñ∫Follow me on Parler: https://parler.com/profile/YellowFlash
#AmberHeard #JohnnyDepp #JusticeForJohnny",,PT6M10S,2d,hd,false,True,rectangular,processed,public,youtube,True,True,False,31770,2334,0,792,https://i.ytimg.com/vi/KT4Dib0IWEg/sddefault.jpg,640.0,480.0,https://i.ytimg.com/vi/KT4Dib0IWEg/maxresdefault.jpg,1280.0,720.0
youtube#video,9AqLPYJPV0cXDGCqjwHTRyomYrg,KVMgIn7I4qs,2021-12-26T12:45:02Z,UCP0LkgXFM4PnWoPSGttjWrw,James Franco to be deposed over alleged Amber Heard affair as @ccusers claim he ‚Äòdownplayed‚Äô,"-Thank you for watching the video
-Help me like + follow this channel + share this video
-Thank you very much",https://i.ytimg.com/vi/KVMgIn7I4qs/default.jpg,120,90,https://i.ytimg.com/vi/KVMgIn7I4qs/mqdefault.jpg,320,180,https://i.ytimg.com/vi/KVMgIn7I4qs/hqdefault.jpg,480,360,Celebrity-News,"['Patricia Heaton', 'Christina Haack', 'Meghan Markle', 'Prince Harry', 'Tristan Thompson', 'William Smith', 'Jennifer Lopez', 'Ben Affleck', 'Ricky Gervais']",22,none,,James Franco to be deposed over alleged Amber Heard affair as @ccusers claim he ‚Äòdownplayed‚Äô,"-Thank you for watching the video
-Help me like + follow this channel + share this video
-Thank you very much",,PT2M10S,2d,hd,false,False,rectangular,processed,public,youtube,True,True,False,30,0,0,0,,,,,,
youtube#video,a4TB5whKMyREfYc7SWkGE1XL8kw,n4TSPkj3ZZk,2021-11-08T16:45:01Z,UCAmaiEYnoTgj-dmjp8DpepQ,Amber Heard BUSTED BY THE JUDGE - HER CAREER IS OVER AS SPONSORS TURN ON AMBER | The Gossipy,"Amber Heard BUSTED BY THE JUDGE - HER CAREER IS OVER AS SPONSORS TURN ON AMBER | The Gossipy

With the initial court date being pushed back, Johnny Depp and Amber Heard have been given some more time in order to gather more evidence for their individual cases. For quite some time, the two were firing evidence at each other in order to win in court. 

Ever since the recent release of the footage of the LAPD officers from the penthouse night of Amber Heard and Johnny Depp, things have not been looking all too bright for Amber Heard. Her team has been working tirelessly in order to back up her side, however Johnny Depp seems to have made the attempt to strike back.

#JohnnyDepp #AMBERHEARD
----------------------------------------------------------------------------------------------

Welcome to The Gossipy. We make interesting videos about Hollywood in English. We give you a closer look in the lives of celebrities like Kanye West, Ed Sheeran, The Rock, Jay Z, Selena Gomez, Kylie Jenner, Kim Kardashian, Rihanna and 100s more.

We tell you interesting things about these Hollywood celebrities that you may have never heard before.
Subscribe - https://www.youtube.com/channel/UCAmaiEYnoTgj-dmjp8DpepQ?sub_confirmation=1
''THE CHANNEL GOAL IS TO GET ALL THE YOU TUBE PLAY BUTTONS"". So please do subscribe to our channel to be a part of The Gossipy community, It is really important to grow together as a family and "" we promise you, we will not let you down"".

Cheers!",https://i.ytimg.com/vi/n4TSPkj3ZZk/default.jpg,120,90,https://i.ytimg.com/vi/n4TSPkj3ZZk/mqdefault.jpg,320,180,https://i.ytimg.com/vi/n4TSPkj3ZZk/hqdefault.jpg,480,360,The Gossipy,"['The Gossipy', 'celebrity craze', 'celebrity', 'amber heard interview', 'amber heard', 'johnny depp', 'amber heard johnny depp', 'johnny depp amber heard', 'viral vision', 'celebrity news', 'clevver news', 'this happened', 'informoverload', 'inform overload', 'information overload', 'entertainment news', 'crazed culture', 'that umbrella guy', 'umbrella guy', 'thatumbrellaguy', 'hollywood life', 'Amber Heard BUSTED BY THE JUDGE - HER CAREER IS OVER AS SPONSORS TURN ON AMBER', 'celeb news', 'hollywood news', 'celeb gossips']",24,none,en-US,Amber Heard BUSTED BY THE JUDGE - HER CAREER IS OVER AS SPONSORS TURN ON AMBER | The Gossipy,"Amber Heard BUSTED BY THE JUDGE - HER CAREER IS OVER AS SPONSORS TURN ON AMBER | The Gossipy

With the initial court date being pushed back, Johnny Depp and Amber Heard have been given some more time in order to gather more evidence for their individual cases. For quite some time, the two were firing evidence at each other in order to win in court. 

Ever since the recent release of the footage of the LAPD officers from the penthouse night of Amber Heard and Johnny Depp, things have not been looking all too bright for Amber Heard. Her team has been working tirelessly in order to back up her side, however Johnny Depp seems to have made the attempt to strike back.

#JohnnyDepp #AMBERHEARD
----------------------------------------------------------------------------------------------

Welcome to The Gossipy. We make interesting videos about Hollywood in English. We give you a closer look in the lives of celebrities like Kanye West, Ed Sheeran, The Rock, Jay Z, Selena Gomez, Kylie Jenner, Kim Kardashian, Rihanna and 100s more.

We tell you interesting things about these Hollywood celebrities that you may have never heard before.
Subscribe - https://www.youtube.com/channel/UCAmaiEYnoTgj-dmjp8DpepQ?sub_confirmation=1
''THE CHANNEL GOAL IS TO GET ALL THE YOU TUBE PLAY BUTTONS"". So please do subscribe to our channel to be a part of The Gossipy community, It is really important to grow together as a family and "" we promise you, we will not let you down"".

Cheers!",en-US,PT8M11S,2d,hd,false,True,rectangular,processed,public,youtube,True,True,False,1524,46,0,9,,,,,,
youtube#video,vlI2_TXywcQKtsyfmeDB_wsV8pw,nU6lnBUiFaM,2016-04-26T21:30:15Z,UCj6iVt0NLGyj406r2kD161g,Amber Heard Through the Years,A look at actress Amber Head's beauty transformation through the years.,https://i.ytimg.com/vi/nU6lnBUiFaM/default.jpg,120,90,https://i.ytimg.com/vi/nU6lnBUiFaM/mqdefault.jpg,320,180,https://i.ytimg.com/vi/nU6lnBUiFaM/hqdefault.jpg,480,360,InStyle,"['Amber Heard', 'Johnny Depp', 'Beauty', 'Style', 'Fashion']",22,none,,Amber Heard Through the Years,A look at actress Amber Head's beauty transformation through the years.,,PT55S,2d,hd,false,True,rectangular,processed,public,youtube,True,True,False,468,2,0,2,https://i.ytimg.com/vi/nU6lnBUiFaM/sddefault.jpg,640.0,480.0,https://i.ytimg.com/vi/nU6lnBUiFaM/maxresdefault.jpg,1280.0,720.0
youtube#video,-e78mErshT7vaeZ2hd3d8_IpGf8,O6oCxRFNoRY,2020-09-20T19:25:27Z,UCAk03rcNVtLK1_LlgRTOh2w,AMBER HEARD Is LYING About Her $7 million DONATION To Charity,"Johnny Depp gave Amber Heard $7 million and she is lying about her donation to charity!!

Amber Heard says the money she got from her settlement with Johnny was donated to charity as agreed but now it looks like she is lying about that too.

Thanks for watching!!

Hit that Subscribe Button for more News & Entertainment.

Any extra support for the channel would be awesome, patreon is below but hey i'm gonna create videos for you no matter what.
https://www.patreon.com/user?u=21166375

Have an awesome day!

Let‚Äôs connect:

Instagram ‚Äì Stevie_j_Reviews

Twitter - https://twitter.com/StevieJReviews

THANKS FOR WATCHING!!
#AmberHeardCharity #AmberHeardLies #JohnnyDepp",https://i.ytimg.com/vi/O6oCxRFNoRY/default.jpg,120,90,https://i.ytimg.com/vi/O6oCxRFNoRY/mqdefault.jpg,320,180,https://i.ytimg.com/vi/O6oCxRFNoRY/hqdefault.jpg,480,360,Stevie J Raw,"['stevie j raw', 'AMBER HEARD Is LYING About Her $7 million DONATION To Charity', 'amber heard donations', 'amber heard donations to charity', 'amber heard johnny depp settlement', 'amber heard lies', 'johnny depp defamation', 'amber heard', 'amber heard johnny depp', 'did amber heard donate to charity', 'depp heard', 'amber heard v johnny depp', 'johnny depp vs amber heard', 'johnny depp', 'amber heard loses', 'depp update', 'AMBER HEARD Is LYING', 'amber heard elon musk', 'depp news', '#justiceforjohnnydepp', 'new']",1,none,,AMBER HEARD Is LYING About Her $7 million DONATION To Charity,"Johnny Depp gave Amber Heard $7 million and she is lying about her donation to charity!!

Amber Heard says the money she got from her settlement with Johnny was donated to charity as agreed but now it looks like she is lying about that too.

Thanks for watching!!

Hit that Subscribe Button for more News & Entertainment.

Any extra support for the channel would be awesome, patreon is below but hey i'm gonna create videos for you no matter what.
https://www.patreon.com/user?u=21166375

Have an awesome day!

Let‚Äôs connect:

Instagram ‚Äì Stevie_j_Reviews

Twitter - https://twitter.com/StevieJReviews

THANKS FOR WATCHING!!
#AmberHeardCharity #AmberHeardLies #JohnnyDepp",en,PT9M21S,2d,hd,false,True,rectangular,processed,public,youtube,True,True,False,5142,406,0,155,https://i.ytimg.com/vi/O6oCxRFNoRY/sddefault.jpg,640.0,480.0,https://i.ytimg.com/vi/O6oCxRFNoRY/maxresdefault.jpg,1280.0,720.0
youtube#video,sCwIClYajpAt7JoSm776G6NuxPg,OjwnnrJpoYA,2021-02-13T19:38:32Z,UCAk03rcNVtLK1_LlgRTOh2w,JOHNNY DEPP v Amber Heard (The Sun) | Amber Heard WITNESS Statement (2 of 7) Full Readthrough,"This video Johnny Depp v Amber Heard is a full readthrough of Amber Heard's  first witness statement from the UK trial.

This is the first of multiple videos to be released every 2-3 days, each covering another witness statement from the Johnny Depp v The Sun trial in the UK.

Big thanks to Les for doing the voice over for each female witness.
Subscribe to Les -  https://www.youtube.com/channel/UCsEaTDlh3kfgl17DnaRFW2g

Join this channel to get access to perks:
https://www.youtube.com/channel/UCAk03rcNVtLK1_LlgRTOh2w/join
Art Of Elysium Donation Page - https://www.pledge.to/the-art-of-elysium

Justice For Johnny Depp T-Shirts (Proceeds Go To Charity):
Design 1 - https://t.co/uYcnDh9eBj?amp=1
Design 2 - https://t.co/hDmQ0wicKE?amp=1
Design 3 - https://t.co/LqMeOIdMJE?amp=1
Design 4 - https://t.co/LKTEqqDxhg?amp=1

Thanks for watching!!

Hit that Subscribe Button for more News & Entertainment.

Website - https://steviejraw.com/ 

Patreon support- https://www.patreon.com/user?u=21166375

Have an awesome day!

Let‚Äôs connect:

Instagram ‚Äì Stevie_j_Raw

Twitter - https://twitter.com/StevieJRaw

Facebook - https://www.facebook.com/steviej.raw.3

Email - contact@steviejraw.com

THANKS FOR WATCHING!!
#JusticeForJohnnyDepp #JohnnyDepp #JohnnyDeppAmberHeard",https://i.ytimg.com/vi/OjwnnrJpoYA/default.jpg,120,90,https://i.ytimg.com/vi/OjwnnrJpoYA/mqdefault.jpg,320,180,https://i.ytimg.com/vi/OjwnnrJpoYA/hqdefault.jpg,480,360,Stevie J Raw,"['stevie j raw', 'JOHNNY DEPP v Amber Heard (The Sun) | Amber Heard WITNESS Statement (2 of 7) Full Readthrough', 'JOHNNY DEPP v Amber Heard (The Sun)', 'Amber Heard WITNESS Statement (2 of 7) Full', 'amber heard v johnny depp', 'johnny depp v amber heard', 'johnny depp v the sun', 'johnny depp v amber heard witness statement', 'johnny depp v the sun NGN', 'johnny depp', 'amber heard', 'amber heard witness statement', 'amber heard full witness statement', 'depp v heard', '#justiceForJohnnyDepp', '#steviejraw', 'depp']",24,none,en,JOHNNY DEPP v Amber Heard (The Sun) | Amber Heard WITNESS Statement (2 of 7) Full Readthrough,"This video Johnny Depp v Amber Heard is a full readthrough of Amber Heard's  first witness statement from the UK trial.

This is the first of multiple videos to be released every 2-3 days, each covering another witness statement from the Johnny Depp v The Sun trial in the UK.

Big thanks to Les for doing the voice over for each female witness.
Subscribe to Les -  https://www.youtube.com/channel/UCsEaTDlh3kfgl17DnaRFW2g

Join this channel to get access to perks:
https://www.youtube.com/channel/UCAk03rcNVtLK1_LlgRTOh2w/join
Art Of Elysium Donation Page - https://www.pledge.to/the-art-of-elysium

Justice For Johnny Depp T-Shirts (Proceeds Go To Charity):
Design 1 - https://t.co/uYcnDh9eBj?amp=1
Design 2 - https://t.co/hDmQ0wicKE?amp=1
Design 3 - https://t.co/LqMeOIdMJE?amp=1
Design 4 - https://t.co/LKTEqqDxhg?amp=1

Thanks for watching!!

Hit that Subscribe Button for more News & Entertainment.

Website - https://steviejraw.com/ 

Patreon support- https://www.patreon.com/user?u=21166375

Have an awesome day!

Let‚Äôs connect:

Instagram ‚Äì Stevie_j_Raw

Twitter - https://twitter.com/StevieJRaw

Facebook - https://www.facebook.com/steviej.raw.3

Email - contact@steviejraw.com

THANKS FOR WATCHING!!
#JusticeForJohnnyDepp #JohnnyDepp #JohnnyDeppAmberHeard",en,PT3M34S,2d,hd,false,True,rectangular,processed,public,youtube,True,True,False,1441,192,0,23,https://i.ytimg.com/vi/OjwnnrJpoYA/sddefault.jpg,640.0,480.0,https://i.ytimg.com/vi/OjwnnrJpoYA/maxresdefault.jpg,1280.0,720.0
youtube#video,xphGj-CYfu-pdifikWrAGTY8g8M,ppaPGIydLFM,2021-08-23T12:15:01Z,UC-lZTlG05ETwyjDS1JQCv3w,JOHNNY DEPP WINS - Depp Triumphs Over Amber Heard‚Äôs $7 million Divorce Settlement | Celebrity Craze,"JOHNNY DEPP WINS - Depp Triumphs Over Amber Heard‚Äôs $7 million Divorce Settlement | Celebrity Craze

There might evidence that Amber Heard never paid your divorce settlement from Johnny Depp to the ACLU like she said she did.

Now it turns out that Elon Musk might have helped Amber Heard pay her donation to the ACLU. That was supposed to be paid with money from the $7 million Amber Heard received from Johnny Depp in divorce settlement. Now the Judge is forcing the ACLU to show proof Amber Heard donated the money. 

This is going to get interesting because if it shows that Amber Heard did not donate the money then its only another large lie that destroys more of Amber Heard's character and would be another step in Johnny Depp getting his life.

With the initial court date being pushed back, Johnny Depp and Amber Heard have been given some more time in order to gather more evidence for their individual cases. For quite some time, the two were firing evidence at each other in order to win in court. 

Ever since the recent release of the footage of the LAPD officers from the penthouse night of Amber Heard and Johnny Depp, things have not been looking all too bright for Amber Heard. Her team has been working tirelessly in order to back up her side, however Johnny Depp seems to have made the attempt to strike back.

Now she is chilling and taking photos on set of the new Aquaman 2 movie. Set to hit theaters in 2022. This is enraging a lot of Johnny Depp supporters.

#AmberHeardJail‚Äã #AmberHeard‚Äã #AmberHeardCourt‚Äã #JusticeForJohnny #JusticeforJohnnyDepp
------------------------------------------------------------------------------------------------------------------------------
Subscribe: https://www.youtube.com/channel/UC-lZTlG05ETwyjDS1JQCv3w/featured?sub_confirmation=1

CHECK OUT OUR OTHER VIDEOS!

Johnny Depp - Amber Heard Drama Playlist: https://youtube.com/playlist?list=PLlEaTEO50CGZeBBelsB9UPo7VTXRu_zcu

David Dobrik Drama Playlist: https://youtube.com/playlist?list=PLlEaTEO50CGZvMGJgSPbWh2dnA6a1d1aX

Justin Bieber Drama: https://youtube.com/playlist?list=PLlEaTEO50CGZTJh_XpqH_BjfmbY4sRJJD

Kardashian Family Drama: https://youtube.com/playlist?list=PLlEaTEO50CGZOHixd1sAisB2wgS5JzLua

This Channel intends to provide the most breaking celeb news, drama and controversies all in one place. Also, information not only about Celebrities from Hollywood Film Industry but also Famous People around the World. We maintain different Playlists which you could come back and watch videos from your desired interest category. 

We also promise to keep our viewers entertained. Thanks for taking your time to checkout the Channel!

Subscribe to never miss a video.",https://i.ytimg.com/vi/ppaPGIydLFM/default.jpg,120,90,https://i.ytimg.com/vi/ppaPGIydLFM/mqdefault.jpg,320,180,https://i.ytimg.com/vi/ppaPGIydLFM/hqdefault.jpg,480,360,Celebrity Craze,"['celebrity craze', 'amber heard interview', 'amber heard', 'johnny depp', 'amber heard johnny depp', 'johnny depp amber heard', 'viral vision', 'celebrity news', 'clevver news', 'this happened', 'informoverload', 'inform overload', 'information overload', 'entertainment news', 'crazed culture', 'that umbrella guy', 'umbrella guy', 'thatumbrellaguy', 'hollywood life', 'JOHNNY DEPP WINS - Depp Triumphs Over Amber Heard‚Äôs $7 million Divorce Settlement', 'justice for johnny depp', 'amber heard johnny depp fight video']",24,none,en-US,JOHNNY DEPP WINS - Depp Triumphs Over Amber Heard‚Äôs $7 million Divorce Settlement | Celebrity Craze,"JOHNNY DEPP WINS - Depp Triumphs Over Amber Heard‚Äôs $7 million Divorce Settlement | Celebrity Craze

There might evidence that Amber Heard never paid your divorce settlement from Johnny Depp to the ACLU like she said she did.

Now it turns out that Elon Musk might have helped Amber Heard pay her donation to the ACLU. That was supposed to be paid with money from the $7 million Amber Heard received from Johnny Depp in divorce settlement. Now the Judge is forcing the ACLU to show proof Amber Heard donated the money. 

This is going to get interesting because if it shows that Amber Heard did not donate the money then its only another large lie that destroys more of Amber Heard's character and would be another step in Johnny Depp getting his life.

With the initial court date being pushed back, Johnny Depp and Amber Heard have been given some more time in order to gather more evidence for their individual cases. For quite some time, the two were firing evidence at each other in order to win in court. 

Ever since the recent release of the footage of the LAPD officers from the penthouse night of Amber Heard and Johnny Depp, things have not been looking all too bright for Amber Heard. Her team has been working tirelessly in order to back up her side, however Johnny Depp seems to have made the attempt to strike back.

Now she is chilling and taking photos on set of the new Aquaman 2 movie. Set to hit theaters in 2022. This is enraging a lot of Johnny Depp supporters.

#AmberHeardJail‚Äã #AmberHeard‚Äã #AmberHeardCourt‚Äã #JusticeForJohnny #JusticeforJohnnyDepp
------------------------------------------------------------------------------------------------------------------------------
Subscribe: https://www.youtube.com/channel/UC-lZTlG05ETwyjDS1JQCv3w/featured?sub_confirmation=1

CHECK OUT OUR OTHER VIDEOS!

Johnny Depp - Amber Heard Drama Playlist: https://youtube.com/playlist?list=PLlEaTEO50CGZeBBelsB9UPo7VTXRu_zcu

David Dobrik Drama Playlist: https://youtube.com/playlist?list=PLlEaTEO50CGZvMGJgSPbWh2dnA6a1d1aX

Justin Bieber Drama: https://youtube.com/playlist?list=PLlEaTEO50CGZTJh_XpqH_BjfmbY4sRJJD

Kardashian Family Drama: https://youtube.com/playlist?list=PLlEaTEO50CGZOHixd1sAisB2wgS5JzLua

This Channel intends to provide the most breaking celeb news, drama and controversies all in one place. Also, information not only about Celebrities from Hollywood Film Industry but also Famous People around the World. We maintain different Playlists which you could come back and watch videos from your desired interest category. 

We also promise to keep our viewers entertained. Thanks for taking your time to checkout the Channel!

Subscribe to never miss a video.",en-US,PT8M4S,2d,hd,false,True,rectangular,processed,public,youtube,True,True,False,3458,89,0,17,,,,,,
youtube#video,AJRxxxmXgDF4f-5BJFtkoT0VZ7g,QCbSxRtxkBQ,2020-12-01T20:15:10Z,UCO6cSNvOaDs-kjALLQLNhQw,Amber Heard To Take Over Pirates Of The Caribbean From Johnny Depp?,"Amber Heard To Take Over Pirates Of The Caribbean From Johnny Depp? Watch this video till the end. 

SUBSCRIBE FOR MORE : http://bit.ly/32rc7vI
_____________________________________________

PIRATES OF THE CARIBBEAN STAR Johnny Depp just lost his appeal against the latest UK court ruling in his ""wife-beatr"" case and now new reports claim that the Jack Sparrow actor's ex-wife Amber Heard is ""in talks"" with Margot Robbie to join Johnny's former franchise herself. We‚Äôll tell you all you need to know about Amber Heard reportedly joining Pirates of the Caribbean franchise. 


Music In This Video : 

Track: Odessa ‚Äî LiQWYD & Scandinavianz
Music provided by Audio Library Plus
Watch: https://youtu.be/jNy-Dp3lgcg",https://i.ytimg.com/vi/QCbSxRtxkBQ/default.jpg,120,90,https://i.ytimg.com/vi/QCbSxRtxkBQ/mqdefault.jpg,320,180,https://i.ytimg.com/vi/QCbSxRtxkBQ/hqdefault.jpg,480,360,Flixet,"['flixet', 'johnny depp', 'amber heard', 'amber heard in pirates of the caribbean', 'pirates of the caribbean', 'johnny depp loses case', 'justice for johnny depp', 'depp', 'johnny depp removed from pirates of the caribbean', 'johnny depp not in pirates of the caribbean', 'johnny depp vs amber heard', 'amber heard aquaman 2', 'marvel', 'comics explained', 'star wars', 'spiderman', 'comic books', 'd23']",24,none,,Amber Heard To Take Over Pirates Of The Caribbean From Johnny Depp?,"Amber Heard To Take Over Pirates Of The Caribbean From Johnny Depp? Watch this video till the end. 

SUBSCRIBE FOR MORE : http://bit.ly/32rc7vI
_____________________________________________

PIRATES OF THE CARIBBEAN STAR Johnny Depp just lost his appeal against the latest UK court ruling in his ""wife-beatr"" case and now new reports claim that the Jack Sparrow actor's ex-wife Amber Heard is ""in talks"" with Margot Robbie to join Johnny's former franchise herself. We‚Äôll tell you all you need to know about Amber Heard reportedly joining Pirates of the Caribbean franchise. 


Music In This Video : 

Track: Odessa ‚Äî LiQWYD & Scandinavianz
Music provided by Audio Library Plus
Watch: https://youtu.be/jNy-Dp3lgcg",,PT3M34S,2d,hd,false,True,rectangular,processed,public,youtube,True,True,False,1492,35,0,59,https://i.ytimg.com/vi/QCbSxRtxkBQ/sddefault.jpg,640.0,480.0,https://i.ytimg.com/vi/QCbSxRtxkBQ/maxresdefault.jpg,1280.0,720.0
youtube#video,wHR6yPhb3IPa_kWeU-wIuyn10dw,qhxj01bqAgM,2021-12-20T21:50:58Z,UCmgo8TUIH1eKK1oVuCXRyGA,Amber Heard Career Over After Aquaman 2 We Should Take Bets How Bad It Will Bomb At The Box Officeüí£,,https://i.ytimg.com/vi/qhxj01bqAgM/default.jpg,120,90,https://i.ytimg.com/vi/qhxj01bqAgM/mqdefault.jpg,320,180,https://i.ytimg.com/vi/qhxj01bqAgM/hqdefault.jpg,480,360,The Amazing Podcast,,24,none,,Amber Heard Career Over After Aquaman 2 We Should Take Bets How Bad It Will Bomb At The Box Officeüí£,,,PT10M10S,2d,hd,false,False,rectangular,processed,public,youtube,True,True,False,131,12,0,4,https://i.ytimg.com/vi/qhxj01bqAgM/sddefault.jpg,640.0,480.0,https://i.ytimg.com/vi/qhxj01bqAgM/maxresdefault.jpg,1280.0,720.0
youtube#video,dI82Hn3BwKJW7_UheIhbtpN1vuQ,rzeJCewwWJg,2021-01-17T04:11:39Z,UC8AGq7bm-x4teGcvQonvnPw,Amber Heard Tries To Take Down DISNEY! | She Has COMPLETELY Lost It Over Johnny Depp!,"Amber Heard tries to take down the LAPD and DISNEY üòÇ Let me know what you think!

üíï Don't Forget to Like & Subscribe! üíï



Backup Channel:
https://www.youtube.com/channel/UCt4dtZ67qO3xWQSImQjRnJA



Become a member today!!
https://www.youtube.com/channel/UC8AGq7bm-x4teGcvQonvnPw/join

If you want to support my Channel, please check out my patreon And subscribe star below:

Patreon:
https://www.patreon.com/user?u=21542407

#JusticeForJohnnyDepp #AmberHeard #JohnnyDepp #Disney",https://i.ytimg.com/vi/rzeJCewwWJg/default.jpg,120,90,https://i.ytimg.com/vi/rzeJCewwWJg/mqdefault.jpg,320,180,https://i.ytimg.com/vi/rzeJCewwWJg/hqdefault.jpg,480,360,Nerdette's NewsStand,"['amber heard disney', 'amber heard lapd', 'Johnny depp win', 'Johnny depp emergency hearing', 'amber heard donations', 'Adam waldman', 'Johnny depp', 'amber heard Johnny depp divorce', 'amber Heard', 'Johnny depp vs amber heard', 'Johnny depp UK trial', 'nerdettes newsstand', 'Johnny depp lawsuit', 'amber heard lawsuit', 'Johnny depp vs the sun', 'Johnny depp abuse', 'amber heard abuse', 'Johnny depp libel', 'Johnny depp fairfax', 'Johnny depp court results', 'amber heard court results', 'Johnny depp appeal']",24,none,,Amber Heard Tries To Take Down DISNEY! | She Has COMPLETELY Lost It Over Johnny Depp!,"Amber Heard tries to take down the LAPD and DISNEY üòÇ Let me know what you think!

üíï Don't Forget to Like & Subscribe! üíï



Backup Channel:
https://www.youtube.com/channel/UCt4dtZ67qO3xWQSImQjRnJA



Become a member today!!
https://www.youtube.com/channel/UC8AGq7bm-x4teGcvQonvnPw/join

If you want to support my Channel, please check out my patreon And subscribe star below:

Patreon:
https://www.patreon.com/user?u=21542407

#JusticeForJohnnyDepp #AmberHeard #JohnnyDepp #Disney",en,PT9M7S,2d,hd,false,True,rectangular,processed,public,youtube,True,True,False,10406,804,0,262,https://i.ytimg.com/vi/rzeJCewwWJg/sddefault.jpg,640.0,480.0,,,
youtube#video,31PjOWXYu8XRdxS9pljvBSFRN7E,S2KqUtDzK3w,2021-08-29T12:15:01Z,UC-lZTlG05ETwyjDS1JQCv3w,JOHNNY DEPP WINS AGAIN - AMBER'S DAD JAILED: Amber Heard Accidentally Leaked It | Celebrity Craze,"JOHNNY DEPP WINS AGAIN - AMBER'S DAD JAILED: Amber Heard Accidentally Leaked It | Celebrity Craze

Johnny Depp may have been receiving threats the father of Amber Heard. I mean, that‚Äôs definitely kind of shady, not going to lie. We even have a video of Amber Heard herself confessing to these rumors.

With the initial court date being pushed back, Johnny Depp and Amber Heard have been given some more time in order to gather more evidence for their individual cases. For quite some time, the two were firing evidence at each other in order to win in court. 

Ever since the recent release of the footage of the LAPD officers from the penthouse night of Amber Heard and Johnny Depp, things have not been looking all too bright for Amber Heard. Her team has been working tirelessly in order to back up her side, however Johnny Depp seems to have made the attempt to strike back.

#AmberHeard‚Äã #JohnnyDepp‚Äã #AmberHeardsFather‚Äã
------------------------------------------------------------------------------------------------------------------------------
Subscribe: https://www.youtube.com/channel/UC-lZTlG05ETwyjDS1JQCv3w/featured?sub_confirmation=1

CHECK OUT OUR OTHER VIDEOS!

Johnny Depp - Amber Heard Drama Playlist: https://youtube.com/playlist?list=PLlEaTEO50CGZeBBelsB9UPo7VTXRu_zcu

David Dobrik Drama Playlist: https://youtube.com/playlist?list=PLlEaTEO50CGZvMGJgSPbWh2dnA6a1d1aX

Justin Bieber Drama: https://youtube.com/playlist?list=PLlEaTEO50CGZTJh_XpqH_BjfmbY4sRJJD

Kardashian Family Drama: https://youtube.com/playlist?list=PLlEaTEO50CGZOHixd1sAisB2wgS5JzLua

This Channel intends to provide the most breaking celeb news, drama and controversies all in one place. Also, information not only about Celebrities from Hollywood Film Industry but also Famous People around the World. We maintain different Playlists which you could come back and watch videos from your desired interest category. 

We also promise to keep our viewers entertained. Thanks for taking your time to checkout the Channel!

Subscribe to never miss a video.",https://i.ytimg.com/vi/S2KqUtDzK3w/default.jpg,120,90,https://i.ytimg.com/vi/S2KqUtDzK3w/mqdefault.jpg,320,180,https://i.ytimg.com/vi/S2KqUtDzK3w/hqdefault.jpg,480,360,Celebrity Craze,"['celebrity craze', 'amber heard interview', 'amber heard', 'johnny depp', 'amber heard johnny depp', 'johnny depp amber heard', 'viral vision', 'celebrity news', 'clevver news', 'informoverload', 'inform overload', 'information overload', 'entertainment news', 'that umbrella guy', 'thatumbrellaguy', 'hollywood life', 'JOHNNY DEPP WINS AGAIN AMBER DAD JAILED Amber Heard Accidentally Leaked It', 'amber heard father', 'amber heard father johnny depp', 'amber heards father on johnny depp', 'amber heard aquaman 2 petition']",24,none,en-US,JOHNNY DEPP WINS AGAIN - AMBER'S DAD JAILED: Amber Heard Accidentally Leaked It | Celebrity Craze,"JOHNNY DEPP WINS AGAIN - AMBER'S DAD JAILED: Amber Heard Accidentally Leaked It | Celebrity Craze

Johnny Depp may have been receiving threats the father of Amber Heard. I mean, that‚Äôs definitely kind of shady, not going to lie. We even have a video of Amber Heard herself confessing to these rumors.

With the initial court date being pushed back, Johnny Depp and Amber Heard have been given some more time in order to gather more evidence for their individual cases. For quite some time, the two were firing evidence at each other in order to win in court. 

Ever since the recent release of the footage of the LAPD officers from the penthouse night of Amber Heard and Johnny Depp, things have not been looking all too bright for Amber Heard. Her team has been working tirelessly in order to back up her side, however Johnny Depp seems to have made the attempt to strike back.

#AmberHeard‚Äã #JohnnyDepp‚Äã #AmberHeardsFather‚Äã
------------------------------------------------------------------------------------------------------------------------------
Subscribe: https://www.youtube.com/channel/UC-lZTlG05ETwyjDS1JQCv3w/featured?sub_confirmation=1

CHECK OUT OUR OTHER VIDEOS!

Johnny Depp - Amber Heard Drama Playlist: https://youtube.com/playlist?list=PLlEaTEO50CGZeBBelsB9UPo7VTXRu_zcu

David Dobrik Drama Playlist: https://youtube.com/playlist?list=PLlEaTEO50CGZvMGJgSPbWh2dnA6a1d1aX

Justin Bieber Drama: https://youtube.com/playlist?list=PLlEaTEO50CGZTJh_XpqH_BjfmbY4sRJJD

Kardashian Family Drama: https://youtube.com/playlist?list=PLlEaTEO50CGZOHixd1sAisB2wgS5JzLua

This Channel intends to provide the most breaking celeb news, drama and controversies all in one place. Also, information not only about Celebrities from Hollywood Film Industry but also Famous People around the World. We maintain different Playlists which you could come back and watch videos from your desired interest category. 

We also promise to keep our viewers entertained. Thanks for taking your time to checkout the Channel!

Subscribe to never miss a video.",en-US,PT8M2S,2d,hd,false,True,rectangular,processed,public,youtube,True,True,False,4427,134,0,23,,,,,,
youtube#video,j1OIeuiX_xWV-2PevAP2HIiNRXs,sdnFVHyRCb0,2017-11-15T17:16:22Z,UCb3m41dZfB0gwQMXf4iNmjA,Little facts you'll love to know about Amber Heard,"Amber Heard sat down with Allure over a glass of wine and gave up some interesting info, from her makeup to her sexual identity. #LocalHeroes",https://i.ytimg.com/vi/sdnFVHyRCb0/default.jpg,120,90,https://i.ytimg.com/vi/sdnFVHyRCb0/mqdefault.jpg,320,180,https://i.ytimg.com/vi/sdnFVHyRCb0/hqdefault.jpg,480,360,Zoomin Local Heroes,"['Actress', 'ALLURE', 'Amber', 'AMBERHEARD', 'Aquaman', 'Chanel', 'FACTS', 'Fitness', 'Gay', 'Heard', 'In', 'Johnny Depp', 'Lesbian', 'Magazine', 'Makeup', 'Rated-G', 'Rated-U', 'Wine', 'Zoom', 'Zoomin']",24,none,,Little facts you'll love to know about Amber Heard,"Amber Heard sat down with Allure over a glass of wine and gave up some interesting info, from her makeup to her sexual identity. #LocalHeroes",,PT1M9S,2d,hd,false,True,rectangular,processed,public,youtube,True,True,False,301,1,0,0,https://i.ytimg.com/vi/sdnFVHyRCb0/sddefault.jpg,640.0,480.0,,,
youtube#video,8n8jUyjvaonunRlVRI9rhHRcSxo,uLWIVH7Ch4I,2017-08-17T05:00:03Z,UCw2adac4mnv5ndftBY17JMA,[Talk Shows]Amber Heard & Jason Sudeikis - Jimmy screams like a little girl,"[Talk Shows]Amber Heard & Jason Sudeikis - Jimmy screams like a little girl.
Since the early days of television, talk show hosts have been among the most popular personalities in the medium to daytime legends like Phil Donahue and Oprah Winfrey to late night talkers like Jon Stewart and Jimmy Kimmel, here is a look at the famous hosts who have talked the talk on TV.
Late Night with Jimmy Fallon ( 2009 - 2011 )
Thanks for watching and dont forget subscribe to channel for more videos:Amber Heard and Jimmy Fallon both do their Gentleman Start your Engines! - and Fallons kind of sounds like a little biatch screaming

Subscribe NOW for More: http://bit.ly/2qCJlVM

2011 February 25th",https://i.ytimg.com/vi/uLWIVH7Ch4I/default.jpg,120,90,https://i.ytimg.com/vi/uLWIVH7Ch4I/mqdefault.jpg,320,180,https://i.ytimg.com/vi/uLWIVH7Ch4I/hqdefault.jpg,480,360,Talk Shows,"['Top Talk Show', 'Talk Shows', 'jimmy kimmel live', 'Jimmy kimmel', 'jimmy fallon', 'craig ferguson', 'david letterman', 'talk show', 'trailer', 'movie', 'movies', 'comedy', 'funny', 'sexy', 'show', 'reaction', 'music', 'song', 'conan obrien', 'female new', 'top late night', 'late show', 'tonight show', 'late night with jimmy fallon', 'impressions', 'late night show', 'late late show', 'hashtags', 'hashtag', 'twitter', 'instagram', 'tweet', 'trending']",24,none,,[Talk Shows]Amber Heard & Jason Sudeikis - Jimmy screams like a little girl,"[Talk Shows]Amber Heard & Jason Sudeikis - Jimmy screams like a little girl.
Since the early days of television, talk show hosts have been among the most popular personalities in the medium to daytime legends like Phil Donahue and Oprah Winfrey to late night talkers like Jon Stewart and Jimmy Kimmel, here is a look at the famous hosts who have talked the talk on TV.
Late Night with Jimmy Fallon ( 2009 - 2011 )
Thanks for watching and dont forget subscribe to channel for more videos:Amber Heard and Jimmy Fallon both do their Gentleman Start your Engines! - and Fallons kind of sounds like a little biatch screaming

Subscribe NOW for More: http://bit.ly/2qCJlVM

2011 February 25th",,PT8M3S,2d,sd,false,False,rectangular,processed,public,youtube,True,True,False,4710,44,0,9,,,,,,
youtube#video,Udxi72xpVMUMojwKrCFt-m8Ey-M,V5fzI4R5v9M,2018-07-10T13:57:25Z,UCGbQJy-531_5vfphay-rChQ,Heating Up! Amber Heard And Vito Schnabel Hold Hands On Wimbledon Date | PeopleTV,"Amber Heard and Vito Schnabel took their relationship to the grass courts.
Subscribe to PeopleTV ‚ñ∫‚ñ∫ http://bit.ly/SubscribePeopleTV

People NOW brings you daily news updates, interviews and more from the world of celebrities. Join Jeremy Parsons and Andrea Boehlke for an exclusive look at some of the juiciest celebrity gossip, drama, love stories and everything you need to know about today‚Äôs who‚Äôs who.

Watch the newest celebrity interviews - From Jennifer Lopez to Jennifer Lawrence, Pop Stars to Movie Stars, Bachelors to Real Housewives, we‚Äôve got it all:
https://www.youtube.com/embed/?list=PLzS8B57pacxwyamvauL4pdzZkN_3j_daW&autoplay=1

Stay on top of all the latest celebrity gossip - Scandals, news, rumors and more:
https://www.youtube.com/embed/?list=PLzS8B57pacxyPxBFbzjY5NqiJmUBvHgTE&autoplay=1

Celebrity love, romance and relationships - Never miss out on who‚Äôs dating who, recent break ups and new hook ups:
https://www.youtube.com/embed/?list=PLzS8B57pacxzBdPhE7vu69ONKbJemr4_l&autoplay=1

Celebrity style, fashion icons, outfit fails and the best dressed - Check out everything from Gigi Hadid‚Äôs legendary outfits to Eva Longoria‚Äôs timeless style:
https://www.youtube.com/embed/?list=PLzS8B57pacxzWKYCRsB6uH7Y7MDdUFdck&autoplay=1

Get all access to A-list events, award shows and parties - Who wore what, which awards were won, and was there any drama:
https://www.youtube.com/embed/?list=PLzS8B57pacxwXU_Gfe2aaqvb2E4CUI5Fg&autoplay=1

No matter if you‚Äôre into Taylor Swift or Justin Bieber, we‚Äôve got some of the best live performances right here:
https://www.youtube.com/embed/?list=PLzS8B57pacxyPM1cEn5JXgA7xTFjlU7LJ&autoplay=1

Keep up with the Kardashians - get the latest on Kim & Kanye, and the rest of the hottest celebrity family around:
https://www.youtube.com/embed/?list=PLzS8B57pacxz-JkjNRg3wCQ71l8xXITMY&autoplay=1

CONNECT WITH
Web: https://peopletv.com/ 
Twitter: https://twitter.com/peopletv
Facebook: https://www.facebook.com/PeopleTVNetwork/
Instagram: https://www.instagram.com/peopletv/
Google+: http://po.st/GooglePeople

ABOUT PEOPLE
PEOPLE is the #1 online news source all things pop culture. Get your fix of the hottest celebrity news, celebrity gossip, celebrity interviews, exclusive stories, red carpet events, style and updates from the world of entertainment, involving your favorite stars. 

Heating Up! Amber Heard And Vito Schnabel Hold Hands On Wimbledon Date | PeopleTV
https://www.youtube.com/user/people",https://i.ytimg.com/vi/V5fzI4R5v9M/default.jpg,120,90,https://i.ytimg.com/vi/V5fzI4R5v9M/mqdefault.jpg,320,180,https://i.ytimg.com/vi/V5fzI4R5v9M/hqdefault.jpg,480,360,People,"['vitoschnabel', 'movies', 'peoplenowupdate', 'wilmbledon', 'dating', 'amberheard', 'amber heard freund', 'vito schnabel', 'amber heard', 'vito schnabel und amber heard', 'movies 2018', 'Amber Heard and Vito Schnabel', 'Wimbledon Date', 'grass courts', 'wimbledon movie', 'wimbledon dates 2018', 'People', 'people magazine', 'news', 'celebrities', 'rumors', 'style', 'magazine', 'time', 'celebrity news', 'celebrity gossip', 'entertainment', 'gossip', 'celebrity', 'famous', 'Hollywood', 'celeb', 'celebrity (media genre)', 'vito schnabel amber', 'wimbledon grass courts']",24,none,,Heating Up! Amber Heard And Vito Schnabel Hold Hands On Wimbledon Date | PeopleTV,"Amber Heard and Vito Schnabel took their relationship to the grass courts.
Subscribe to PeopleTV ‚ñ∫‚ñ∫ http://bit.ly/SubscribePeopleTV

People NOW brings you daily news updates, interviews and more from the world of celebrities. Join Jeremy Parsons and Andrea Boehlke for an exclusive look at some of the juiciest celebrity gossip, drama, love stories and everything you need to know about today‚Äôs who‚Äôs who.

Watch the newest celebrity interviews - From Jennifer Lopez to Jennifer Lawrence, Pop Stars to Movie Stars, Bachelors to Real Housewives, we‚Äôve got it all:
https://www.youtube.com/embed/?list=PLzS8B57pacxwyamvauL4pdzZkN_3j_daW&autoplay=1

Stay on top of all the latest celebrity gossip - Scandals, news, rumors and more:
https://www.youtube.com/embed/?list=PLzS8B57pacxyPxBFbzjY5NqiJmUBvHgTE&autoplay=1

Celebrity love, romance and relationships - Never miss out on who‚Äôs dating who, recent break ups and new hook ups:
https://www.youtube.com/embed/?list=PLzS8B57pacxzBdPhE7vu69ONKbJemr4_l&autoplay=1

Celebrity style, fashion icons, outfit fails and the best dressed - Check out everything from Gigi Hadid‚Äôs legendary outfits to Eva Longoria‚Äôs timeless style:
https://www.youtube.com/embed/?list=PLzS8B57pacxzWKYCRsB6uH7Y7MDdUFdck&autoplay=1

Get all access to A-list events, award shows and parties - Who wore what, which awards were won, and was there any drama:
https://www.youtube.com/embed/?list=PLzS8B57pacxwXU_Gfe2aaqvb2E4CUI5Fg&autoplay=1

No matter if you‚Äôre into Taylor Swift or Justin Bieber, we‚Äôve got some of the best live performances right here:
https://www.youtube.com/embed/?list=PLzS8B57pacxyPM1cEn5JXgA7xTFjlU7LJ&autoplay=1

Keep up with the Kardashians - get the latest on Kim & Kanye, and the rest of the hottest celebrity family around:
https://www.youtube.com/embed/?list=PLzS8B57pacxz-JkjNRg3wCQ71l8xXITMY&autoplay=1

CONNECT WITH
Web: https://peopletv.com/ 
Twitter: https://twitter.com/peopletv
Facebook: https://www.facebook.com/PeopleTVNetwork/
Instagram: https://www.instagram.com/peopletv/
Google+: http://po.st/GooglePeople

ABOUT PEOPLE
PEOPLE is the #1 online news source all things pop culture. Get your fix of the hottest celebrity news, celebrity gossip, celebrity interviews, exclusive stories, red carpet events, style and updates from the world of entertainment, involving your favorite stars. 

Heating Up! Amber Heard And Vito Schnabel Hold Hands On Wimbledon Date | PeopleTV
https://www.youtube.com/user/people",en-US,PT1M11S,2d,hd,false,True,rectangular,processed,public,youtube,True,True,False,5637,4,0,7,https://i.ytimg.com/vi/V5fzI4R5v9M/sddefault.jpg,640.0,480.0,https://i.ytimg.com/vi/V5fzI4R5v9M/maxresdefault.jpg,1280.0,720.0
youtube#video,a27i3QrjN6HUMNYoRteoA6E6yE8,WUkCi4Zq_WI,2016-04-18T13:53:07Z,UCVKAcQQCO8vv87Gk62SutAg,"Entertainment City video: Awkward apology from Depp, Heard over dog smuggling incident","In today's Entertainment City, Johnny Depp and Amber Heard release an apology video after Heard pleads guilty to sneaking her dogs into Australia.",https://i.ytimg.com/vi/WUkCi4Zq_WI/default.jpg,120,90,https://i.ytimg.com/vi/WUkCi4Zq_WI/mqdefault.jpg,320,180,https://i.ytimg.com/vi/WUkCi4Zq_WI/hqdefault.jpg,480,360,CityNews,"['4850302889001', 'region=torontocitynews', 'region=toronto', 'SECTION=Entertainment', 'Section=National', 'region=toronto680news', 'SECTION=News', 'src=citynews', 'citynewsyoutube', 'show=citynews', 'region=national']",25,none,,"Entertainment City video: Awkward apology from Depp, Heard over dog smuggling incident","In today's Entertainment City, Johnny Depp and Amber Heard release an apology video after Heard pleads guilty to sneaking her dogs into Australia.",,PT5M58S,2d,hd,false,True,rectangular,processed,public,youtube,True,True,False,1668,0,0,1,https://i.ytimg.com/vi/WUkCi4Zq_WI/sddefault.jpg,640.0,480.0,https://i.ytimg.com/vi/WUkCi4Zq_WI/maxresdefault.jpg,1280.0,720.0
youtube#video,zZ5SwJOxQjGHj68Uqqex5UrKlTk,wUQVtnzVFAw,2018-05-11T00:28:50Z,UCVngqxYJ9W2yQuFHKJnj0uA,"Amber Heard, Deepika Padukone and more on the red carpet for the Premiere of Plaire, Aimer et Courir","Amber Heard, Deepika Padukone, Aja Naomi King and Thylane Blondeau on the red carpet for the Premiere of Plaire, Aimer et Courir Vite at the Cannes Film Festival 2018.

Thursday 10, May 2018 - Cannes, France
More amazing celebrity videos : https://www.youtube.com/channel/UCVngqxYJ9W2yQuFHKJnj0uA",https://i.ytimg.com/vi/wUQVtnzVFAw/default.jpg,120,90,https://i.ytimg.com/vi/wUQVtnzVFAw/mqdefault.jpg,320,180,https://i.ytimg.com/vi/wUQVtnzVFAw/hqdefault.jpg,480,360,Access Video TV,"['Famous', 'celebrity', 'paparazzi', 'new', 'top', 'brand', 'latest', 'interview', 'scoop', 'direct', 'funny', 'crazy', 'amazing', 'awesome', 'tv', 'movie', 'show', '24/7', 'HD', 'StormShadow', 'amber', 'heard', 'deepika', 'padukone', 'aja', 'naomi', 'king', 'and', 'thylane', 'blondeau', 'on', 'the', 'red', 'carpet', 'for', 'premiere', 'of', 'plaire', 'aimer', 'et', 'courir', 'vite', 'at', 'cannes', 'film', 'festival', '2018.']",22,none,,"Amber Heard, Deepika Padukone and more on the red carpet for the Premiere of Plaire, Aimer et Courir","Amber Heard, Deepika Padukone, Aja Naomi King and Thylane Blondeau on the red carpet for the Premiere of Plaire, Aimer et Courir Vite at the Cannes Film Festival 2018.

Thursday 10, May 2018 - Cannes, France
More amazing celebrity videos : https://www.youtube.com/channel/UCVngqxYJ9W2yQuFHKJnj0uA",,PT3M8S,2d,sd,false,True,rectangular,processed,public,youtube,True,True,False,5752,70,0,13,https://i.ytimg.com/vi/wUQVtnzVFAw/sddefault.jpg,640.0,480.0,,,
youtube#video,UQ6EkaI7sVzyXjkq5HJ15axhrRI,xHq9IBP-C0o,2021-01-29T00:21:44Z,UC8AGq7bm-x4teGcvQonvnPw,HUGE Johnny Depp Win! | Disney Absolutely DEMOLISHES Amber Heard Over Subpoena!,"Disney wants NOTHING to do with Amber Heard over the Johnny Depp libel case! Let me know what you think!

üíï Don't Forget to Like & Subscribe! üíï

‚òÜOther Platforms‚òÜ


‚Ä¢Backup Channel:
https://www.youtube.com/channel/UCt4dtZ67qO3xWQSImQjRnJA


‚òÜSupport The Channel‚òÜ

‚Ä¢Become a member today!!
https://www.youtube.com/channel/UC8AGq7bm-x4teGcvQonvnPw/join

‚Ä¢If you want to support my Channel, please check out my patreon And subscribe star below:

‚Ä¢Patreon:
https://www.patreon.com/user?u=21542407

#JusticeForJohnnyDepp #AmberHeard #JohnnyDepp",https://i.ytimg.com/vi/xHq9IBP-C0o/default.jpg,120,90,https://i.ytimg.com/vi/xHq9IBP-C0o/mqdefault.jpg,320,180,https://i.ytimg.com/vi/xHq9IBP-C0o/hqdefault.jpg,480,360,Nerdette's NewsStand,"['amber heard lapd', 'amber heard disney', 'amber heard', 'amber heard donations', 'Johnny depp', 'amber heard Johnny depp divorce', 'Amber Heard access Hollywood', 'Johnny depp vs amber heard', 'Johnny depp UK trial', 'nerdettes newsstand', 'Johnny depp lawsuit', 'amber heard lawsuit', 'Johnny depp vs the sun', 'Johnny depp abuse', 'amber heard abuse', 'Johnny depp libel', 'Johnny depp fairfax', 'Johnny depp court results', 'amber heard court results', 'Johnny depp quits', 'Johnny depp fired', 'Johnny depp appeal']",24,none,,HUGE Johnny Depp Win! | Disney Absolutely DEMOLISHES Amber Heard Over Subpoena!,"Disney wants NOTHING to do with Amber Heard over the Johnny Depp libel case! Let me know what you think!

üíï Don't Forget to Like & Subscribe! üíï

‚òÜOther Platforms‚òÜ


‚Ä¢Backup Channel:
https://www.youtube.com/channel/UCt4dtZ67qO3xWQSImQjRnJA


‚òÜSupport The Channel‚òÜ

‚Ä¢Become a member today!!
https://www.youtube.com/channel/UC8AGq7bm-x4teGcvQonvnPw/join

‚Ä¢If you want to support my Channel, please check out my patreon And subscribe star below:

‚Ä¢Patreon:
https://www.patreon.com/user?u=21542407

#JusticeForJohnnyDepp #AmberHeard #JohnnyDepp",en,PT10M24S,2d,hd,false,True,rectangular,processed,public,youtube,True,True,False,23033,1469,0,334,https://i.ytimg.com/vi/xHq9IBP-C0o/sddefault.jpg,640.0,480.0,https://i.ytimg.com/vi/xHq9IBP-C0o/maxresdefault.jpg,1280.0,720.0
youtube#video,JbXupDl0Y3PfumxLtt5xXLOG4C8,yyY5weJesb8,2021-12-29T08:14:08Z,UCSeHprDEz_3in9j7loXQJdg,Amberlynn please take the hint: No-one wants to be around you.,"Intro song CUSTOM by @damnvega on instagram 
check out the artist channel: https://www.youtube.com/c/DelphineVega

WAYS TO SUPPORT THE CHANNEL:
SUBSCRIBE
LIKE
COMMENT
MERCH HERE: https://young-dumb-honey-bun.teemill.com/ 
PATREON: https://www.patreon.com/youngdumbhoneybun
Amazon Wishlist: https://www.amazon.co.uk/hz/wishlist/ls/1W7XOKFU216E1?ref_=wl_share
Paypal: paypal.me/sara1698

NAILS:
Makartt 15% off code: X.SARA.L  
Mermaid Couture Poly Gel Kit: https://eu.makartt.com/products/mermaid-couture-nail-extension-gel-and-glitter-starter-kit?ref=x.sara.l 


Makartt EU: https://eu.makartt.com?ref=x.sara.l 
Makartt US: https://makartt.com?ref=x.sara.l 
Makartt CA: https://ca.makartt.com?ref=x.sara.l


Jewelry:
Bracelet I wear: https://bit.ly/39PxSLL
Bracelets Collection: https://bit.ly/2JBNkQN
Yafeini Jewerly Website: https://bit.ly/2LdsSGx
20% off coupon code when order $20+: inf20
Buy one get 2nd 20% off coupon code: BG50
Name Necklace: https://bit.ly/331N0k8 
Classic Name necklace collection: https://bit.ly/35iBPGx",https://i.ytimg.com/vi/yyY5weJesb8/default.jpg,120,90,https://i.ytimg.com/vi/yyY5weJesb8/mqdefault.jpg,320,180,https://i.ytimg.com/vi/yyY5weJesb8/hqdefault.jpg,480,360,Young Dumb Honey Bun,,23,none,,Amberlynn please take the hint: No-one wants to be around you.,"Intro song CUSTOM by @damnvega on instagram 
check out the artist channel: https://www.youtube.com/c/DelphineVega

WAYS TO SUPPORT THE CHANNEL:
SUBSCRIBE
LIKE
COMMENT
MERCH HERE: https://young-dumb-honey-bun.teemill.com/ 
PATREON: https://www.patreon.com/youngdumbhoneybun
Amazon Wishlist: https://www.amazon.co.uk/hz/wishlist/ls/1W7XOKFU216E1?ref_=wl_share
Paypal: paypal.me/sara1698

NAILS:
Makartt 15% off code: X.SARA.L  
Mermaid Couture Poly Gel Kit: https://eu.makartt.com/products/mermaid-couture-nail-extension-gel-and-glitter-starter-kit?ref=x.sara.l 


Makartt EU: https://eu.makartt.com?ref=x.sara.l 
Makartt US: https://makartt.com?ref=x.sara.l 
Makartt CA: https://ca.makartt.com?ref=x.sara.l


Jewelry:
Bracelet I wear: https://bit.ly/39PxSLL
Bracelets Collection: https://bit.ly/2JBNkQN
Yafeini Jewerly Website: https://bit.ly/2LdsSGx
20% off coupon code when order $20+: inf20
Buy one get 2nd 20% off coupon code: BG50
Name Necklace: https://bit.ly/331N0k8 
Classic Name necklace collection: https://bit.ly/35iBPGx",en-GB,PT20M54S,2d,hd,false,True,rectangular,processed,public,youtube,True,True,False,44490,2412,0,325,,,,,,
youtube#video,w751DkDVUye6gyi9HyKUmoI9N1Q,Z57HqY5wfWA,2020-11-20T18:03:45Z,UCr0XW6TU9XVWlWPpEwEyf3g,Is It Over For Johnny Depp?,"Today's video is about johnny depp and his now former wife amber heard. They've been in the news ever since their separation and now a lot of new information is surfacing especially after warner bros removed johnny from their movie. 

#johnnydepp #celebritynews #amberheard",https://i.ytimg.com/vi/Z57HqY5wfWA/default.jpg,120,90,https://i.ytimg.com/vi/Z57HqY5wfWA/mqdefault.jpg,320,180,https://i.ytimg.com/vi/Z57HqY5wfWA/hqdefault.jpg,480,360,JAMARI,"['jamari', 'jamari speaks', 'commentary', 'recap', 'episode', 'funny', 'comedy', 'johnny depp amber heard', 'johnny depp', 'amber heard', 'breakup', 'news', '2020']",24,none,en,Is It Over For Johnny Depp?,"Today's video is about johnny depp and his now former wife amber heard. They've been in the news ever since their separation and now a lot of new information is surfacing especially after warner bros removed johnny from their movie. 

#johnnydepp #celebritynews #amberheard",en,PT6M44S,2d,hd,false,True,rectangular,processed,public,youtube,True,True,False,128490,8988,0,1075,https://i.ytimg.com/vi/Z57HqY5wfWA/sddefault.jpg,640.0,480.0,https://i.ytimg.com/vi/Z57HqY5wfWA/maxresdefault.jpg,1280.0,720.0
