kind,etag,id,snippet.publishedAt,snippet.channelId,snippet.title,snippet.description,snippet.thumbnails.default.url,snippet.thumbnails.default.width,snippet.thumbnails.default.height,snippet.thumbnails.medium.url,snippet.thumbnails.medium.width,snippet.thumbnails.medium.height,snippet.thumbnails.high.url,snippet.thumbnails.high.width,snippet.thumbnails.high.height,snippet.thumbnails.standard.url,snippet.thumbnails.standard.width,snippet.thumbnails.standard.height,snippet.thumbnails.maxres.url,snippet.thumbnails.maxres.width,snippet.thumbnails.maxres.height,snippet.channelTitle,snippet.categoryId,snippet.liveBroadcastContent,snippet.defaultLanguage,snippet.localized.title,snippet.localized.description,snippet.defaultAudioLanguage,contentDetails.duration,contentDetails.dimension,contentDetails.definition,contentDetails.caption,contentDetails.licensedContent,contentDetails.projection,status.uploadStatus,status.privacyStatus,status.license,status.embeddable,status.publicStatsViewable,status.madeForKids,statistics.viewCount,statistics.likeCount,statistics.favoriteCount,statistics.commentCount,snippet.tags,contentDetails.regionRestriction.blocked
youtube#video,K68zdyeCTVXEIV8jSkag5y-hjzQ,-A0mMVgJl0o,2021-06-03T01:53:36Z,UCwYx9x-CZZnB4ekvt_WaTqw,"AQUAMAN-2 | HD trailer | Jason momoa ,amber heard | by nac music trailer",,https://i.ytimg.com/vi/-A0mMVgJl0o/default.jpg,120,90,https://i.ytimg.com/vi/-A0mMVgJl0o/mqdefault.jpg,320,180,https://i.ytimg.com/vi/-A0mMVgJl0o/hqdefault.jpg,480,360,https://i.ytimg.com/vi/-A0mMVgJl0o/sddefault.jpg,640.0,480.0,https://i.ytimg.com/vi/-A0mMVgJl0o/maxresdefault.jpg,1280.0,720.0,nac music trailer,22,none,ml,"AQUAMAN-2 | HD trailer | Jason momoa ,amber heard | by nac music trailer",,ta,PT2M7S,2d,hd,false,False,rectangular,processed,public,youtube,True,True,False,8,0,0,0,,
youtube#video,TTK5nofCdBByThYMv12wpCqCevM,0gLlEXVp9_0,2016-04-19T09:04:01Z,UCjczQ1RTPFNp2q-tlCB9NkQ,Johnny Depp and Amber Heard EXPOSED!! (GONE WRONG/RAPEY),,https://i.ytimg.com/vi/0gLlEXVp9_0/default.jpg,120,90,https://i.ytimg.com/vi/0gLlEXVp9_0/mqdefault.jpg,320,180,https://i.ytimg.com/vi/0gLlEXVp9_0/hqdefault.jpg,480,360,https://i.ytimg.com/vi/0gLlEXVp9_0/sddefault.jpg,640.0,480.0,,,,StrawberrySundaeSmith,22,none,,Johnny Depp and Amber Heard EXPOSED!! (GONE WRONG/RAPEY),,,PT43S,2d,sd,false,False,rectangular,processed,public,youtube,True,True,False,179,0,0,0,"['johnny depp', 'amber heard', 'pistol & boo', 'barnaby joyce', 'biosecurity', 'quarantine', 'customs', 'pistol', 'boo', 'depp', 'heard', 'illegal', 'dogs', 'imports', 'court case', 'australia']",
youtube#video,PaEy_CCABovadIiWrnvh2eW4SEE,2q10ARS999E,2021-12-29T23:23:15Z,UC65ZMMX4JcLuKoLAsGf7D7Q,Amberlynn Reid 500 pounds vs 600 pounds,"Amberlynn Reid 500 pounds vs 600 pounds
#amberlynn 
#amberlynnreid live stream moments 
#amberlynnreidfood cringe 
amberlynn reid cringe 
amberlynn reid food aggression 
alr 
amberlynn reid compilation 
amber reid food 
amberlyn reid 
amberlynn reid live stream 
amberlynn reid live stream highlights 
amberlynn reid reaction 
amberlynn becky 
amber lynn
amberlynn reid diet
amberlynn reid eating food
amberlynn reid mukbang
amberlynn reid shopping 
amberlynn reid torrid 
amber reid cancer
amberlynn reid poetry 
Please consider subscribing to the channel and clicking the notification bell, so you'll stay notified about our videos",https://i.ytimg.com/vi/2q10ARS999E/default.jpg,120,90,https://i.ytimg.com/vi/2q10ARS999E/mqdefault.jpg,320,180,https://i.ytimg.com/vi/2q10ARS999E/hqdefault.jpg,480,360,https://i.ytimg.com/vi/2q10ARS999E/sddefault.jpg,640.0,480.0,https://i.ytimg.com/vi/2q10ARS999E/maxresdefault.jpg,1280.0,720.0,Rondom fxm,22,none,,Amberlynn Reid 500 pounds vs 600 pounds,"Amberlynn Reid 500 pounds vs 600 pounds
#amberlynn 
#amberlynnreid live stream moments 
#amberlynnreidfood cringe 
amberlynn reid cringe 
amberlynn reid food aggression 
alr 
amberlynn reid compilation 
amber reid food 
amberlyn reid 
amberlynn reid live stream 
amberlynn reid live stream highlights 
amberlynn reid reaction 
amberlynn becky 
amber lynn
amberlynn reid diet
amberlynn reid eating food
amberlynn reid mukbang
amberlynn reid shopping 
amberlynn reid torrid 
amber reid cancer
amberlynn reid poetry 
Please consider subscribing to the channel and clicking the notification bell, so you'll stay notified about our videos",,PT31M45S,2d,sd,false,True,rectangular,processed,public,youtube,True,True,False,17040,272,0,207,"['amberlynn reid', 'amberlynn reid food', 'amber reid', 'amberlynn', 'amberlynn reid cringe', 'amberlynn reid food aggression', 'amberlyn reid', 'amberlynn reid mukbang', 'amber reid food', 'amberlynn reid compilation', 'amberlyn', 'amberlynn reid reaction', 'amberlynn reid lying', 'alr', 'rondom fxm', 'amberlynn food aggression', 'amberlynn reid channel', 'nick avocado', 'orange queen', 'amberlyn reed', 'amberlynn cringe', 'amberlynn cooking', 'amberlyn nn', 'karina kaboom', 'amberlynn reid cancer', 'amberlynn reid poetry']",
youtube#video,mF-y5wsLeDMbC90wbpjDZxmR078,3PZljRUGHrI,2021-07-04T17:31:29Z,UCtD-2nsKZg6jyUviLNfGnAg,Did Amber Heard Do Something Wrong? For Alia Tadeo (Amber Heard Playlist!!),https://truthout.org/articles/domestic-violence-survivors-battle-within-the-courts-confronting-retaliatory-litigation/,https://i.ytimg.com/vi/3PZljRUGHrI/default.jpg,120,90,https://i.ytimg.com/vi/3PZljRUGHrI/mqdefault.jpg,320,180,https://i.ytimg.com/vi/3PZljRUGHrI/hqdefault.jpg,480,360,https://i.ytimg.com/vi/3PZljRUGHrI/sddefault.jpg,640.0,480.0,,,,#JohnnyDeppIsRacist,22,none,,Did Amber Heard Do Something Wrong? For Alia Tadeo (Amber Heard Playlist!!),https://truthout.org/articles/domestic-violence-survivors-battle-within-the-courts-confronting-retaliatory-litigation/,,PT15M18S,2d,sd,false,False,rectangular,processed,public,youtube,True,True,False,20,,0,,,
youtube#video,h2lO2JoNj8wI7mFOYrD14xMg7H0,5kIImZ1qnRs,2021-12-08T13:02:11Z,UCeooMl4PFAM9kLPHvavt2KQ,Amber Heard‚Äôs Friend Goes on Instagram RAMPAGE!,"Amber Heard‚Äôs Friend Goes on Instagram RAMPAGE!

Rob‚Äôs channel here: https://youtu.be/lxyF2jASfbk

Check out Channel Membership if you are keen to support the channel!

Go Fund Me for channel quality improvement: 
http://gofundme.com/f/youtube-e-hacker-channel-needs-funds-for-computer

New members get their names in a video linked below! (Needs an update! Sorry!)

https://www.youtube.com/watch?v=TTcSFqh2MloMembers THANK YOU Video!

MY PATREON: https://www.patreon.com/creator-home
MY TWITTER: https://twitter.com/EnterHacker(@EnterHacker)
MAIL ME articles or topics (with source best!): campsmithmedia@gmail.com
DONATE DIRECT to Support : campsmithmedia@gmail.com (PayPal)

https://christhead.bandcamp.com/releases Christ Head Album Here!

Patreon Channels! CHECK THEM OUT!

Adega's Book: https://www.amazon.com/Evolution-Adega/dp/1645305953/ref=sr_1_1?crid=3GE2MYD9LNPMO&keywords=evolution+by+adega&qid=1584844229&sprefix=Evolution+by+%2Caps%2C247&sr=8-1

TitozWorld Channel : https://www.youtube.com/watch?v=2WALmC4JcoA

Teresa Martin : https://www.youtube.com/channel/UCOtslVrAWs_pdhaqqkJ1iyw

Wanna support the channel? Check out some merch in the link below!

https://teespring.com/stores/hacker-good",https://i.ytimg.com/vi/5kIImZ1qnRs/default.jpg,120,90,https://i.ytimg.com/vi/5kIImZ1qnRs/mqdefault.jpg,320,180,https://i.ytimg.com/vi/5kIImZ1qnRs/hqdefault.jpg,480,360,https://i.ytimg.com/vi/5kIImZ1qnRs/sddefault.jpg,640.0,480.0,https://i.ytimg.com/vi/5kIImZ1qnRs/maxresdefault.jpg,1280.0,720.0,eHacker,24,none,,Amber Heard‚Äôs Friend Goes on Instagram RAMPAGE!,"Amber Heard‚Äôs Friend Goes on Instagram RAMPAGE!

Rob‚Äôs channel here: https://youtu.be/lxyF2jASfbk

Check out Channel Membership if you are keen to support the channel!

Go Fund Me for channel quality improvement: 
http://gofundme.com/f/youtube-e-hacker-channel-needs-funds-for-computer

New members get their names in a video linked below! (Needs an update! Sorry!)

https://www.youtube.com/watch?v=TTcSFqh2MloMembers THANK YOU Video!

MY PATREON: https://www.patreon.com/creator-home
MY TWITTER: https://twitter.com/EnterHacker(@EnterHacker)
MAIL ME articles or topics (with source best!): campsmithmedia@gmail.com
DONATE DIRECT to Support : campsmithmedia@gmail.com (PayPal)

https://christhead.bandcamp.com/releases Christ Head Album Here!

Patreon Channels! CHECK THEM OUT!

Adega's Book: https://www.amazon.com/Evolution-Adega/dp/1645305953/ref=sr_1_1?crid=3GE2MYD9LNPMO&keywords=evolution+by+adega&qid=1584844229&sprefix=Evolution+by+%2Caps%2C247&sr=8-1

TitozWorld Channel : https://www.youtube.com/watch?v=2WALmC4JcoA

Teresa Martin : https://www.youtube.com/channel/UCOtslVrAWs_pdhaqqkJ1iyw

Wanna support the channel? Check out some merch in the link below!

https://teespring.com/stores/hacker-good",,PT8M4S,2d,hd,false,True,rectangular,processed,public,youtube,True,True,False,6351,650,0,172,"['Amber heard', 'Amber Heard Instagram', 'Amber heard loreal', 'Celebrity news', 'Celebrity cringe', 'Celebrity fails', 'Defamation', 'Amber Heard Mera', 'Amber heard twitter', 'Amber Heard Aquaman 2', 'Aquaman 2 Mera', 'Amber heard the stand', 'Amber Heard clips', 'Amber heard interview', 'Celebrity queen', 'Amber Heard news']",
youtube#video,ntlcqzkuxah_14zc9209eL8CLl4,7zeaS96bIyE,2021-12-26T13:00:03Z,UCLV3FDgX3yGpgw7OlEmDb7w,Amber D & General Bounce - Christmas Day 2021 Twitch live stream,"#DJAmberD #GeneralBounce #Bounce #Cheekytracks #Donk #HardDance

Follow me on social media - https://linktr.ee/djgeneralbounce

Follow Amber D on Twitch - https://www.twitch.tv/djamber_d

A special Christmas Day bouncefest streamed live on Amber's Twitch channel! Had to cut about 10 minutes which was muted by Twitch but the majority of the set is here intact. Loads of new and upfront bounce stuff on this one. Enjoy!",https://i.ytimg.com/vi/7zeaS96bIyE/default.jpg,120,90,https://i.ytimg.com/vi/7zeaS96bIyE/mqdefault.jpg,320,180,https://i.ytimg.com/vi/7zeaS96bIyE/hqdefault.jpg,480,360,,,,,,,General Bounce,10,none,,Amber D & General Bounce - Christmas Day 2021 Twitch live stream,"#DJAmberD #GeneralBounce #Bounce #Cheekytracks #Donk #HardDance

Follow me on social media - https://linktr.ee/djgeneralbounce

Follow Amber D on Twitch - https://www.twitch.tv/djamber_d

A special Christmas Day bouncefest streamed live on Amber's Twitch channel! Had to cut about 10 minutes which was muted by Twitch but the majority of the set is here intact. Loads of new and upfront bounce stuff on this one. Enjoy!",,PT2H30M47S,2d,hd,false,False,rectangular,processed,public,youtube,True,True,False,232,10,0,10,,
youtube#video,ij0AU2Bk04bZV7T1h4QEFA2YyZk,AgOQpvzlGDw,2021-03-01T03:09:23Z,UCxnQRFoNbzvbYbnnweyn1tA,"JEEPER CREEPERS REBORN ES REINICIO, AMBER HEARD RECHAZADA POR WARNER, JJ ABRAMS CON SUPERMAN NEGRO","En este video informativo especial recopilo las noticias mas imporantes del cine geek internacional como que la franquicia de Jeeper Creepers se reiniciara, como Warner se librara de Heard, asi como el proyecto de Abrams aceptado


Gracias por sus donaciones esto ayuda a hacer los en vivos!, recuerda que puedes Suscribirte como miembro del canal por solo 49 pesos: https://www.youtube.com/channel/UCxnQRFoNbzvbYbnnweyn1tA/join


Apoya al canal compartiendo el video eso ayuda a que pueda continuar con mas contenidos, gracias por visitar el canal!


Gracias por dar like en:  www.facebook.com/criticsight  https://www.twitch.tv/criticsight 


Ya puedes tambien donar mediante PayPal:   paypal.me/criticsight


Ya puedes apoyar tambien mediante Patreon: https://www.patreon.com/criticsight


Puedes Suscribirte como miembro del canal por solo 49 pesos: https://www.youtube.com/channel/UCxnQRFoNbzvbYbnnweyn1tA/join


Sigan al canal tambien en Instagram:  https://www.instagram.com/criticsightoficial/


PIDAN SU TAILS AQUI: VENTASCRITIC@GMAIL.COM",https://i.ytimg.com/vi/AgOQpvzlGDw/default.jpg,120,90,https://i.ytimg.com/vi/AgOQpvzlGDw/mqdefault.jpg,320,180,https://i.ytimg.com/vi/AgOQpvzlGDw/hqdefault.jpg,480,360,https://i.ytimg.com/vi/AgOQpvzlGDw/sddefault.jpg,640.0,480.0,https://i.ytimg.com/vi/AgOQpvzlGDw/maxresdefault.jpg,1280.0,720.0,CriticSight Oficial,24,none,es-419,"JEEPER CREEPERS REBORN ES REINICIO, AMBER HEARD RECHAZADA POR WARNER, JJ ABRAMS CON SUPERMAN NEGRO","En este video informativo especial recopilo las noticias mas imporantes del cine geek internacional como que la franquicia de Jeeper Creepers se reiniciara, como Warner se librara de Heard, asi como el proyecto de Abrams aceptado


Gracias por sus donaciones esto ayuda a hacer los en vivos!, recuerda que puedes Suscribirte como miembro del canal por solo 49 pesos: https://www.youtube.com/channel/UCxnQRFoNbzvbYbnnweyn1tA/join


Apoya al canal compartiendo el video eso ayuda a que pueda continuar con mas contenidos, gracias por visitar el canal!


Gracias por dar like en:  www.facebook.com/criticsight  https://www.twitch.tv/criticsight 


Ya puedes tambien donar mediante PayPal:   paypal.me/criticsight


Ya puedes apoyar tambien mediante Patreon: https://www.patreon.com/criticsight


Puedes Suscribirte como miembro del canal por solo 49 pesos: https://www.youtube.com/channel/UCxnQRFoNbzvbYbnnweyn1tA/join


Sigan al canal tambien en Instagram:  https://www.instagram.com/criticsightoficial/


PIDAN SU TAILS AQUI: VENTASCRITIC@GMAIL.COM",es-419,PT41M31S,2d,hd,false,True,rectangular,processed,public,youtube,True,True,False,36045,2622,0,129,"['noticias', 'informativo', 'informacion', 'oficial', 'noticioso', 'documental', 'docu', 'especiales', 'reportaje', 'chismes', 'chismoson', 'de ultimo momento', 'minuto', 'novedad', 'cine', 'holywood', 'super', 'heroes', 'mcu', 'universo', 'cinematografico', 'marvel', 'dc', 'comics', 'top', 'explicacion', 'historia', 'trama', 'avance', 'remake', 'cosas que tienes que ver', 'te perdiste', 'no notaste', 'conoce mas', 'enterate primero', 'antes', 'que nadie', 'flashpoint', 'the batman', 'justice league', 'snyder cut', 'spiderman 4', 'spiderverse', 'no way home', 'wandavision', 'doctor strange 2', 'aquaman 2']",
youtube#video,0vkMO7RhdqOJkDmqmV3L5uYxgS0,dXuug9m709M,2020-02-04T17:48:48Z,UCB3MUGZZTmXd-3Fdscq4H6A,Amber Heard Did EVERYTHING Wrong #JusticeForJohnnyDepp,"Like ‚ô§ Subscribe ‚ôß Share ‚ô§ Speak

That either annoying or tantalizing voice that is spread all over this video is using all the content wherein under the fair use doctrine in a transformative manner.

Not great at writing up descriptions but I don't want to giveaway views, word is YouTube's algorithm prefers long and drawn out descriptions but in my experience, the little arrow rarely gets hit. On this channel, you are the prize and reward, this will never be a ft thing but I appreciate you coming through and spending a little bit of your time listening to a moron rant and sometimes ramble about a vast variety of topics, ultimately whatever I think is worth giving a gander.

#feminism #HimToo #JusticeForJohnnyDepp

Amber Heard Did EVERYTHING Wrong #JusticeForJohnnyDepp

Misterjae85@gmail.com 

Twitter
https://twitter.com/MrJae16?s=03

Reddit 
https://www.reddit.com/u/JaeTheGent?utm_medium=android_app&utm_source=share",https://i.ytimg.com/vi/dXuug9m709M/default.jpg,120,90,https://i.ytimg.com/vi/dXuug9m709M/mqdefault.jpg,320,180,https://i.ytimg.com/vi/dXuug9m709M/hqdefault.jpg,480,360,https://i.ytimg.com/vi/dXuug9m709M/sddefault.jpg,640.0,480.0,https://i.ytimg.com/vi/dXuug9m709M/maxresdefault.jpg,1280.0,720.0,JaeTheGent,23,none,,Amber Heard Did EVERYTHING Wrong #JusticeForJohnnyDepp,"Like ‚ô§ Subscribe ‚ôß Share ‚ô§ Speak

That either annoying or tantalizing voice that is spread all over this video is using all the content wherein under the fair use doctrine in a transformative manner.

Not great at writing up descriptions but I don't want to giveaway views, word is YouTube's algorithm prefers long and drawn out descriptions but in my experience, the little arrow rarely gets hit. On this channel, you are the prize and reward, this will never be a ft thing but I appreciate you coming through and spending a little bit of your time listening to a moron rant and sometimes ramble about a vast variety of topics, ultimately whatever I think is worth giving a gander.

#feminism #HimToo #JusticeForJohnnyDepp

Amber Heard Did EVERYTHING Wrong #JusticeForJohnnyDepp

Misterjae85@gmail.com 

Twitter
https://twitter.com/MrJae16?s=03

Reddit 
https://www.reddit.com/u/JaeTheGent?utm_medium=android_app&utm_source=share",en,PT16M9S,2d,hd,false,False,rectangular,processed,public,youtube,True,True,False,453,10,0,3,,
youtube#video,Hi5DyjcHLqT0f0fczU3yXI7hoC4,gZs9aN6JIXk,2020-12-09T23:23:33Z,UCloaKSzVG4jZo8IQqunAqXA,Johnny Depp & Amber Heard  Official Court Audio,"Johnny Depp & Amber Heard Official Court Audio 
tell me in the comments what you guys think who do you think is right or wrong. 
follow my social media:
instagram.com/joshuawhm
twitter.com/Joshuamaverick4",https://i.ytimg.com/vi/gZs9aN6JIXk/default.jpg,120,90,https://i.ytimg.com/vi/gZs9aN6JIXk/mqdefault.jpg,320,180,https://i.ytimg.com/vi/gZs9aN6JIXk/hqdefault.jpg,480,360,https://i.ytimg.com/vi/gZs9aN6JIXk/sddefault.jpg,640.0,480.0,https://i.ytimg.com/vi/gZs9aN6JIXk/maxresdefault.jpg,1280.0,720.0,josh reacts,22,none,,Johnny Depp & Amber Heard  Official Court Audio,"Johnny Depp & Amber Heard Official Court Audio 
tell me in the comments what you guys think who do you think is right or wrong. 
follow my social media:
instagram.com/joshuawhm
twitter.com/Joshuamaverick4",,PT48S,2d,hd,false,False,rectangular,processed,public,youtube,True,True,False,47,2,0,0,,
youtube#video,cEBh2gsUco4M84GVbonJ3u5HFKA,hBVpmIifjlU,2021-08-19T16:28:11Z,UClcR7oCuIukYZ8M9tW2reAA,Amber Heard vs Johnny Depp: Part 2 - TRH 117,"The Rabbit Hole 117
Amber Heard vs Johnny Depp: Part 2 

Part 2 of the infamous recorded fight between Amber Heard & Johnny Depp

The Rabbit Hole Opinion:
It appears that things got way out of hand & there doesn't seem to be any real winners. 

What Do You Think? 
Who is right? or are they both wrong? 
Have your say and leave (Your Comments) in the comment section below.

SUPPORT (TRH)
Donate using Paypal:  yttherabbithole@protonmail.com
Donate using Paypal:  https://ko-fi.com/trh0000
Donate using Bitcoin:  39saNf9Eer4iXaxKhFiZUyZkdma4M5HXtY
(TRH) Merchandise:    https://teespring.com/stores/the-rabbit-hole-5

CONTACT (TRH)
Email @: yttherabbithole@protonmail.com
Search #TheRabbitHole OR #TRH

Activate the Bell icon to be notified when new videos are uploaded,
You can also Subscribe for more videos by clicking the link below:
https://www.youtube.com/channel/UClcR7oCuIukYZ8M9tW2reAA?sub_confirmation=1
Thank you for watching.",https://i.ytimg.com/vi/hBVpmIifjlU/default.jpg,120,90,https://i.ytimg.com/vi/hBVpmIifjlU/mqdefault.jpg,320,180,https://i.ytimg.com/vi/hBVpmIifjlU/hqdefault.jpg,480,360,https://i.ytimg.com/vi/hBVpmIifjlU/sddefault.jpg,640.0,480.0,https://i.ytimg.com/vi/hBVpmIifjlU/maxresdefault.jpg,1280.0,720.0,(TRH) The Rabbit Hole,24,none,,Amber Heard vs Johnny Depp: Part 2 - TRH 117,"The Rabbit Hole 117
Amber Heard vs Johnny Depp: Part 2 

Part 2 of the infamous recorded fight between Amber Heard & Johnny Depp

The Rabbit Hole Opinion:
It appears that things got way out of hand & there doesn't seem to be any real winners. 

What Do You Think? 
Who is right? or are they both wrong? 
Have your say and leave (Your Comments) in the comment section below.

SUPPORT (TRH)
Donate using Paypal:  yttherabbithole@protonmail.com
Donate using Paypal:  https://ko-fi.com/trh0000
Donate using Bitcoin:  39saNf9Eer4iXaxKhFiZUyZkdma4M5HXtY
(TRH) Merchandise:    https://teespring.com/stores/the-rabbit-hole-5

CONTACT (TRH)
Email @: yttherabbithole@protonmail.com
Search #TheRabbitHole OR #TRH

Activate the Bell icon to be notified when new videos are uploaded,
You can also Subscribe for more videos by clicking the link below:
https://www.youtube.com/channel/UClcR7oCuIukYZ8M9tW2reAA?sub_confirmation=1
Thank you for watching.",,PT40M21S,2d,hd,false,False,rectangular,processed,public,youtube,True,True,False,6,0,0,1,"['TRH', 'The Rabbit Hole', 'Entertaining', 'Entertainment', 'Celebrities', 'Celeb', 'Celebrity', 'Famous', 'Popular', 'Movie', 'TV', 'Concerning', 'Interesting', 'Confusing', 'Scary', 'Happy', 'Laugh', 'Embarrassing', 'Awkward', 'Cringe', 'Sad', 'Odd', 'Weird', 'Disturbing', 'Unbelievable', 'Worrying', 'Unatural', 'Bizarre', 'Horror', 'Crazy', 'Mad', 'Mind Control', 'Truth', 'Lie', 'Reality', 'Viral', 'Social Media', 'Meme', 'Ticktock', 'Twitter', 'Amber Heard Vs Johnny Depp', 'Amber heard Fight', 'Amber Heard Recording', 'Amber Heard Phone Call', 'Amber Heard Exposed', 'Amber Heard Angry', 'Celebrity Fight']",
youtube#video,YMzM8VkqHWYvGZb0gBJ7KP2WCTc,Hi2iFJm25MI,2022-01-01T01:04:21Z,UCocMdGC-ueBONnh3sInRrlw,Amber Heard - Emma Lied to By Adam & Emma Cries - Paranoia 2013,"Amber Heard - Emma Jennings was lied to by Adam. Emma cries as Adam calls her to say he knows right from wrong. With Liam Hemsworth in Paranoia Movie 2013.

#AmberHeard #LiamHemsworth #Movie #Paranoia #Crying #Cries #Actress #Actor",https://i.ytimg.com/vi/Hi2iFJm25MI/default.jpg,120,90,https://i.ytimg.com/vi/Hi2iFJm25MI/mqdefault.jpg,320,180,https://i.ytimg.com/vi/Hi2iFJm25MI/hqdefault.jpg,480,360,https://i.ytimg.com/vi/Hi2iFJm25MI/sddefault.jpg,640.0,480.0,https://i.ytimg.com/vi/Hi2iFJm25MI/maxresdefault.jpg,1280.0,720.0,Amber Heard,24,none,,Amber Heard - Emma Lied to By Adam & Emma Cries - Paranoia 2013,"Amber Heard - Emma Jennings was lied to by Adam. Emma cries as Adam calls her to say he knows right from wrong. With Liam Hemsworth in Paranoia Movie 2013.

#AmberHeard #LiamHemsworth #Movie #Paranoia #Crying #Cries #Actress #Actor",,PT1M50S,2d,hd,false,False,rectangular,processed,public,youtube,True,True,False,37,3,0,0,"['Amber Heard', 'Amber Heard Liam Hemsworth', 'Liam Hemsworth', 'Harrison Ford', 'Movie']",
youtube#video,Y1ZTJRNn0w_Q6MrCo79BiZ96aNA,jGwLsNbnTnY,2021-08-07T04:35:35Z,UCotz4oQAnhVe2eZYRc9UVyw,Another accuser tells her story. Amber Heard and the $7mil. What in the hockey sticks is going on!,"Women say they want to help other women. Civil suits w/o police reports. Does that help other women.
DeShaun Watson and Yasiel Puig accused of assault or wrong doing. 
Johnny Depp and his lawyers want to know what happened to donating the $7 million.",https://i.ytimg.com/vi/jGwLsNbnTnY/default.jpg,120,90,https://i.ytimg.com/vi/jGwLsNbnTnY/mqdefault.jpg,320,180,https://i.ytimg.com/vi/jGwLsNbnTnY/hqdefault.jpg,480,360,https://i.ytimg.com/vi/jGwLsNbnTnY/sddefault.jpg,640.0,480.0,https://i.ytimg.com/vi/jGwLsNbnTnY/maxresdefault.jpg,1280.0,720.0,StandUpBcounted2,22,none,,Another accuser tells her story. Amber Heard and the $7mil. What in the hockey sticks is going on!,"Women say they want to help other women. Civil suits w/o police reports. Does that help other women.
DeShaun Watson and Yasiel Puig accused of assault or wrong doing. 
Johnny Depp and his lawyers want to know what happened to donating the $7 million.",,PT58M34S,2d,hd,false,False,rectangular,processed,public,youtube,True,True,False,51,12,0,2,,
youtube#video,PV4KUc5-K-0YFd-HB0e7XN8uZT4,jipHQZQDwgM,2021-12-29T19:00:28Z,UCRht6brEw1f977jwQj1xQ4g,She CAN'T SAY this WORD properly! üòÖ - with Luke and Amber,"Full Happy Hour Live with Luke & Amber: https://youtu.be/yuHoXjR_Ju0

Get exclusive content, early access to videos and more by joining me on Patreon: https://patreon.com/paultaylor

Come see me live: https://paultaylorcomedy.com/tickets

https://www.facebook.com/ptcomedy
http://instagram.com/ptcomedy
https://twitter.com/ptcomedy",https://i.ytimg.com/vi/jipHQZQDwgM/default.jpg,120,90,https://i.ytimg.com/vi/jipHQZQDwgM/mqdefault.jpg,320,180,https://i.ytimg.com/vi/jipHQZQDwgM/hqdefault.jpg,480,360,,,,,,,Paul Taylor's Happy Hour Live,23,none,en-GB,She CAN'T SAY this WORD properly! üòÖ - with Luke and Amber,"Full Happy Hour Live with Luke & Amber: https://youtu.be/yuHoXjR_Ju0

Get exclusive content, early access to videos and more by joining me on Patreon: https://patreon.com/paultaylor

Come see me live: https://paultaylorcomedy.com/tickets

https://www.facebook.com/ptcomedy
http://instagram.com/ptcomedy
https://twitter.com/ptcomedy",en-GB,PT4M17S,2d,hd,true,True,rectangular,processed,public,youtube,True,True,False,1698,99,0,4,"['Paul Taylor Happy Hour', 'paul taylor', 'luke thompson', 'amber minogue', 'voice over', 'voice over artist', 'open', 'speaking english', 'mispronounciation', 'happy hour live']",
youtube#video,LXDQPaCZ8U5-w6AhD1OiBrWdij0,mA68vWBucuM,2021-08-19T16:29:08Z,UClcR7oCuIukYZ8M9tW2reAA,Amber Heard vs Johnny Depp: Part 3 - TRH 118,"The Rabbit Hole 118
Amber Heard vs Johnny Depp: Part 3

Part 3 of the infamous recorded fight between Amber Heard & Johnny Depp

The Rabbit Hole Opinion:
It appears that things got way out of hand & there doesn't seem to be any real winners. 

What Do You Think? 
Who is right? or are they both wrong? 
Have your say and leave (Your Comments) in the comment section below.

SUPPORT (TRH)
Donate using Paypal:  yttherabbithole@protonmail.com
Donate using Paypal:  https://ko-fi.com/trh0000
Donate using Bitcoin:  39saNf9Eer4iXaxKhFiZUyZkdma4M5HXtY
(TRH) Merchandise:    https://teespring.com/stores/the-rabbit-hole-5

CONTACT (TRH)
Email @: yttherabbithole@protonmail.com
Search #TheRabbitHole OR #TRH

Activate the Bell icon to be notified when new videos are uploaded,
You can also Subscribe for more videos by clicking the link below:
https://www.youtube.com/channel/UClcR7oCuIukYZ8M9tW2reAA?sub_confirmation=1
Thank you for watching.",https://i.ytimg.com/vi/mA68vWBucuM/default.jpg,120,90,https://i.ytimg.com/vi/mA68vWBucuM/mqdefault.jpg,320,180,https://i.ytimg.com/vi/mA68vWBucuM/hqdefault.jpg,480,360,https://i.ytimg.com/vi/mA68vWBucuM/sddefault.jpg,640.0,480.0,https://i.ytimg.com/vi/mA68vWBucuM/maxresdefault.jpg,1280.0,720.0,(TRH) The Rabbit Hole,24,none,,Amber Heard vs Johnny Depp: Part 3 - TRH 118,"The Rabbit Hole 118
Amber Heard vs Johnny Depp: Part 3

Part 3 of the infamous recorded fight between Amber Heard & Johnny Depp

The Rabbit Hole Opinion:
It appears that things got way out of hand & there doesn't seem to be any real winners. 

What Do You Think? 
Who is right? or are they both wrong? 
Have your say and leave (Your Comments) in the comment section below.

SUPPORT (TRH)
Donate using Paypal:  yttherabbithole@protonmail.com
Donate using Paypal:  https://ko-fi.com/trh0000
Donate using Bitcoin:  39saNf9Eer4iXaxKhFiZUyZkdma4M5HXtY
(TRH) Merchandise:    https://teespring.com/stores/the-rabbit-hole-5

CONTACT (TRH)
Email @: yttherabbithole@protonmail.com
Search #TheRabbitHole OR #TRH

Activate the Bell icon to be notified when new videos are uploaded,
You can also Subscribe for more videos by clicking the link below:
https://www.youtube.com/channel/UClcR7oCuIukYZ8M9tW2reAA?sub_confirmation=1
Thank you for watching.",,PT45M47S,2d,hd,false,False,rectangular,processed,public,youtube,True,True,False,9,0,0,1,"['TRH', 'The Rabbit Hole', 'Entertaining', 'Entertainment', 'Celebrities', 'Celeb', 'Celebrity', 'Famous', 'Popular', 'Movie', 'TV', 'Concerning', 'Interesting', 'Confusing', 'Scary', 'Happy', 'Laugh', 'Embarrassing', 'Awkward', 'Cringe', 'Sad', 'Odd', 'Weird', 'Disturbing', 'Unbelievable', 'Worrying', 'Unatural', 'Bizarre', 'Horror', 'Crazy', 'Mad', 'Mind Control', 'Truth', 'Lie', 'Reality', 'Viral', 'Social Media', 'Meme', 'Ticktock', 'Twitter', 'Amber Heard Vs Johnny Depp', 'Amber heard Fight', 'Amber Heard Recording', 'Amber Heard Phone Call', 'Amber Heard Exposed', 'Amber Heard Angry', 'Celebrity Fight']",
youtube#video,A2F4NOKY2eEkYZz9lYYkbmzHKMs,Mt_YcDSW99M,2021-04-06T05:11:30Z,UCWK70YzgyWBkcOkfkwib2uA,Amber Heard Is Not Wrong,,https://i.ytimg.com/vi/Mt_YcDSW99M/default.jpg,120,90,https://i.ytimg.com/vi/Mt_YcDSW99M/mqdefault.jpg,320,180,https://i.ytimg.com/vi/Mt_YcDSW99M/hqdefault.jpg,480,360,https://i.ytimg.com/vi/Mt_YcDSW99M/sddefault.jpg,640.0,480.0,,,,Christiam disciple,24,none,,Amber Heard Is Not Wrong,,,PT26M55S,2d,hd,false,False,rectangular,processed,public,youtube,True,True,False,37,4,0,0,,
youtube#video,HxUJY5Aaraz7RfN_AOTyz-NnV0k,N3HhMthGaK0,2014-02-15T19:05:30Z,UCe6cgM9B62GYxGSWmB-m0lg,Johnny Depp & Amber Heard,"Great looking couple to me..I see nothing wrong with the age as long as treat each other with respect!! enjoy life while it last because you never know when your times up. true love knows no age as long as its legal of couse..lol
http://www.huffingtonpost.com/2014/02/13/johnny-depp-amber-heard-pda_n_4780446.html",https://i.ytimg.com/vi/N3HhMthGaK0/default.jpg,120,90,https://i.ytimg.com/vi/N3HhMthGaK0/mqdefault.jpg,320,180,https://i.ytimg.com/vi/N3HhMthGaK0/hqdefault.jpg,480,360,https://i.ytimg.com/vi/N3HhMthGaK0/sddefault.jpg,640.0,480.0,,,,UGotMalk,22,none,,Johnny Depp & Amber Heard,"Great looking couple to me..I see nothing wrong with the age as long as treat each other with respect!! enjoy life while it last because you never know when your times up. true love knows no age as long as its legal of couse..lol
http://www.huffingtonpost.com/2014/02/13/johnny-depp-amber-heard-pda_n_4780446.html",,PT2M57S,2d,sd,false,False,rectangular,processed,public,youtube,True,True,False,79,3,0,0,"['Johnny Depp', 'Amber Heard']",
youtube#video,BENW30UMBrcxxB8mRFBIOLNFsUY,OJaih_pDG04,2020-10-31T05:11:26Z,UC2vv6WYnXNA_0fx9l2_rnzA,AMBER N. WILEY: On Standards and Integrity// 10.26.2020,"Amber N. Wiley, Ph.D. (UVA alumna, MArH), is an assistant professor of art history at Rutgers University specializing in architecture, urbanism, and African American cultural studies. Her research interests are centered on the social aspects of design and how it affects urban communities - architecture as a literal and figural structure of power. She focuses on the ways local and national bodies have made the claim for the dominating narrative and collective memory of cities and examines how preservation and public history contribute to the creation and maintenance of the identity and ‚Äúsense of place‚Äù of a city. Wiley was named a 2016 Emerging Scholar by Diverse: Issues in Higher Education magazine, was awarded the inaugural H. Allen Brooks Travelling Fellowship from the Society of Architectural Historians and is an active leader in preservation policy. Her publications cover African American cultural heritage, urbanism in New Orleans, school design, urban renewal, and preservation.",https://i.ytimg.com/vi/OJaih_pDG04/default.jpg,120,90,https://i.ytimg.com/vi/OJaih_pDG04/mqdefault.jpg,320,180,https://i.ytimg.com/vi/OJaih_pDG04/hqdefault.jpg,480,360,https://i.ytimg.com/vi/OJaih_pDG04/sddefault.jpg,640.0,480.0,https://i.ytimg.com/vi/OJaih_pDG04/maxresdefault.jpg,1280.0,720.0,UVA School of Architecture,27,none,,AMBER N. WILEY: On Standards and Integrity// 10.26.2020,"Amber N. Wiley, Ph.D. (UVA alumna, MArH), is an assistant professor of art history at Rutgers University specializing in architecture, urbanism, and African American cultural studies. Her research interests are centered on the social aspects of design and how it affects urban communities - architecture as a literal and figural structure of power. She focuses on the ways local and national bodies have made the claim for the dominating narrative and collective memory of cities and examines how preservation and public history contribute to the creation and maintenance of the identity and ‚Äúsense of place‚Äù of a city. Wiley was named a 2016 Emerging Scholar by Diverse: Issues in Higher Education magazine, was awarded the inaugural H. Allen Brooks Travelling Fellowship from the Society of Architectural Historians and is an active leader in preservation policy. Her publications cover African American cultural heritage, urbanism in New Orleans, school design, urban renewal, and preservation.",en,PT1H26M42S,2d,hd,false,False,rectangular,processed,public,youtube,True,True,False,199,3,0,0,,
youtube#video,Do33PXjM6XXc4vZ8FrZ6Q1TGTnc,osqEgP3xsW0,2020-07-20T09:03:06Z,UCo6j2eRfbwM4Pkmr1pOLHaw,What Went Wrong Between Amber Heard & Johnny Depp?,Amber Heard and Johnny Depp's marriage lasted for 14 months and Amber made countless accusations against Johnny but the reality was totally different...,https://i.ytimg.com/vi/osqEgP3xsW0/default.jpg,120,90,https://i.ytimg.com/vi/osqEgP3xsW0/mqdefault.jpg,320,180,https://i.ytimg.com/vi/osqEgP3xsW0/hqdefault.jpg,480,360,https://i.ytimg.com/vi/osqEgP3xsW0/sddefault.jpg,640.0,480.0,,,,Sarcasm,24,none,,What Went Wrong Between Amber Heard & Johnny Depp?,Amber Heard and Johnny Depp's marriage lasted for 14 months and Amber made countless accusations against Johnny but the reality was totally different...,,PT4M22S,2d,hd,false,False,rectangular,processed,public,youtube,True,True,False,104,0,0,0,"['Amber Heard', 'Johnny Depp', 'Romantic', 'Hollywood', 'Gossip']",
youtube#video,Dic1g3jZ96tv20YRtjeiq6euTPs,OwPMkK1E1vM,2020-05-14T13:44:47Z,UCP4BdwPKyYnfRLjSNfGAPRA,Amber Athey Explains What's WRONG With NYT's Pulitzer Winning 1619 Project,"Subscribe to our channel! https://goo.gl/pyGqbu

Watch the full podcast: https://youtu.be/OUXs9JcrjSA

Become a Daily Caller PATRIOT: https://dailycaller.com/subscribe/

Subscribe to our podcast on Itunes https://urlzs.com/1wpfr

and Soundcloud https://urlzs.com/nS4Zy

Or visit our website: https://www.dailycaller.com

Check out our twitter: https://goo.gl/fnYe4v

And Facebook: https://goo.gl/W5junb

Or follow Instagram: https://goo.gl/mhVr1Y

And don‚Äôt forget to subscribe! https://goo.gl/pyGqbu",https://i.ytimg.com/vi/OwPMkK1E1vM/default.jpg,120,90,https://i.ytimg.com/vi/OwPMkK1E1vM/mqdefault.jpg,320,180,https://i.ytimg.com/vi/OwPMkK1E1vM/hqdefault.jpg,480,360,https://i.ytimg.com/vi/OwPMkK1E1vM/sddefault.jpg,640.0,480.0,https://i.ytimg.com/vi/OwPMkK1E1vM/maxresdefault.jpg,1280.0,720.0,Daily Caller,25,none,en,Amber Athey Explains What's WRONG With NYT's Pulitzer Winning 1619 Project,"Subscribe to our channel! https://goo.gl/pyGqbu

Watch the full podcast: https://youtu.be/OUXs9JcrjSA

Become a Daily Caller PATRIOT: https://dailycaller.com/subscribe/

Subscribe to our podcast on Itunes https://urlzs.com/1wpfr

and Soundcloud https://urlzs.com/nS4Zy

Or visit our website: https://www.dailycaller.com

Check out our twitter: https://goo.gl/fnYe4v

And Facebook: https://goo.gl/W5junb

Or follow Instagram: https://goo.gl/mhVr1Y

And don‚Äôt forget to subscribe! https://goo.gl/pyGqbu",en,PT4M35S,2d,hd,false,True,rectangular,processed,public,youtube,True,False,False,4067,292,0,29,"['daily caller', 'daily caller video', 'NYT', '1619 project', '1619 project debunked', '1619 project criticism', '1619 project pulitzer', '1619 project pulitzer prizer', 'pultizer prize', 'pultizer prize 2020', 'nikole hannah jones', 'amber athey', 'podcast', 'unfit to print', 'news', 'current events', 'the daily caller', 'pultizer prize winners', 'nyt 1619 project', 'donald trump', 'trump', 'republicans', 'democrats', 'daily caller reporters', '1619 project commercial']",
youtube#video,fjsCOSpzZKt1FFho6umIBA01JKk,PVVfZP9QfrY,2011-03-30T16:28:08Z,UCMEl5AWOTjHhWj-rIRj-2Ww,John Carpenter's The Ward - Clip: What's wrong with that girl? (italian),"Italian clip from John Carpenter's The Ward

Starring: Amber Heard, Mamie Gummer, Danielle Panabaker, Laura-Leigh and Lyndsy Fonseca",https://i.ytimg.com/vi/PVVfZP9QfrY/default.jpg,120,90,https://i.ytimg.com/vi/PVVfZP9QfrY/mqdefault.jpg,320,180,https://i.ytimg.com/vi/PVVfZP9QfrY/hqdefault.jpg,480,360,,,,,,,DPanabakerOrg,1,none,,John Carpenter's The Ward - Clip: What's wrong with that girl? (italian),"Italian clip from John Carpenter's The Ward

Starring: Amber Heard, Mamie Gummer, Danielle Panabaker, Laura-Leigh and Lyndsy Fonseca",,PT56S,2d,sd,false,False,rectangular,processed,public,youtube,True,True,False,5557,17,0,2,"['John Carpenter', 'The Ward', 'Amber Heard', 'Mamie Gummer', 'Danielle Panabaker', 'Laura-Leigh', 'Lyndsy Fonseca']","['AT', 'CH', 'DE']"
youtube#video,ggHISYt0cpMpZ_7wjuXH4zIETrU,SG7eBQXFNTo,2019-07-23T02:57:48Z,UCl3h3dwjvhYF8VLxFiU4hdQ,"What's wrong with anecdotal evidence   Amber O'Hearn   July 21, 2019",,https://i.ytimg.com/vi/SG7eBQXFNTo/default.jpg,120,90,https://i.ytimg.com/vi/SG7eBQXFNTo/mqdefault.jpg,320,180,https://i.ytimg.com/vi/SG7eBQXFNTo/hqdefault.jpg,480,360,https://i.ytimg.com/vi/SG7eBQXFNTo/sddefault.jpg,640.0,480.0,https://i.ytimg.com/vi/SG7eBQXFNTo/maxresdefault.jpg,1280.0,720.0,davidstanleyweed,27,none,,"What's wrong with anecdotal evidence   Amber O'Hearn   July 21, 2019",,en-US,PT27M27S,2d,hd,false,False,rectangular,processed,public,youtube,True,True,False,758,25,0,5,,
youtube#video,7pqrjq8xIbHd58jEr1ySocpeewQ,TnKnjpDrIh4,2021-12-29T16:06:35Z,UC4N_YN5XKlLEblaqc34JhhA,Becky Claps Back Stops Talking To Amberlynn Reid! Receipts!,"amberlynn reid has been saying that she is great friends with Eric and Ricky as well as being best friends with her ex Becky. amber has also let us know she still spends time with Becky, however Becky has publicly stated that she has stopped talking to Amber. If only someone got a kermit.

some clips by the queen of the internet Foodie Beauty
https://www.youtube.com/channel/UCAmRK4tVUQMhLSE8KHUa4uA


#amberlynnreid",https://i.ytimg.com/vi/TnKnjpDrIh4/default.jpg,120,90,https://i.ytimg.com/vi/TnKnjpDrIh4/mqdefault.jpg,320,180,https://i.ytimg.com/vi/TnKnjpDrIh4/hqdefault.jpg,480,360,https://i.ytimg.com/vi/TnKnjpDrIh4/sddefault.jpg,640.0,480.0,,,,Karina Kaboom,1,none,,Becky Claps Back Stops Talking To Amberlynn Reid! Receipts!,"amberlynn reid has been saying that she is great friends with Eric and Ricky as well as being best friends with her ex Becky. amber has also let us know she still spends time with Becky, however Becky has publicly stated that she has stopped talking to Amber. If only someone got a kermit.

some clips by the queen of the internet Foodie Beauty
https://www.youtube.com/channel/UCAmRK4tVUQMhLSE8KHUa4uA


#amberlynnreid",en,PT21M53S,2d,hd,false,True,rectangular,processed,public,youtube,True,True,False,58161,2471,0,658,"['karina kaboom', 'amberlynn reid', 'amberlynn reid becky', 'amberlynn reid wifey', 'amber reid', 'amberlynn reid livestream', 'amberlynn reid food', 'becky amberlynn reid']",
youtube#video,wRmGaM2jYMjZ_IGoqETv6TATzfU,udIgbf_Ocfc,2020-07-16T20:06:10Z,UCAk03rcNVtLK1_LlgRTOh2w,WINONA RYDER Says Amber Heard Is WRONG About Johnny Depp,"Winona Ryder has been confirmed to say that Amber Heard is wrong about Johnny Depp.
This is another win for Johnny Depp in his libel case against the sun and his former wife Amber Heard who has accused Johnny Depp of some very serious crimes.
Johnny Depp's ex-partner Winona Ryder has said it is ""impossible to believe"" allegations from his former wife Amber Heard that he was violent.

I WANT YOU!! Hit that Subscribe Button for more News & Movie Reviews: http://www.youtube.com/c/StevieJMovieReviews sub_confirmation=1

Share this video with a friend: https://youtu.be/udIgbf_Ocfc

Watch next ‚Äì ACTION PLAYLIST: https://www.youtube.com/watch?v=V67lRefAj34&list=PLjlZhWKK8GVQEMiQ967zF3QhtPVSnHgTz

Recommended Playlist ‚Äì COMPILATIONS PLAYLIST : https://www.youtube.com/watch?v=1_6J04dtQwg&list=PLjlZhWKK8GVSTUEsa__41iQhEHb0Nsqmn

Let‚Äôs connect:

Instagram ‚Äì Stevie_j_Reviews

Twitter - https://twitter.com/StevieJReviews

THANKS FOR WATCHING!!
#AmberHeard #JusticeForJohnnyDepp #WinonaRyder",https://i.ytimg.com/vi/udIgbf_Ocfc/default.jpg,120,90,https://i.ytimg.com/vi/udIgbf_Ocfc/mqdefault.jpg,320,180,https://i.ytimg.com/vi/udIgbf_Ocfc/hqdefault.jpg,480,360,https://i.ytimg.com/vi/udIgbf_Ocfc/sddefault.jpg,640.0,480.0,https://i.ytimg.com/vi/udIgbf_Ocfc/maxresdefault.jpg,1280.0,720.0,Stevie J Raw,1,none,,WINONA RYDER Says Amber Heard Is WRONG About Johnny Depp,"Winona Ryder has been confirmed to say that Amber Heard is wrong about Johnny Depp.
This is another win for Johnny Depp in his libel case against the sun and his former wife Amber Heard who has accused Johnny Depp of some very serious crimes.
Johnny Depp's ex-partner Winona Ryder has said it is ""impossible to believe"" allegations from his former wife Amber Heard that he was violent.

I WANT YOU!! Hit that Subscribe Button for more News & Movie Reviews: http://www.youtube.com/c/StevieJMovieReviews sub_confirmation=1

Share this video with a friend: https://youtu.be/udIgbf_Ocfc

Watch next ‚Äì ACTION PLAYLIST: https://www.youtube.com/watch?v=V67lRefAj34&list=PLjlZhWKK8GVQEMiQ967zF3QhtPVSnHgTz

Recommended Playlist ‚Äì COMPILATIONS PLAYLIST : https://www.youtube.com/watch?v=1_6J04dtQwg&list=PLjlZhWKK8GVSTUEsa__41iQhEHb0Nsqmn

Let‚Äôs connect:

Instagram ‚Äì Stevie_j_Reviews

Twitter - https://twitter.com/StevieJReviews

THANKS FOR WATCHING!!
#AmberHeard #JusticeForJohnnyDepp #WinonaRyder",en,PT10M6S,2d,hd,false,True,rectangular,processed,public,youtube,True,True,False,1438,100,0,21,"['stevie j reviews', 'WINONA RYDER Says Amber Heard Is WRONG About Johnny Depp', 'amber heard', 'amber heard johnny depp', 'amber heard interviews', 'johnny depp amber heard', 'amber heard audio', 'amber heard johnny depp audio', 'johnny depp', 'libel', 'the sun', 'johnny depp divorce', 'amber heard accuses johnny depp', 'amber heard vs johnny depp', 'news', 'yellowflash 2', 'johnny depp abuse', 'aquaman', 'entertainment', 'winona ryder', 'winona ryder johnny depp', 'amber heard deposition', 'elon musk amber heard']",
youtube#video,5gTPU4zZXPfiUp6_eHn0pThq7wI,UvUtZhUpO0w,2020-08-14T19:40:28Z,UCeooMl4PFAM9kLPHvavt2KQ,Amber Heard Secretly Records Johnny Depp but it BACKFIRES! Reaction! (New homemade footage),"Amber Heard Secretly Records Johnny Depp but it BACKFIRES! Reaction! (New homemade footage)
Check out Incredibly Average here: https://www.youtube.com/channel/UCg0C-N_MPYYOXyF4T3jMxNQ",https://i.ytimg.com/vi/UvUtZhUpO0w/default.jpg,120,90,https://i.ytimg.com/vi/UvUtZhUpO0w/mqdefault.jpg,320,180,https://i.ytimg.com/vi/UvUtZhUpO0w/hqdefault.jpg,480,360,https://i.ytimg.com/vi/UvUtZhUpO0w/sddefault.jpg,640.0,480.0,,,,eHacker,24,none,,Amber Heard Secretly Records Johnny Depp but it BACKFIRES! Reaction! (New homemade footage),"Amber Heard Secretly Records Johnny Depp but it BACKFIRES! Reaction! (New homemade footage)
Check out Incredibly Average here: https://www.youtube.com/channel/UCg0C-N_MPYYOXyF4T3jMxNQ",,PT7M12S,2d,sd,false,False,rectangular,processed,public,youtube,True,True,False,4067,543,0,269,"['amber heard', 'johnny depp vs amber heard', 'amber heard fired', 'amber heard vs megan fox', 'amber heard aquaman 2', 'amber heard abuses johnny depp', 'amber heard and johnny depp', 'amber heard johnny depp', 'johnny depp', 'justice for johnny depp', 'johnny depp amber heard', 'amber heard instagram', 'amber heard sjw', 'amber heard vs johnny depp video']",
youtube#video,XpA3hWedH1xKKJ1sqghnUUAzHhQ,vPNNP8LM6tU,2021-12-31T18:31:09Z,UCWWcMprKZvrbee2O6ezLPbw,Amberlynn's 2021 full Review,,https://i.ytimg.com/vi/vPNNP8LM6tU/default.jpg,120,90,https://i.ytimg.com/vi/vPNNP8LM6tU/mqdefault.jpg,320,180,https://i.ytimg.com/vi/vPNNP8LM6tU/hqdefault.jpg,480,360,,,,,,,Orange Queen,24,none,,Amberlynn's 2021 full Review,,en-US,PT21M2S,2d,hd,false,True,rectangular,processed,public,youtube,True,True,False,45605,1672,0,380,"['amberlynn reid', 'ALR', 'amberlynn videos', 'amberlynn lying', 'Amberlynn and becky', 'amberlynn eating', 'amberlynn reid eating', 'alr reaction', 'amberlynn best moments', 'amberlynn 2019', 'embarrassing amberlynn', 'amberlynn 2020', 'orange queen', 'amberlynn new', 'amberlynn drama', 'alr scandal', 'orange queen amberlynn', 'amberlynn weight', 'alr mukbang', 'alr and destiny', 'amber reid', 'amber reid eating', 'amber reid vlog', 'amber reid 2020', 'amber reid mukbang', 'amber reid orange queen', 'amber reid weight']",
youtube#video,eYiRRfCeXGZsoCwuS_JWKkp_irE,W8JzvucFIR8,2020-05-04T08:46:22Z,UC4q8XP_c6LUwv_eK3wv1s_Q,"Amber heard bloody fake nose with red nail polish before the wedding, says Johnny Depp's friend","Amber heard bloody fake nose with red nail polish before the wedding, says Johnny Depp's friend 
#Amber #heard #bloody #fake #nose #with #red #nail #polish #before #the #wedding #says #Johnny #Depps #friend",https://i.ytimg.com/vi/W8JzvucFIR8/default.jpg,120,90,https://i.ytimg.com/vi/W8JzvucFIR8/mqdefault.jpg,320,180,https://i.ytimg.com/vi/W8JzvucFIR8/hqdefault.jpg,480,360,https://i.ytimg.com/vi/W8JzvucFIR8/sddefault.jpg,640.0,480.0,https://i.ytimg.com/vi/W8JzvucFIR8/maxresdefault.jpg,1280.0,720.0,„Ç®„É≥„Çø„É°„Éã„É•„Éº„Çπ,25,none,es,"Amber heard bloody fake nose with red nail polish before the wedding, says Johnny Depp's friend","Amber heard bloody fake nose with red nail polish before the wedding, says Johnny Depp's friend 
#Amber #heard #bloody #fake #nose #with #red #nail #polish #before #the #wedding #says #Johnny #Depps #friend",,PT4M46S,2d,hd,false,False,rectangular,processed,public,youtube,True,True,False,36,0,0,0,"['Amber', 'heard', 'bloody', 'fake', 'nose', 'with', 'red', 'nail', 'polish', 'before', 'the', 'wedding', 'says', 'Johnny', 'Depps', 'friend', 'Amber heard', 'heard bloody', 'bloody fake', 'Amber heard bloody fake nose']",
youtube#video,RARB_IXFS4WDFy3loSiYBnBXjl8,WWlvWpNjGmI,2020-02-27T15:04:08Z,UCaqWE7d5A3A-YRXHOy4-C0w,La mamma di Johnny Depp odiava Amber Heard,"Johnny Depp's friends and family had begged him not to marry Amber Heard: 'His mom thought she was a golddigger': https://tenacemente.com/2020/02/27/la-mamma-johnny-depp-odiava-amber-heard/

La madre di Johnny Depp odiava Amber Heard, la riteneva una ‚Äúpersona orribile interessata solo ai suoi soldi‚Äù:

 https://tenacemente.com/2020/02/27/la-mamma-johnny-depp-odiava-amber-heard/

#lamamma #JohnnyDepp #AmberHeard #people #news #notizia #gossip #smile #cinema #film #hollywood #attori #actor #actress #actors #stars #celebrity #star #movie",https://i.ytimg.com/vi/WWlvWpNjGmI/default.jpg,120,90,https://i.ytimg.com/vi/WWlvWpNjGmI/mqdefault.jpg,320,180,https://i.ytimg.com/vi/WWlvWpNjGmI/hqdefault.jpg,480,360,https://i.ytimg.com/vi/WWlvWpNjGmI/sddefault.jpg,640.0,480.0,https://i.ytimg.com/vi/WWlvWpNjGmI/maxresdefault.jpg,1280.0,720.0,Tenacemente - GOSSIP - CINEMA - STAR,24,none,,La mamma di Johnny Depp odiava Amber Heard,"Johnny Depp's friends and family had begged him not to marry Amber Heard: 'His mom thought she was a golddigger': https://tenacemente.com/2020/02/27/la-mamma-johnny-depp-odiava-amber-heard/

La madre di Johnny Depp odiava Amber Heard, la riteneva una ‚Äúpersona orribile interessata solo ai suoi soldi‚Äù:

 https://tenacemente.com/2020/02/27/la-mamma-johnny-depp-odiava-amber-heard/

#lamamma #JohnnyDepp #AmberHeard #people #news #notizia #gossip #smile #cinema #film #hollywood #attori #actor #actress #actors #stars #celebrity #star #movie",it,PT14S,2d,hd,false,False,rectangular,processed,public,youtube,True,True,False,10,0,0,0,"['Johnny Depp', 'Amber Heard', 'La mamma']",
youtube#video,KGH6b_BGp3md-y30ZrZHfRlgFtA,wYnAK0ML6pI,2021-09-25T09:00:20Z,UC0NI5mPkm7JaLXVUdNXy_XQ,Amber Heard Breaks Silence - ‚ÄúI Planted The Whole Story‚Äù,"üñ§Amber Heard Breaks Silence - ‚ÄúI Planted The Whole Story‚Äù
The situation becomes even worse after knowing the aftermath of the same on the lives of the infamous former couple. Because of their divorce, many people felt that Amber is a liar and she is doing all this for her career and money. She was even called a gold-digger by a court‚Äôs judgment which is pretty self-explanatory.

If you enjoyed the video, make sure to leave a like and tell us what you thought in the comments!

On HereLuxLife we are all about the latest tea spill on your favorite celebrities! We are keeping you updated on the hottest news from all of your favorite celebrities! Hollywood news and celeb gossip are amongst the other topics often discussed here on the channel! 

Here are some of our videos that you might also like:
Amber Heard REACTION To Hollywood Officially Cancelling Her! https://www.youtube.com/watch?v=mrKm6WQeIlY
Johnny Depp Is BROKE After Amber Heard Controversy! https://www.youtube.com/watch?v=XsU3nOMjHb4
David Dobrik Lawyers Suing h3h3 For Brand Damage! https://www.youtube.com/watch?v=RQH-AMeJ1rg

Thanks for watching! Consider subscribing if you want more similar content in the future: https://www.youtube.com/channel/UC0NI5mPkm7JaLXVUdNXy_XQ?sub_confirmation=1

#AmberHeard #BreaksSilence #FakeStory #HereLuxLife",https://i.ytimg.com/vi/wYnAK0ML6pI/default.jpg,120,90,https://i.ytimg.com/vi/wYnAK0ML6pI/mqdefault.jpg,320,180,https://i.ytimg.com/vi/wYnAK0ML6pI/hqdefault.jpg,480,360,https://i.ytimg.com/vi/wYnAK0ML6pI/sddefault.jpg,640.0,480.0,https://i.ytimg.com/vi/wYnAK0ML6pI/maxresdefault.jpg,1280.0,720.0,HERELUXLIFE,24,none,en,Amber Heard Breaks Silence - ‚ÄúI Planted The Whole Story‚Äù,"üñ§Amber Heard Breaks Silence - ‚ÄúI Planted The Whole Story‚Äù
The situation becomes even worse after knowing the aftermath of the same on the lives of the infamous former couple. Because of their divorce, many people felt that Amber is a liar and she is doing all this for her career and money. She was even called a gold-digger by a court‚Äôs judgment which is pretty self-explanatory.

If you enjoyed the video, make sure to leave a like and tell us what you thought in the comments!

On HereLuxLife we are all about the latest tea spill on your favorite celebrities! We are keeping you updated on the hottest news from all of your favorite celebrities! Hollywood news and celeb gossip are amongst the other topics often discussed here on the channel! 

Here are some of our videos that you might also like:
Amber Heard REACTION To Hollywood Officially Cancelling Her! https://www.youtube.com/watch?v=mrKm6WQeIlY
Johnny Depp Is BROKE After Amber Heard Controversy! https://www.youtube.com/watch?v=XsU3nOMjHb4
David Dobrik Lawyers Suing h3h3 For Brand Damage! https://www.youtube.com/watch?v=RQH-AMeJ1rg

Thanks for watching! Consider subscribing if you want more similar content in the future: https://www.youtube.com/channel/UC0NI5mPkm7JaLXVUdNXy_XQ?sub_confirmation=1

#AmberHeard #BreaksSilence #FakeStory #HereLuxLife",en,PT8M7S,2d,hd,false,False,rectangular,processed,public,youtube,True,True,False,14,0,0,1,"['hereluxlife', 'spill', 'celebrity news', 'hollywood news', 'celebrity gossip news', 'celeb news', 'amber heard breaks silence - ‚Äúi planted the whole story‚Äù', 'entertainment tonight', 'clevver news', 'this happened', 'the ellen show', 'amber heard breaks silence', 'amber heard aquaman', 'joe rogan johnny depp', 'johnny depp and amber heard fight', 'depp', 'amber heard interviews', 'amber heard channel', 'johnny depp amber heard fight', 'johnny depp interview', 'amber heard and johnny depp', 'amber heard y johnny depp']",
youtube#video,NfBQEYYKqEG9Rf58aEru6-MUC3k,x4Pe7NYRc2A,2020-04-15T15:04:08Z,UCeooMl4PFAM9kLPHvavt2KQ,Amber Heard Defender's #imwithAmber Arguments DESTROYED!,"Amber Heard Defender's #I'mwithAmber Arguments DESTROYED!

My Patreon! Starting at $1.00! https://www.patreon.com/user?u=11797644

MY TWITTER: @EnterHacker
MAIL ME: campsmithmedia@gmail.com

https://christhead.bandcamp.com/releases Chirst Head Album Here!

Patreon Channels! CHECK THEM OUT!

Adega Outlaw Channel : https://www.youtube.com/channel/UC5U65v5_MmwUuM8tWHzYtqQ

Adega's Book: https://www.amazon.com/Evolution-Adega/dp/1645305953/ref=sr_1_1?crid=3GE2MYD9LNPMO&keywords=evolution+by+adega&qid=1584844229&sprefix=Evolution+by+%2Caps%2C247&sr=8-1

TitozWorld Channel : https://www.youtube.com/watch?v=2WALmC4JcoA

Teresa Martin : https://www.youtube.com/channel/UCOtslVrAWs_pdhaqqkJ1iyw

TEE SPRING! I have merch. Prices are standard TeeSpring for now.

https://teespring.com/stores/hacker-goods (Amber Turd GOODS!)",https://i.ytimg.com/vi/x4Pe7NYRc2A/default.jpg,120,90,https://i.ytimg.com/vi/x4Pe7NYRc2A/mqdefault.jpg,320,180,https://i.ytimg.com/vi/x4Pe7NYRc2A/hqdefault.jpg,480,360,https://i.ytimg.com/vi/x4Pe7NYRc2A/sddefault.jpg,640.0,480.0,https://i.ytimg.com/vi/x4Pe7NYRc2A/maxresdefault.jpg,1280.0,720.0,eHacker,24,none,,Amber Heard Defender's #imwithAmber Arguments DESTROYED!,"Amber Heard Defender's #I'mwithAmber Arguments DESTROYED!

My Patreon! Starting at $1.00! https://www.patreon.com/user?u=11797644

MY TWITTER: @EnterHacker
MAIL ME: campsmithmedia@gmail.com

https://christhead.bandcamp.com/releases Chirst Head Album Here!

Patreon Channels! CHECK THEM OUT!

Adega Outlaw Channel : https://www.youtube.com/channel/UC5U65v5_MmwUuM8tWHzYtqQ

Adega's Book: https://www.amazon.com/Evolution-Adega/dp/1645305953/ref=sr_1_1?crid=3GE2MYD9LNPMO&keywords=evolution+by+adega&qid=1584844229&sprefix=Evolution+by+%2Caps%2C247&sr=8-1

TitozWorld Channel : https://www.youtube.com/watch?v=2WALmC4JcoA

Teresa Martin : https://www.youtube.com/channel/UCOtslVrAWs_pdhaqqkJ1iyw

TEE SPRING! I have merch. Prices are standard TeeSpring for now.

https://teespring.com/stores/hacker-goods (Amber Turd GOODS!)",en-US,PT8M30S,2d,sd,false,True,rectangular,processed,public,youtube,True,True,False,6621,319,0,157,"['amber heard', 'amber heard audio', 'amber heard vs johnny depp', 'amber heard vs megan fox', '#imwithAmber', '#justiceforjohnnydepp', '#justiceforjohnnydepp news', 'amber heard sjw', 'amber heard abused johnny depp', 'johnny depp', 'amber heard aquaman 2', 'amber heard aquaman', 'amber heard and johnny depp', 'johnny depp secrets']",
youtube#video,O2jnBnmxy0dlCF21FX2vl2PyaZg,Y1_kIid5sGQ,2021-05-02T08:04:21Z,UCAk03rcNVtLK1_LlgRTOh2w,JOHNNY DEPP's Property Manager KEVIN MURPHY Says Amber Heard THREATENED Him!,"FULL 2nd Statement. JOHNNY DEPP's Property Manager KEVIN MURPHY Says Amber Heard Threatened him so that he would lie about Amber Heard and the dogs incident.

This is confirmed by multiple people close to the couple and has been verified by many who support Johnny Depp against these ridiculous allegations made by Amber Heard.

Join this channel to get access to perks:
https://www.youtube.com/channel/UCAk03rcNVtLK1_LlgRTOh2w/join

TubeBuddy - https://www.tubebuddy.com/StevieJReviews 

Art Of Elysium Donation Page - https://www.pledge.to/the-art-of-elysium

Justice For Johnny Depp T-Shirts (Proceeds Go To Charity):
Design 1 - https://t.co/uYcnDh9eBj?amp=1
Design 2 - https://t.co/hDmQ0wicKE?amp=1
Design 3 - https://t.co/LqMeOIdMJE?amp=1
Design 4 - https://t.co/LKTEqqDxhg?amp=1

Thanks for watching!!

Hit that Subscribe Button for more News & Entertainment.

Website - https://steviejraw.com/ 

Patreon support- https://www.patreon.com/user?u=21166375

Have an awesome day!

Let‚Äôs connect:

Instagram ‚Äì Stevie_j_Raw

Twitter - https://twitter.com/StevieJRaw

Facebook - https://www.facebook.com/steviej.raw.3

Email - contact@steviejraw.com

THANKS FOR WATCHING!!
#JusticeForJohnnyDepp #JohnnyDepp #AmberFBI",https://i.ytimg.com/vi/Y1_kIid5sGQ/default.jpg,120,90,https://i.ytimg.com/vi/Y1_kIid5sGQ/mqdefault.jpg,320,180,https://i.ytimg.com/vi/Y1_kIid5sGQ/hqdefault.jpg,480,360,https://i.ytimg.com/vi/Y1_kIid5sGQ/sddefault.jpg,640.0,480.0,https://i.ytimg.com/vi/Y1_kIid5sGQ/maxresdefault.jpg,1280.0,720.0,Stevie J Raw,24,none,,JOHNNY DEPP's Property Manager KEVIN MURPHY Says Amber Heard THREATENED Him!,"FULL 2nd Statement. JOHNNY DEPP's Property Manager KEVIN MURPHY Says Amber Heard Threatened him so that he would lie about Amber Heard and the dogs incident.

This is confirmed by multiple people close to the couple and has been verified by many who support Johnny Depp against these ridiculous allegations made by Amber Heard.

Join this channel to get access to perks:
https://www.youtube.com/channel/UCAk03rcNVtLK1_LlgRTOh2w/join

TubeBuddy - https://www.tubebuddy.com/StevieJReviews 

Art Of Elysium Donation Page - https://www.pledge.to/the-art-of-elysium

Justice For Johnny Depp T-Shirts (Proceeds Go To Charity):
Design 1 - https://t.co/uYcnDh9eBj?amp=1
Design 2 - https://t.co/hDmQ0wicKE?amp=1
Design 3 - https://t.co/LqMeOIdMJE?amp=1
Design 4 - https://t.co/LKTEqqDxhg?amp=1

Thanks for watching!!

Hit that Subscribe Button for more News & Entertainment.

Website - https://steviejraw.com/ 

Patreon support- https://www.patreon.com/user?u=21166375

Have an awesome day!

Let‚Äôs connect:

Instagram ‚Äì Stevie_j_Raw

Twitter - https://twitter.com/StevieJRaw

Facebook - https://www.facebook.com/steviej.raw.3

Email - contact@steviejraw.com

THANKS FOR WATCHING!!
#JusticeForJohnnyDepp #JohnnyDepp #AmberFBI",en,PT21M41S,2d,hd,false,True,rectangular,processed,public,youtube,True,True,False,5165,502,0,110,"['stevie j raw', ""JOHNNY DEPP's Property Manager KEVIN MURPHY"", 'johnny depp', 'amber heard', 'johnny depp kevin murphy', 'amber heard kevin murphy', '#JusticeForJohnnyDepp', 'AmberHeardIsALiar', 'johnny depp amber heard', 'kevin murphy', 'stevie j raw johnny depp', 'johnny depp twitter', 'statement of kevin murphy', ""JOHNNY DEPP's Property Manager KEVIN MURPHY Says Amber Heard THREATENED Him!"", 'KEVIN MURPHY Says Amber Heard THREATENED Him!', 'amber heard dogs', 'Manager KEVIN MURPHY Says Amber Heard THREATENED']",
youtube#video,xNRiSBijFxEBVXkN2BKtk9pAK2E,ZGlEhsaEeNI,2020-12-16T07:23:40Z,UCxdNV6w_xZRfgxNSi7wDzig,Amber heard (because that‚Äôs what most of my subs are here for),,https://i.ytimg.com/vi/ZGlEhsaEeNI/default.jpg,120,90,https://i.ytimg.com/vi/ZGlEhsaEeNI/mqdefault.jpg,320,180,https://i.ytimg.com/vi/ZGlEhsaEeNI/hqdefault.jpg,480,360,https://i.ytimg.com/vi/ZGlEhsaEeNI/sddefault.jpg,640.0,480.0,https://i.ytimg.com/vi/ZGlEhsaEeNI/maxresdefault.jpg,1280.0,720.0,Lamp Post,23,none,,Amber heard (because that‚Äôs what most of my subs are here for),,,PT8S,2d,hd,false,False,rectangular,processed,public,youtube,True,True,False,23,3,0,0,,
youtube#video,0gxqrhbnj5e2fQY2T0cpcqXSmlE,Zy1HPk3kf4Y,2021-08-12T17:46:21Z,UC5pPhqH3jalYKdCtmLEw2LA,Nicole Kidman's Reaction gone horribly wrong with Amber Heard Because of This!!,"Nicole Kidman was shock to heard she has work with Amber Heard!! Why all these things happen to Amber Heard!! Find out more by watching the whole video for a surprise ending.

TopThrowBackFilms is the Youtube Channel where we make the past, present and future throwback films for everything. Top films on your favorite channel such as top 10 of Celebrities, Life Lessons, Movies, Videos, Clips, Anime, Cartoons, Music, Bar Ranking Graphs, Trends, Sports, Entertainment, interesting facts and more!


Subscribe, Like, Share and Comment.
üëá
http://bit.ly/2OiPJlM

 #Nicole Kidman' #Reaction  #AmberHeard


Copyright Disclaimer 
Under Section 107 of the Copyright Act 1976, the allowance is made for ""fair use"" for purposes such as news reporting, teaching, scholarship, and research. Fair use is a use permitted by copyright statute that might otherwise be infringing. Non-profit, educational or personal use tips the balance in favor of fair use.

For business inquiries, any questions or any concerns:
Check the about section for the business contact information.",https://i.ytimg.com/vi/Zy1HPk3kf4Y/default.jpg,120,90,https://i.ytimg.com/vi/Zy1HPk3kf4Y/mqdefault.jpg,320,180,https://i.ytimg.com/vi/Zy1HPk3kf4Y/hqdefault.jpg,480,360,https://i.ytimg.com/vi/Zy1HPk3kf4Y/sddefault.jpg,640.0,480.0,https://i.ytimg.com/vi/Zy1HPk3kf4Y/maxresdefault.jpg,1280.0,720.0,Top ThrowBack Films,24,none,,Nicole Kidman's Reaction gone horribly wrong with Amber Heard Because of This!!,"Nicole Kidman was shock to heard she has work with Amber Heard!! Why all these things happen to Amber Heard!! Find out more by watching the whole video for a surprise ending.

TopThrowBackFilms is the Youtube Channel where we make the past, present and future throwback films for everything. Top films on your favorite channel such as top 10 of Celebrities, Life Lessons, Movies, Videos, Clips, Anime, Cartoons, Music, Bar Ranking Graphs, Trends, Sports, Entertainment, interesting facts and more!


Subscribe, Like, Share and Comment.
üëá
http://bit.ly/2OiPJlM

 #Nicole Kidman' #Reaction  #AmberHeard


Copyright Disclaimer 
Under Section 107 of the Copyright Act 1976, the allowance is made for ""fair use"" for purposes such as news reporting, teaching, scholarship, and research. Fair use is a use permitted by copyright statute that might otherwise be infringing. Non-profit, educational or personal use tips the balance in favor of fair use.

For business inquiries, any questions or any concerns:
Check the about section for the business contact information.",,PT5M46S,2d,hd,false,True,rectangular,processed,public,youtube,True,True,False,46,5,0,1,"['Reaction', ""Nicole Kidman's"", 'AmberHeard', 'Addison Rae', 'Drama', 'Celebrities', 'Reactions', 'RJE', 'Aquaman', 'DC']",
youtube#video,3C4V_sWqUIz5_Fw_ahfAYLD9BTM,zz-bUYz2Bh4,2021-01-12T10:36:11Z,UCB7hIUdLDK2DSz1RIQ4byJA,What Went Wrong Between Amber Heard & Johnny Depp,What Went Wrong Between Amber Heard & Johnny Depp,https://i.ytimg.com/vi/zz-bUYz2Bh4/default.jpg,120,90,https://i.ytimg.com/vi/zz-bUYz2Bh4/mqdefault.jpg,320,180,https://i.ytimg.com/vi/zz-bUYz2Bh4/hqdefault.jpg,480,360,https://i.ytimg.com/vi/zz-bUYz2Bh4/sddefault.jpg,640.0,480.0,https://i.ytimg.com/vi/zz-bUYz2Bh4/maxresdefault.jpg,1280.0,720.0,All-in-one,22,none,,What Went Wrong Between Amber Heard & Johnny Depp,What Went Wrong Between Amber Heard & Johnny Depp,en,PT4M22S,2d,hd,false,False,rectangular,processed,public,youtube,True,True,False,18,0,0,0,"['Entertainment web show', 'entertainment', 'web', 'show', 'Entertainment', 'What Went Wrong Between Amber Heard & Johnny Depp']",
